0	চেঙ্গিস খান কোন বংশের রাজা ছিলেন ?
1	অপারেশন জ্যাকপটের কর্নেল কে ছিলেন ?
2	কত সালে সর্বভারতীয় তৃণমূল কংগ্রেসের প্রতিষ্ঠা হয় ?
5	মোহনদাস করমচাঁদ গান্ধী বা মহাত্মা গান্ধীর জন্ম ভারতবর্ষের কোথায় হয় ?
6	রামকৃষ্ণ পরমহংসের জন্ম কবে হয় ?
8	ভারতীয় লেখক আর. কে. নারায়ণ কবে জন্মগ্রহণ করেন ?
9	অর্থনীতির জনক কাকে বলা হয় ?
10	গায়িকা ভেনিসা অ্যানা হাডজেন্সের দ্বিতীয় অ্যালবামটির নাম কী ?
11	দ্য লাঞ্চবক্স চলচ্চিত্রটির নির্মাতা কে ?
12	বাংলাদেশের অষ্টম রাষ্ট্রপতি জিয়াউর রহমানের বাবার নাম কী ?
13	পানীয় জলে আর্সেনিক থাকলে তা মানব দেহে কী ক্ষতি করে ?
14	কলকাতার জাতীয় গ্রন্থাগারটির সর্বপ্রথম মালিক কে ছিলেন ?
15	আচেহ সালতানাতের প্রথম সুলতান কে ছিলেন ?
16	বাইজেন্টাইন সাম্রাজ্যের পতন কবে ঘটে ?
17	কেনিয়ার রাজধানী কোনটি ?
18	আয়তনের দিক থেকে বাংলাদেশ বিশ্বের কততম দেশ ?
19	জেরুসালেম শহরটি কত সালে ইউনেস্কোর বিশ্ব ঐতিহ্যবাহী স্থান হিসেবে তালিকাভুক্ত হয়েছিল ?
20	আলেকজান্ডার গ্রাহাম বেল কোন দেশের নাগরিক ছিলেন ?
22	মুর্শিদাবাদ জেলা কয়টি মহকুমা নিয়ে গঠিত ?
24	অতিনবতারা কে প্রথম পর্যবেক্ষণ করেন ?
25	ব্লেড কোন ধাতু দ্বারা তৈরি হয় ?
26	গুপ্ত সাম্রাজ্যের প্রতিষ্ঠা কবে হয় ?
27	ডিএনএ-এর মধ্যে কি জিন থাকে ?
28	শক্তি চট্টোপাধ্যায়ের লেখা প্রথম উপন্যাসের নাম কী ?
29	বিশ্বের প্রথম চলচ্চিত্রটি কোন দেশে নির্মিত হয় ?
30	বাঙালি রাজনীতবিদ শামসুল হক কবে জন্মগ্রহণ করেন ?
31	মেসোপটেমিয়া সভ্যতাটি কোন নদীর তীরে গড়ে উঠেছিল ?
32	সাইমন ড্রিং কোন দেশের নাগরিক ছিলেন ?
33	কুসংস্কার শব্দটির উৎস কোন শব্দ থেকে ?
34	শ্যামবাজারে মেট্রো রেলের চলাচল প্রথম কোন সালে চালু হয় ?
35	নরেন্দ্র দামোদরদাস মোদী গুজরাটের কততম মুখ্যমন্ত্রী হিসেবে নির্বাচিত হয়েছিলেন ?
37	রবীন্দ্রনাথ ঠাকুর প্রথম কোন স্কুলে পড়াশোনা শুরু করেন ?
38	মুকেশ আম্বানি কবে জন্মগ্রহণ করেন ?
39	বাংলা ভাষায় ‘জমিদার’ শব্দের উৎপত্তি কবে হয় ?
40	শরৎচন্দ্র চট্টোপাধ্যায়ের রচিত "দেবদাস" উপন্যাসটি কবে প্রথম প্রকাশিত হয় ?
41	মহাভারতে কুরুক্ষেত্রের যুদ্ধ কতদিন ধরে চলেছিল ?
43	কোরআনে কী কদর শব্দটির উল্লেখ আছে ?
44	ডিজিটাল মুদ্রার ধারণা প্রথম কে প্রদান করেন ?
45	জীবাশ্ম জ্বালানি থেকে এলএনজি ব্যবহারে কি দূষণ কম হয় ?
46	ব্রিটিশ লেখিকা জে. কে. রাউলিং রচিত হ্যারি পটার সিরিজের প্রথম সিরিজটির নাম কী ?
47	বাংলা তথা ভারতীয় নাট্যজগতের এক কিংবদন্তি ব্যক্তিত্ব শম্ভু মিত্রের বাবার নাম কী ?
49	বর্তমানে ভারতে মোট কত কিলোমিটার রেলপথ বিস্তৃত আছে ?
50	মাদার টেরিজা কত সালে নোবেল শান্তি পুরস্কার পান ?
51	উসমানীয় সাম্রাজ্য ঐতিহাসিক ভাবে কি নামে পরিচিত ?
52	হিন্দু ধর্মের পবিত্র ধর্মগ্রন্থের নাম কী ?
54	গ্লুকোজের গলনাঙ্ক কত ?
55	মালদ্বীপের বর্তমান (২০১৯) রাষ্ট্রপতির নাম কী ?
58	খিলজি রাজবংশের প্রতিষ্ঠা কবে হয় ?
59	সিন্ধু সভ্যতা আবিষ্কারের জন্য খনন কার্য কবে থেকে শুরু হয় ?
61	কাজী নজরুল ইসলাম মোট কতগুলি গান রচনা করেছেন ?
62	রিয়াল মাদ্রিদ ফুটবল ক্লাবটি কত সালে প্রতিষ্ঠিত হয় ?
65	দ্বিতীয় বিশ্বযুদ্ধে জার্মানির নেতৃত্ব কে দিয়েছিলো ?
66	ইমোজির সর্বপ্রথম ব্যাবহার কোন দেশ করেছিল ?
68	ইসলাম ধর্মের প্রবর্তক কে ?
70	মরেন হিগা ম্যাগির বাবার নাম কী ?
71	আবু বিশর আমর ইবনে উসমান ইবনে কানবার আল বিসরি লিখিত সর্বপ্রথম ব্যাকরণ বইটির নাম কী ?
73	জৈনধর্মের প্রবক্তা কে ?
74	নরেন্দ্র দামোদরদাস মোদী কোন তারিখে গুজরাটের মুখ্যমন্ত্রীর পদ থেকে ইস্তফা দেন ?
75	উত্তর কোরিয়ার রাজধানী কোথায় ?
76	প্রথম উসমানীয় সুলতানের নাম কী ?
77	সাইদ নুরসির অনুসারীদের কি নামে অভিহিত করা হয় ?
78	বেদের প্রথম ভাগ কী ?
79	অর্ডোভিশিয়ান যুগের ঠিক আগের যুগের নাম কী ?
80	বাংলাদেশে বছরে মোট কয় বার ধান চাষ হয় ?
81	ভারতীয় স্বাধীনতা আন্দোলনের সূচনা কত সালে হয়েছিল ?
82	খন্দকের যুদ্ধে মোট কতগুলো ঘোড়া ব্যাবহার করা হয়েছিল ?
83	অটোমান সাম্রাজ্য কবে প্রতিষ্ঠিত হয় ?
84	লিনাক্স কার্নেল অপারেটিং সিস্টেমটি কে প্রথম নির্মাণ করেন ?
85	বিশ্বের প্রথম কম্পিউটারের নাম কী ?
86	কাগজ তৈরির মূল উপাদান কাঠের মণ্ড তৈরি করার মেশিন সর্বপ্রথম কে তৈরি করেন ?
87	ঠাকুর শ্রীরামকৃষ্ণ পরমহংসদেবের জন্ম কবে হয় ?
88	চিলির রাজধানী কোথায় ?
89	বাংলাদেশের রাজধানী ঢাকা শহরের বর্তমান (২০১৯) জনসংখ্যা কত ?
91	শেখ মুজিবুর রহমান কোন সালে বাংলাদেশের প্রথম রাষ্ট্রপতি হিসেবে নির্বাচিত হন ?
92	বাংলাদেশের নামকরণ বাংলাদেশ কবে হয় ?
94	তাজমহল কি ইসলামী শিল্পের একটি নিদর্শন ?
95	প্রীতিলতা ওয়াদ্দেদারের মায়ের নাম কী ছিল ?
96	ডিম্বাশয়ে কি ডিম্বাণু উৎপন্ন হয় ?
97	বাংলাদেশের প্রাচীনতম বৌদ্ধ স্থাপত্য কোনটি ?
99	ঢাকা বিশ্ববিদ্যালয় কবে প্রতিষ্ঠিত হয় ?
100	ইসরাইলের বর্তমান প্রধানমন্ত্রী কে ?
101	মূল কুরআন রচিত হতে মোট কত বছর সময় লাগে ?
104	বাংলাদেশ কি একটি ইসলামী রাষ্ট্র ?
105	কনস্টান্টিনোপল সাম্রাজ্যের রাজধানী কোথায় ছিল ?
106	ওয়েস্ট ইন্ডিজের জাতীয় ক্রিকেট দল কবে প্রতিষ্ঠিত হয় ?
107	দক্ষিণেশ্বর কালীবাড়ি কার উদ্যোগে তৈরি করেন ?
108	আমানুল্লাহ মোহাম্মদ আসাদুজ্জামান কবে জন্মগ্রহণ করেন ?
109	চিলির রাজধানীর নাম কী ?
110	ইলেকট্রন আবিষ্কার কে করেন ?
111	বেতার ট্রান্সমিটার প্রথম কে তৈরী করেন ?
112	প্রখ্যাত ঔপন্যাসিক হুমায়ূন আহমেদের মৃত্যু সাল কত ?
113	১৯৭১ সালের ভারত-পাকিস্তান নৌযুদ্ধের সময় পাকিস্থানের রাষ্ট্রপতি কে ছিলেন ?
114	কুমিল্লা ভিক্টোরিয়া কলেজ কোন বিশ্ববিদ্যালয়ের অন্তর্গত ?
117	গোলাম আযম কোন রাজনৈতিক দলের সদস্য ছিলেন ?
118	মার্কিন যুক্তরাষ্ট্রের রাজধানী কোথায় ?
119	ড. কামাল চৌধুরী কবে জন্মগ্রহণ করেন ?
120	মাইক্রোসফট কোম্পানীর প্রতিষ্ঠাকাল কবে ?
121	দক্ষিণ কোরিয়ার বর্তমান রাষ্ট্রপতির নাম কী ?
122	মোহনদাস করমচাঁদ গান্ধী বা মহাত্মা গান্ধীর বাবার নাম কী ?
123	মোহনদাস করমচাঁদ গান্ধী বা মহাত্মা গান্ধীর মায়ের নাম কী ?
125	অটলবিহারী বাজপেয়ী প্রথম কত সালে ভারতবর্ষের প্রধানমন্ত্রী হন ?
126	ইউরোপের দক্ষিণে কোন মহাসাগর অবস্থিত ?
127	গণিতবিদ আর্যভট্টের জন্ম কোথায় হয় ?
130	নোমান ইবনে সাবিত ইবনে যুতা ইবনে মারযুবান কবে জন্মগ্রহণ করেন ?
131	২০১৮ সালে মুক্তিপ্রাপ্ত লাস্ট স্টোরিস চলচ্চিত্রে রাধিকা আপ্টের অভিনীত চরিত্রটির নাম কি ছিল ?
132	ডোনাল্ড ট্রাম্প মার্কিন যুক্তরাষ্ট্রের কোন রাজনৈতিক দলের সদস্য ?
133	মুনড্রাম পিরাই চলচ্চিত্রটি ১৯৮২ সালের কত তারিখে মুক্তি পায় ?
135	রিয়াজ উদ্দিন আহমেদ সিদ্দিক মোট কতবার জাতীয় চলচ্চিত্র পুরস্কার পান ?
136	ভারতীয় মডেল এবং অভিনেত্রী তাপসী পান্নুর প্রথম কোন পরিচালকের চলচ্চিত্রে অভিনয় করেন ?
137	শিখদের পবিত্র ধর্মগ্রন্থের নাম কী ?
138	গঙ্গা নদীর একটি শাখানদীর নাম কী ?
139	পদার্থবিজ্ঞানের আপেক্ষিকতা তত্ত্বের উদ্ভাবক কে ?
141	উত্তর কোরিয়ার মোট আয়তন কত ?
142	পশ্চিমবঙ্গের বীরভূম জেলার সদর শহর কোনটি ?
143	হিন্দুধর্মের সর্বোচ্চ ধর্মগ্রন্থ বেদ কোন ভাষায় রচিত ?
144	টাইটানিক জাহাজ দুর্ঘটনায় মোট কত জনের মৃত্যু হয় ?
145	কে প্রথম টেথিস সাগরের নামকরণ করেন ?
146	ফুটবল বিশ্বকাপ মোট কত বছর অন্তর হয় ?
147	বাংলাদেশী সঙ্গীতশিল্পী ফাতেমা তুজ জোহরার বাবার নাম কী ?
148	বাংলাদেশী লেখক মুহম্মদ জাফর ইকবালের পিতার নাম কী ?
150	জমজম কুয়া কে নির্মাণ করেন ?
151	বিশ্বের প্রথম মোবাইল নেটওয়ার্ক সংস্থার নাম কী ?
152	ফয়সাল বিন আবদুল আজিজ আল সৌদ কোন বংশের সন্তান ছিলেন ?
154	শিখধর্মের প্রথম শিখ গুরুর নাম কী ?
155	সিরিয়ার বর্তমান রাষ্ট্রপতি কে ?
156	মুসলমানদের ধর্মীয় গ্রন্থ কুরআন রচিত হতে মোট কয় বছর সময় লাগে ?
157	উসমানীয় সাম্রাজ্য কবে প্রতিষ্ঠিত হয় ?
158	বিশ্বের প্রথম সফটওয়্যার কোম্পানী কোনটি ?
159	বিশিষ্ট প্রত্নতাত্ত্বিক রাখালদাস বন্দ্যোপাধ্যায়ের জন্ম কোথায় হয় ?
160	ডুবুরি বা ডুবালু পাখির বৈজ্ঞানিক নাম কী ?
163	অ্যাপল ইনকর্পোরেটেডের প্রতিষ্ঠাতা কে ?
164	প্রখ্যাত বাংলাদেশী চলচ্চিত্র পরিচালক, ঔপন্যাসিক, এবং গল্পকার জহির রায়হান কবে জন্মগ্রহণ করেন ?
165	উইকিলিকসের ওয়েবসাইট কত সালে লেখা হয়েছিল ?
166	বি-কোষ থেকে ক্ষরিত অ্যান্টিবডি বা প্রতিরক্ষিকাগুলি রক্তপ্রবাহের মাধ্যমে কি দেহের সর্বত্র ছড়িয়ে পড়ে ?
167	রিয়াজ উদ্দিন আহমেদ সিদ্দিক কবে প্রথম জাতীয় চলচ্চিত্র পুরস্কার পান ?
169	আরবি লিপির কোন দিক থেকে কোন দিকে লেখা হয় ?
170	ইসলামে কি নারীদের বহুবিবাহ বৈধ ?
171	বিশ্বের প্রথম কম্পিউটার প্রোগ্রাম ল্যাঙ্গুয়েজটি কবে থেকে চালু হয় ?
172	আইনস্টাইন কত সালে নোবেল পুরুস্কার পান ?
173	ফেসবুকের বর্তমান চেয়ারম্যান কে ?
176	প্রথম বছর কোন দল অ্যাশেজ বা দি অ্যাশেজ সিরিজ জয় করে ?
179	হিন্দুধর্মের সর্বোচ্চ ধর্মগ্রন্থ বেদের তৃতীয় ভাগের নাম কী ?
180	আবদুল্লাহ বিন আল-হুসাইন কত সালে মক্কার আমির হন ?
185	বাংলাদেশের উচ্চতম পর্বত শৃঙ্গের নাম কী ?
186	হিন্দু ধর্ম কি একটি বহু-ঈশ্বরবাদী ধর্ম ?
187	ইয়ারমুকের যুদ্ধে কার জয় হয় ?
189	বৌদ্ধধর্ম মোট কয়টি প্রধান মতবাদে বিভক্ত ?
190	চীনের বর্তমান রাষ্ট্রপতি কে ?
192	যিশু খ্রিস্টের মৃত্যু দিবস কবে ?
193	তানিয়া আহমেদ অভিনীত প্রথম চলচ্চিত্রের নাম কী ?
194	সুযশ 'চাংকি' পান্ডের অভিনীত প্রথম চলচ্চিত্রের নাম কী ?
197	বাংলাদেশ জামায়াতে ইসলামী কবে প্রতিষ্ঠিত হয় ?
198	নবী হযরত মুহাম্মদের মায়ের নাম কী ?
199	ক্যাম্ব্রিয়ান যুগের ঠিক পরের যুগের নাম কী ?
200	গঙ্গার জল বণ্টনকে কেন্দ্র ক'রে বাংলাদেশ ও ভারত রাষ্ট্রদ্বয়ের মধ্যে প্রথম চুক্তি কোথায় স্বাক্ষরিত হয় ?
201	আওয়ামী লীগের প্রতিষ্ঠাতা কে ?
202	'খান একাডেমী'র প্রতিষ্ঠাতা সালমান আমিন খানের বাবার নাম কী ?
203	বর্তমানে আফগানিস্তানের সরকারি নাম কী ?
205	শেখ মুজিবুর রহমান কোন রাজনৈতিক দলের সাথে যুক্ত ছিলেন ?
207	রোমান সাম্রাজ্যের সর্বশেষ সম্রাট কে ?
209	মোহাম্মদ রফি প্রথম কোন হিন্দি চলচ্চিত্রে গান গেয়েছিলেন ?
211	কত সালে সুন্দরবন অঞ্চলকে বায়োস্ফিয়ার রিজার্ভ হিসেবে ঘোষণা করা হয়েছে ?
214	তৃণমূল রাজনীতিবিদ মওলানা আবদুল হামিদ খান ভাসানী কবে জন্মগ্রহণ করেন ?
215	ইরাকের জাতীয় সংসদের বর্তমান আসনসংখ্যা কত ?
216	মিশরের পঞ্চম রাষ্ট্রপতি মুহাম্মাদ মুরসি ইসা আল-আইয়াত কবে জন্মগ্রহণ করেন ?
217	ধর্মগুরু রামকৃষ্ণ পরমহংস কোন ঠাকুরের সাধনা করতেন ?
218	কলকাতা মেট্রো প্রথম কবে থেকে চালু হয় ?
219	বাংলাদেশের ঢাকাই মসলিন কাপড় বুননের জন্য কত কাউন্টের সুতা ব্যবহার করা হত ?
221	শ্রীলঙ্কা কোন মহাদেশের অন্তর্গত ?
223	বিজ্ঞানী আলবার্ট আইনস্টাইনের মৃত্যুদিন কবে ?
224	বাংলা ভাষার জন্ম কোন ভাষা থেকে ?
225	গঙ্গার জল বণ্টনকে কেন্দ্র ক'রে বাংলাদেশ ও ভারত রাষ্ট্রদ্বয়ের মধ্যে প্রথম কোন সালে চুক্তি স্বাক্ষরিত হয় ?
227	ভারতীয় চলচ্চিত্র অভিনেতা ইমরান খান অভিনীত প্রথম চলচ্চিত্রের নাম কী ?
228	গ্নু অপারেটিং সিস্টেম কে তৈরি করেন ?
229	উপনিষদ্-এর অপর নাম কী ?
230	বাংলাদেশের মডেল, অভিনেত্রী এবং লেখিকা বিদ্যা সিনহা সাহা মীমের অভিনীত প্রথম চলচ্চিত্রের নাম কী ?
232	চেঙ্গিস খান কি একজন সেনাপতি ছিলেন ?
233	আওয়ামী লীগের প্রতিষ্ঠা কবে হয় ?
235	কীবোর্ডে সাধারণত মোট কতগুলি বোতাম থাকে ?
236	করতোয়া নদীর উৎপত্তি স্থল কোথায় ?
237	জৈনধর্মের উদ্ভব প্রথম কবে হয় ?
239	সিরিয়ার ঐতিহাসিক শহর আলেপ্পোর বর্তমান জনসংখ্যা কত ?
240	মসজিদ আল হারামের কোথায় অবস্থিত ?
242	ইসলামের দ্বিতীয় খলিফার নাম কী ?
243	হিন্দু শাস্ত্র মতে শিবের বাহন কে ?
244	ব্রাহ্মসমাজ কবে প্রতিষ্ঠিত হয় ?
245	পাকিস্তানি মুসলিম জাতীয়তাবাদী চৌধুরী রহমত আলি কবে জন্মগ্রহণ করেন ?
247	ড্রিউ ব্লিথ ব্যারিমোরের প্রযোজক সংস্থার নাম কী ?
249	পশ্চিমবঙ্গের বর্তমান মুখ্যমন্ত্রী রাজ্যের কততম মুখ্যমন্ত্রী ?
250	নিয়ন কি এক ধরণের নিষ্ক্রিয় গ্যাস ?
252	সুভাষচন্দ্র বসুর স্ত্রীর নাম কি ছিল ?
253	তমালিকা কর্মকার অভিনীত সর্বপ্রথম নাটকটির নাম কি ছিল ?
254	বিবর্তনের সাথে কি জিনের কোনো সম্পর্ক আছে ?
255	আজটেক সাম্রাজ্যের রাজধানী কোথায় ছিল ?
256	ফ্যানারোজোয়িক অধিযুগে কি কোনো প্রাণীর জন্ম হয়েছিল ?
257	সর্বপ্রথম ফুটবল বিশ্বকাপ কোথায় অনুষ্ঠিত হয়েছিল ?
258	দ্বিতীয় বিশ্বযুদ্ধ কত সালে হয়েছিল ?
260	বাংলার পালবংশের প্রতিষ্ঠাতা কে ?
261	মহাকবি মাইকেল মধুসূদন দত্তের রচিত প্রথম নাটকের নাম কী ?
264	ড্রিউ ব্লিথ ব্যারিমোর বাবার নাম কী ?
265	সত্যেন্দ্রনাথ বসু কবে জন্মগ্রহণ করেন ?
267	দ্য শশাঙ্ক রিডেম্পশন চলচ্চিত্রটির নির্মাতা কে ?
268	লেসবিয়ান শব্দের বাংলা পরিভাষা কী ?
269	মুহাম্মদ দাউদ খান কত সালে আফগানিস্তানের রাষ্ট্রপতি হন ?
270	বাংলা লিপির উদ্ভব কোন লিপি থেকে হয় ?
271	কলিকাতা পৌরসংস্থা কবে প্রতিষ্ঠিত হয় ?
272	মহাস্থানগড় প্রত্নস্থলটি কবে আবিষ্কৃত হয় ?
274	অলিম্পিকে ম্যারাথন দূরপাল্লার দৌড় প্রতিযোগিতা কবে থেকে চালু হয় ?
275	আলেকজান্ডার কোন দেশের রাজা ছিলেন ?
278	বর্তমানে টুথব্রাশ বা দাঁতের ব্রাশ কি দিয়ে তৈরি করা হয় ?
279	মুঘল সম্রাট আওরঙ্গজেবের মৃত্যু সাল কত ?
280	কে প্রথম টেলিফোন আবিষ্কার করেন ?
281	শাহজালালের মায়ের নাম কি ছিল ?
282	সর্বপ্রথম পুরুষদের জাতীয় ফুটবল ফিফা বিশ্বকাপে কোন দল বিশ্বকাপ জিতেছিল ?
285	লেনোভো কোম্পানির সদর দপ্তর কোথায় ?
286	আলবেনিয়ার রাজধানী কোথায় ?
288	ঢাকা বিশ্ববিদ্যালয় কি একটি কেন্দ্রীয় বিশ্ববিদ্যালয় ?
289	চিন সাম্রাজ্যের প্রতিষ্ঠাতা কে ?
291	প্রজাতন্ত্রী তুরস্কের রাজধানী কোথায় ?
292	আলেকজান্ডারের মৃত্যু হয় কোথায় ?
293	নোয়াখালী দাঙ্গা কি হিন্দু-মুসলিম দাঙ্গা ছিল ?
294	হেরোডোটাস কোন দেশের নাগরিক ছিলেন ?
296	ভারতবর্ষের জাতীয় পতাকায় মোট কয়টি রঙের ব্যবহার করা হয়েছে ?
297	মুন্ডা উপজাতির লোকেরা কোন ভাষায় কথা বলে ?
298	মুসলমানদের ধর্মীয় গ্রন্থ কুরআনের মোট আয়াত সংখ্যা কত ?
300	জে. কে. রাউলিং-এর পুরো নাম কী ?
301	লাগে রাহো মুন্না ভাই হিন্দি চলচ্চিত্রে সঞ্জয় দত্তের বিপরীতে কোন অভিনেত্রী অভিনয় করেন ?
303	প্যালিওজোয়িক মহাযুগের দ্বিতীয় যুগটির নাম কী ?
304	সমকামিতা শব্দটির ইংরেজি পরিভাষা কী ?
305	মসজিদুল আকসা কবে তৈরি হয় ?
306	ভারতীয় গণিতবিদ আর্যভট্ট কবে জন্মগ্রহণ করেন ?
307	নেপালের ত্রিভুবন আন্তর্জাতিক বিমানবন্দরটি কোন শহরে অবস্থিত ?
308	মৌলিক উপাদানসমূহ গ্রন্থটি কবে রচিত হয় ?
309	চীনা বৌদ্ধধর্মে "তারা বা আর্যতারা" নামক নারী বোধিসত্ত্ব কি নামে পরিচিত ?
310	সৃষ্টিকর্তা আর ঈশ্বর কি এক ?
311	বাংলাদেশের শহীদ মুক্তিযোদ্ধা মোহাম্মদ হামিদুর রহমান কবে জন্মগ্রহণ করেন ?
312	জিউস কি আকাশের দেবতা ছিলেন ?
313	আর্থার রবার্ট মরিস কোন দলের বিরুদ্ধে তাঁর জীবনের প্রথম আন্তর্জাতিক ম্যাচটি খেলেন ?
315	রামকৃষ্ণ পরমহংসের আসল নাম কি ছিল ?
316	ডাইনোসরের অস্তিত্ব কি ২৫ কোটি বছর আগে পার্মিয়ান যুগে ছিল ?
317	বর্তমান চট্টগ্রামের মোট এলাকা কত ?
318	পৃথিবীর মোট পানির কত শতাংশ বিশুদ্ধ পানি ?
319	মহাভারতের কুরুক্ষেত্রের যুদ্ধ কতদিন ধরে চলেছিল ?
320	বছরের কোন দিনটিকে বাংলাদেশে ভাষা আন্দোলন দিবস হিসেবে পালন করা হয় ?
321	দক্ষিণ এশিয়ার প্রথম মহিলা নওয়াব ফয়জুন্নেসা চৌধুরানীর বাবার নাম কী ছিল ?
322	সৈয়দ আলী হোসেনী খামেনেয়ী কবে জন্মগ্রহণ করেন ?
323	মার্কিন অভিনেত্রী অ্যাঞ্জেলিনা জোলি সর্বপ্রথম কোন মার্কিন চলচ্চিত্রে অভিনয় করেছিলেন ?
325	নালন্দা বৌদ্ধ মহাবিহার কবে প্রতিষ্ঠিত হয় ?
326	কত সালে চার্লস ডারউইনের অন দ্য অরিজিন অফ স্পিসিজ নামক বইটি প্রকাশিত হয় ?
327	গণেশের ওপর নাম কি সিদ্ধিদাতা ?
328	গাঁজা গাছ কি ওষুধ উৎপাদনে ব্যবহৃত হয় ?
329	বর্তমানে মানালি শহরের মোট জনসংখ্যা কত ?
331	হিন্দু মহাকাব্য রামায়ণের মোট কতগুলি কান্ড আছে ?
332	বিশ্বের প্রথম কম্পিউটার কবে আবিষ্কৃত হয় ?
333	থাইল্যান্ডের রাজধানীর নাম কী ?
334	লিনাক্স অপারেটিং সিস্টেমটি কে সর্বপ্রথম আবিষ্কার করেন ?
335	আব্দুল লতিফ কত সালে সংসদের সদস্য হিসেবে নির্বাচিত হন ?
336	ত্রিপুরার রাজধানী কোথায় ?
337	সাঁওতাল বিদ্রোহের নেতৃত্ব কে দিয়েছিলেন ?
338	খিলজি বংশের প্রতিষ্ঠা কবে হয় ?
339	ব্যাঙ কোন শ্রেণীর প্রাণী ?
340	মানবদেহে রক্তের গড় তাপমাত্রা কত ?
343	বাংলাদেশের জাতীয় খেলা কোনটি ?
345	ইসলাম কি একটি আরবী শব্দ ?
347	আফগানিস্তানের মোট আয়তন কত ?
348	যুক্তরাষ্ট্রের একজন উদ্যোক্তা ও প্রযুক্তি উদ্ভাবক স্টিভ জবস কি অ্যাপল কোম্পানিটির সহ- প্রতিষ্ঠাতা ছিলেন ?
350	'গীতাঞ্জলি' কাব্যগ্রন্থটি প্রথম কত সালে প্রকাশিত হয় ?
352	দেমেত্রিয়া ডেভন লোভাটোর প্রথম গানের অ্যালবামের নাম কী ?
353	ব্রহ্মপুত্র নদের মোট দৈর্ঘ্য কত ?
354	বানা আল-আবেদের মায়ের নাম কী ?
355	ম্যানেজমেন্ট ইনফরমেশন সিস্টেম কবে থেকে চালু হয় ?
356	ধীরেন্দ্রনাথ দত্তের বাবার নাম কী ?
358	ইসলামের নবী মুহাম্মদের জন্ম কবে হয় ?
360	অভ্র কিবোর্ডটি কবে প্রথম তৈরি হয় ?
362	রামকৃষ্ণ পরমহংসদেবের মায়ের নাম কী ?
365	ধূসর রঙটি কি একটি প্রাকৃতিক রং ?
368	গ্রিসের মিসিনিয়ান সভ্যতার ঠিক পরের সভ্যতার নাম কী ?
369	জেরুজালেম বর্তমানে কোন দেশের অন্তর্গত ?
370	রাজশাহী বিশ্ববিদ্যালয় কবে প্রতিষ্ঠিত হয় ?
371	অলচিকি ভাষা কি সাঁওতালদের ভাষা ?
372	মায়ানমারের রাজধানী কোনটি ?
373	অলি আহাদ কোন রাজনৈতিক দলের সাথে যুক্ত ছিলেন ?
375	ঈশ্বরের অস্তিত্বে বিশ্বাসী মানুষদের কি বলা হয় ?
376	ব্ল্যাকমেল শব্দটির উৎস কোন শব্দ থেকে ?
377	তিতুমীর কত সালে মারা যান ?
378	ভারতবর্ষ কত সালে একটি স্বাধীন সার্বভৌম রাষ্ট্র হিসেবে প্রতিষ্ঠিত হয় ?
380	দীনবন্ধু মিত্র রচিত "নীলদর্পন" নাটকটি কত সালে প্রকাশিত হয় ?
381	সেনবংশের প্রতিষ্ঠা কবে হয় ?
382	মির্জা জহিরউদ্দিন মুহাম্মদ বাবরের পর কে মুঘল সাম্রাজ্যের সম্রাটের পদে বসেন ?
383	সর্বশেষ ফিফা বিশ্বকাপ আন্তর্জাতিক ফুটবল প্রতিযোগিতায় কোন দেশ জয়ী হয়েছিল ?
384	সামবেদে মোট কয়টি শাখা আছে ?
387	কাগজ তৈরির কারখানা প্রথম কোথায় তৈরী হয় ?
388	মেরি টেরিজা বোজাঝিউ বা মাদার টেরিজা কত সালে প্রথম ভারতবর্ষে আসেন ?
389	সমরেশ বসু রচিত গঙ্গা বাংলা উপন্যাসের নায়ক কে ?
390	ইরাকের বর্তমান রাষ্ট্রপতির নাম কী ?
392	ক্রোমোজোম সর্বপ্রথম কে আবিষ্কার করেন ?
394	উইলিয়াম শেকসপিয়র কবে জন্মগ্রহণ করেছেন ?
395	বিশ্বের প্রথম রোবট নির্মাতার নাম কী ?
396	এডওয়ার্ড ক্রিস্টোফার শিরানের প্রযোজিত প্রথম অ্যালবামের নাম কী ?
397	হিন্দুধর্মের প্রাচীনতম ধর্মগ্রন্থের নাম কী ?
398	জনপ্রিয় কথাশিল্পী হুমায়ূন আহমেদ কবে জন্মগ্রহণ করেন ?
399	কত সালে বাঁকুড়া জেলা প্রতিষ্ঠিত হয় ?
400	উত্তরপ্রদেশের রাজধানী কোনটি ?
401	খিলজি রাজবংশের প্রতিষ্ঠা কে করেছিলেন ?
402	আর্মেনিয়ার বর্তমান রাষ্ট্রপতির নাম কী ?
404	কমলেশ্বর মুখোপাধ্যায় পরিচালিত চাঁদের পাহাড় বাংলা চলচ্চিত্রটি কোন সংস্থা প্রযোজনা করে ?
405	ভারতে প্রথম রেলপথ কত সালে চালু হয়েছিল ?
406	মরক্কোর রাজধানীর নাম কী ?
407	জমিদার প্রতাপাদিত্য কত সালে হিন্দু রাজা হিসাবে আত্ম প্রকাশ করেন ?
408	ঊনবিংশ শতাব্দীর বিশিষ্ট ভারতীয় হিন্দু ধর্মগুরু রামকৃষ্ণ পরমহংসের জন্মসাল কত ?
409	ক্যারেবীয় মোট কয়টি দ্বীপপুঞ্জের সমন্বয়ে গঠিত ?
410	ব্রহ্মবৈবর্ত পুরাণ কবে রচিত হয় ?
412	নারীবাদী আন্দোলন সর্বপ্রথম কোথায় শুরু হয় ?
414	কৌতুকাভিনয়ের উৎপত্তি কোথায় হয় ?
415	মৌমাছি যেখানে মধু সংগ্রহ করে রাখে সেটিকে কী বলা হয় ?
416	ব্রাজিলের ফুটবল তারকা রোনাল্দো লুইস নাজারিও ডি লিমা কত সালে ফুটবল খেলা থেকে অবসর নিয়েছিলেন ?
418	ইলিয়াড মহাকাব্যটি কেন্দ্রীয় চরিত্র অ্যাকিলিসের বাবার নাম কী ?
419	ঢাকা বিশ্ববিদ্যালয়ের বর্তমান (২০১৯) উপাচার্যের নাম কী ?
421	নবদুর্গার নয়টি বিশিষ্ট রূপের মধ্যে দ্বিতীয় রূপের নাম কী ?
422	চূর্ণী গাঙ্গুলির স্বামীর নাম কী ?
423	মুসলিম ধর্ম মতে পাপকে কী বলা হয় ?
424	চীনের বিখ্যাত মহাপ্রাচীরের উচ্চতা কত ?
425	ড. কুদরাত-এ-খুদা কবে জন্মগ্রহণ করেন ?
427	চ্যানেল টানেল পাতাল রেল সুড়ঙ্গটি কবে তৈরি হয় ?
428	কলকাতা বিশ্ববিদ্যালয় কবে প্রতিষ্ঠিত হয় ?
430	বাইজেন্টাইন সাম্রাজ্য কবে প্রতিষ্ঠিত হয় ?
431	মহাস্থানগড় প্রত্নস্থলটি বাংলাদেশের কোন জেলায় অবস্থিত ?
432	র‌্যাম কত প্রকার ?
433	বাংলাদেশী মডেল এবং নাট্য অভিনেত্রী তমালিকা কর্মকারের জন্মসাল কত ?
434	শহীদ মুক্তিযোদ্ধা মহিউদ্দিন কত সালে জন্মগ্রহণ করেছিলেন ?
435	কেনিয়া কত সালে পূর্ব আফ্রিকার একটি প্রজাতান্ত্রিক রাষ্ট্র হিসেবে পরিচিতি লাভ করে ?
437	গ্নু প্রকল্পটির প্রতিষ্ঠাতা কে ?
440	গিরিশচন্দ্র সেন কোথায় জন্মগ্রহণ করেন ?
443	বাশার আল-আসাদ কত সালে সিরীয় আরব প্রজাতন্ত্রের রাষ্ট্রপতি হিসেবে নিযুক্ত হন ?
444	আকার ও কাজের ভিত্তিতে মৌমাছি কয় প্রকার ?
445	ইতালির সবচেয়ে জনবহুল শহরের নাম কী ?
446	চামড়া কী দ্বারা গঠিত ?
450	মাইক্রোসফট কোম্পানীর সদর অফিস কোথায় ?
451	গণপ্রজাতন্ত্রী লাওসের রাজধানী কোথায় ?
452	উত্তর ভারতের রঘুনাথ মন্দিরটির নির্মাতা কে ?
453	জিন মিউটেশনের একক কী ?
454	সমাজতত্ত্ব-এর জনক কাকে বলা হয় ?
455	আডলফ হিটলার কবে জন্মগ্রহণ করেন ?
456	পৃথিবীর দীর্ঘতম হিমবাহ কোনটি ?
457	ইসলাম ধর্ম অনুসারে নারীর বহু বিবাহ কি বৈধ ?
458	১৭৫৭ সালে পলাশীর যুদ্ধে কে পরাজিত হয়েছিল ?
459	ক্রিকেট খেলার জন্য ব্যবহৃত ব্যাটটি কোন কাঠ দ্বারা তৈরি করা হয় ?
460	মিশরের উচ্চতম পিরামিডটির উচ্চতা কত ?
461	কুরআন- এর প্রথম বাংলা অনুবাদক গিরিশচন্দ্র সেনের জন্মস্থান কোথায় ?
462	ইসলামে নারীর বহুবিবাহ কি বৈধ ?
463	পাল সাম্রাজ্যের প্রথম সম্রাট কে ছিলেন ?
467	সুইজারল্যান্ডের মনোবিজ্ঞানী ও দার্শনিক জঁ পিয়াজের মৃত্যু সাল কত ?
469	আর্জেন্টিনার সরকারি ভাষা কী ?
470	দেওয়ান হাসন রাজা চৌধুরী কবে জন্মগ্রহণ করেন ?
472	ঢাকার মোট আয়তন কত ?
473	মায়ানমারের রাজধানী কোনটি ?
474	গণপ্রজাতান্ত্রিক চীন রাষ্ট্র কবে প্রতিষ্ঠিত হয় ?
475	মৌর্য্য সাম্রাজ্যের প্রতিষ্ঠাতা কে ছিলেন ?
476	বাংলা ঔপন্যাসিক বিভূতিভূষণ বন্দোপাধ্যায় কবে জন্মগ্রহণ করেন ?
477	মৌলিকত্বের দিক থেকে রাশি কয় প্রকার ?
478	বর্তমানে (২০১৯) বাংলাদেশে মোট কতগুলি ওষুধ কোম্পানি আছে ?
480	বাংলাদেশের স্বাধীনতা যুদ্ধের সময় নৌ-সেক্টর পরিচালিত অপারেশন জ্যাকপট কোথায় সংঘটিত হয় ?
481	ওয়াই-ফাই প্রথম কোন কোম্পানী চালু করে ?
482	বাংলাদেশের রাজধানী ঢাকার দক্ষিণ সিটি কর্পোরেশন কত সালে গড়ে ওঠে ?
484	বর্তমানে ভালুকা উপজেলায় মোট কতগুলো থানা আছে ?
486	আর্মেনিয়ার রাজধানী কোথায় ?
487	বাংলায় নীল বিদ্রোহ কবে হয় ?
489	সোহং স্বামীর বাবার নাম কী ?
490	আচেহ সালতানাতের প্রতিষ্ঠাতা কে ছিলেন ?
491	বেলুড় মঠ কি হাওড়ায় অবস্থিত ?
494	চিকুনগুনিয়া ভাইরাস প্রথম কবে আবিষ্কৃত হয় ?
495	বৃহৎ সিস্টেম বা তাপগতীয় সিস্টেমটি যদি কোন অসীম, অনুত্তেজিত পরিবেশের সহাবস্থানে থাকে, তাহলে সেই পরিবেশকে কী বলা হয় ?
496	বিশ্বে মোট কতগুলো দেশ ইউরো ব্যবহার করে ?
497	আমির আহমদ মিনাইয়ের ছদ্মনাম কি ছিল ?
499	২০১৫ সালের ক্রিকেট বিশ্বকাপ ফাইনালে কোন দলের জয় হয়েছিল ?
501	অর্ডোভিশিয়ান যুগটি কোন মহাযুগের দ্বিতীয় যুগ ?
502	গ্রিক ভাষা কোন ভাষাগোষ্ঠীর অন্তর্গত ?
503	বাংলাদেশে বাংলা ভাষাকে রাষ্ট্রভাষার মর্যাদা দেয়ার জন্য গঠিত ভাষা আন্দোলন কত সালে শুরু হয়েছিল ?
505	বর্তমানে (২০১৯) হোয়াটসঅ্যাপ ম্যাসেঞ্জারের মালিক কে ?
508	নারীদের ক্ষেত্রে বয়ঃসন্ধির সময়কাল কত ?
511	চিলির সরকারি ভাষা কী ?
512	আফগানিস্তানের রাজধানী কোথায় ?
513	কেন উপনিষদ্ কবে রচিত হয় ?
514	কত সালে সর্বপ্রথম শম্ভু মিত্র নাট্যজগতে যোগ দেন ?
519	সিয়াচেন দ্বন্দ্বের সূত্রপাত কবে হয় ?
520	বাংলাদেশের স্বাধীনতা যুদ্ধ কত সালে শুরু হয়েছিল ?
521	সামরিক বাহিনী পরিচালিত "ক্যাডেট কলেজটি" প্রথম কোথায় স্থাপিত হয় ?
522	জে. কে. রাউলিং রচিত হ্যারি পটার সিরিজের সর্বশেষ সিরিজটির নাম কী ?
523	নিউজিল্যান্ডীয় আন্তর্জাতিক ক্রিকেট তারকা মার্টিন প্যাটারসন ডনেলির ডাকনাম কি ছিল ?
524	আবু তারেক মাসুদের পরিচালিত প্রথম চলচ্চিত্রটি প্রথম কবে মুক্তি পায় ?
525	বর্ণান্ধতা বা বর্ণান্ধত্ব বা বর্ণবৈকল্য কি জন্মগত ?
526	সূত্র শব্দটির উৎপত্তি কোন শব্দ থেকে ?
527	ভারত মহাসাগরের মোট আয়তন কত ?
528	ভারতের জাতীয় পতাকার সাদা রংটি কীসের প্রতীক ?
530	একটি প্রাপ্ত বয়স্ক মানব মস্তিষ্কের গড় আয়তন কত ?
531	তৃণমূল রাজনীতিবিদ মওলানা আবদুল হামিদ খান ভাসানী মোট কত বছর বেঁচে ছিলেন ?
532	বৃহৎ বঙ্গ বা বিশাল বাংলার প্রথম স্বাধীন রাজা কে ছিলেন ?
534	আচার্য হেমচন্দ্র কবে জন্মগ্রহণ করেন ?
535	পৃথিবীর দীর্ঘতম হিমবাহটির দৈর্ঘ্য কত ?
537	আডলফ হিটলার কোন সালে প্রথম রাজনীতিতে যোগদান করেন ?
539	ত্রিভুবন আন্তর্জাতিক বিমানবন্দরটির উদ্ভোধন কে করেন ?
540	ইন্ডিয়ান স্ট্যাটিস্টিক্যাল ইনস্টিটিউটের সদর দপ্তর কোথায় অবস্থিত ?
541	একজন প্রাপ্তবয়স্ক পুরুষের মস্তিষ্কের গড় ওজন কত ?
542	মোট কয়টি উপনিষদ আছে ?
543	গবলিন হাঙর কোন বর্গের প্রাণী ?
544	ইলিশ মাছের বৈজ্ঞানিক নাম কী ?
546	গ্রেরীফ হাঙরের বৈজ্ঞানিক নাম কী ?
548	জিন মিউটেশনের একক কাকে বলা হয় ?
550	অবিভক্ত ভারতবর্ষের বাংলা প্রদেশের ভাওয়াল এস্টেট বর্তমান বাংলাদেশের কোন জেলায় অবস্থিত ?
552	নেপোলিয়ন বোনাপার্ট কবে জন্মগ্রহণ করেন ?
553	হজ্ব বা হজ্জ বা হজ শব্দটির অর্থ কী ?
554	হ্যারি পটার উপন্যাস-সিরিজের প্রথম সিরিজটির নাম কি ছিল ?
555	পানি বা জলের রাসায়নিক সংকেত কী ?
556	ফরাসি বিপ্লব কবে হয়েছিল ?
557	তামিলনাড়ু রাজ্যের ভেলোর জেলার সদর শহর কোনটি ?
558	মুহাম্মদ ইমাজ উদ্দিন প্রামাণিকের বাবার নাম কী ?
559	তসলিমা নাসরিনের বাবার নাম কী ?
560	ভারতীয় মুদ্রা কোন ব্যাংক কর্তৃক নিয়ন্ত্রিত হয় ?
561	১৯৪৮ অ্যাশেজ সিরিজে ইংল্যান্ড ও অস্ট্রেলিয়ার মধ্যে কোন দেশ জয়ী হয়েছিল ?
563	বর্তমানে বাংলাদেশের নৌবাহিনী প্রধান কে ?
564	ভারতে কি সমকাম আইনসিদ্ধ যৌনক্রিয়া হিসেবে স্বীকৃতি পেয়েছে ?
565	ইসলামের পবিত্র ধর্মগ্রন্থ কোরানে আয়াতের সংখ্যা কয়টি ?
566	মান্দারিন হাঁসের বৈজ্ঞানিক নাম কী ?
567	ফেইসবুকের সদর দপ্তর কোথায় ?
568	চীনা কমিউনিস্ট পার্টির প্রতিষ্ঠাতা কে ?
569	ডাইঅক্সিরাইবোনিউক্লিক অ্যাসিডে কি জিনোম থাকে ?
570	কত সালে দ্বিতীয় বিশ্বযুদ্ধ হয়েছিল ?
572	প্রাচীন মিশরীয় সভ্যতার প্রথম রাজা কে ছিলেন ?
573	কুষ্টিয়া জেলার অন্তর্গত মোট কয়টি পুলিশ থানা রয়েছে ?
575	সুন্নি শব্দটির উৎপত্তি কোন শব্দ থেকে ?
576	আইজাক আসিমভ কোন ছদ্মনাম ব্যবহার করতেন ?
577	শ্রীলঙ্কা সেনাবাহিনীর সর্বাধিনায়ক কি শীলঙ্কার রাষ্ট্রপতি ?
578	লিনাক্স বা গ্নু অপারেটিং সিস্টেম গুচ্ছটি কোন সালে প্রথম চালু হয় ?
579	ক্রিকেট বিশ্বকাপ ২০১৫ কোন দেশে আয়োজিত হয়েছিল ?
580	বিষ্ণুপুর শহরটি কোন জেলার অন্তর্গত ?
582	ভারতবর্ষের ইতিহাসকে মোট কয়টি যুগে ভাগ করা হয় ?
583	বিশ্বের ইতিহাসকে মোট কয়টি যুগে ভাগ করা হয় ?
584	বাংলার প্রথিতযশা সুফী সাধক শাহ মখদুম রূপোশের বাবার নাম কী ?
585	সার্হিও লেওনেল ‘‘কুন’’ আগুয়েরো কোন সাল থেকে ম্যানচেস্টার সিটি দলের হয়ে খেলা শুরু করেন ?
586	ঢাকা মেট্রো নির্মাণের কাজ কবে শুরু হয় ?
587	মিশেল ফুকোর পিতার নাম কি ছিল ?
588	বাংলাদেশ জাতীয়তাবাদী দলের প্রধান বেগম খালেদা জিয়ার মোট সন্তান সংখ্যা কয়টি ?
589	সাধারণত কত বছর বয়সে মেয়েদের ঋতুস্রাব শুরু হয় ?
594	পেশাদার কুস্তিগীর ব্রক লেসনার কবে জন্মগ্রহণ করেন ?
595	বাংলাদেশের জাতীয় খেলার নাম কী ?
596	কৈলাশ সত্যার্থী কত সালে জন্মগ্রহণ করেছিলেন ?
597	কত সালে বাংলাদেশ স্বাধীন ও সার্বভৌম রাষ্ট্র হিসাবে প্রতিষ্ঠিত হয়েছিল ?
599	ইসলামের পবিত্র ধর্মগ্রন্থ কুরআনে সর্বমোট কয়টি সূরা আছে ?
600	আলমগীর কবির কবে জন্মগ্রহণ করেন ?
601	নবী মুহাম্মদের প্রথম স্ত্রীর নাম কী ?
602	ভারতের কর্ণাটক রাজ্যের পূর্ব নাম কি ছিল ?
603	দ্গে-লুগ্স ধর্মসম্প্রদায়ের পঞ্চম দলাই লামা কে ছিলেন ?
604	বৌদ্ধ ধর্মের মূল ধর্মগ্রন্থের নাম কী ?
605	ডাকাতিয়া নদীটির দৈর্ঘ্য কত ?
607	শ্রী টেমাসেক এই দুই তলাবিশিষ্ট বিচ্ছিন্ন বাড়িটির নির্মাতা কে ছিলেন ?
608	আলী ইবনে আবি তালিব কোন বংশে জন্মগ্রহণ করেছিলেন ?
610	রাজা রামমোহন রায় কোথায় জন্মগ্রহণ করেন ?
611	অ্যাংলো-আইরিশ বংশোদ্ভুত ভগিনী নিবেদিতার বাবার নাম কী ?
612	বেদ কয় প্রকার ?
613	ইলিশ মাছের বিজ্ঞানসম্মত নাম কী ?
616	মানবদেহে মোট হাড়ের সংখ্যা কত ?
617	ঘুরি সাম্রাজ্যের পতন কবে হয় ?
618	চট্টগ্রামের জেলা শিল্পকলা একাডেমি কে প্রতিষ্ঠা করেন ?
619	ঠাকুর শ্রীরামকৃষ্ণ পরমহংসদেব কত সালে জন্মগ্রহণ করেছিলেন ?
620	বাংলা ভাষায় ব্যাঞ্জনবর্ণের মোট সংখ্যা কত ?
621	গণপ্রজাতন্ত্রী লাওসের বৃহত্তম শহর কোনটি ?
622	অর্ধনারীশ্বর আর তৃতীয় লিঙ্গ কি এক ?
623	ভারতীয় পতাকাবিধি কবে তৈরি হয় ?
625	কত সালে প্রথম অতিনবতারা দেখা যায় ?
626	কোন চলচ্চিত্রে অভিনয়ের মাধ্যমে নিকোল ম্যারি কিডম্যান তাঁর অভিনয় জীবন শুরু করেন ?
627	ডি.এন.এ কে প্রথম আবিষ্কার করেন ?
628	বাংলাদেশ আওয়ামী লীগের প্রতিষ্ঠাতা কে ছিলেন ?
630	পদার্থবিজ্ঞানে সময় কি জাতীয় রাশি ?
631	ঢাকা বিশ্ববিদ্যালয়ের বর্তমান উপাচার্য কে ?
632	হিন্দু মহাকাব্য মহাভারতে কুন্তীর বাবার নাম কি ছিল ?
633	মুহাম্মদ আলি পাশা আল-মাসউদ ইবনে আগার জন্ম কোথায় হয় ?
634	হুমায়ুন আজাদের মায়ের নাম কী ?
635	ভারতের পশ্চিমবঙ্গ রাজ্যের বৃহত্তম শহর কোনটি ?
638	জিনের নিউক্লিওটাইডের পরম্পরা অনুযায়ী জীবকোষে কোন এসিড থাকে ?
640	নেতাজি সুভাষ চন্দ্র বসুর বাবার নাম কী ?
641	মিশরের সর্বোচ্চ পিরামিডটির উচ্চতা কত ?
644	জালিয়ানওয়ালাবাগ হত্যাকাণ্ডের প্রতিবাদে কে ইংরেজ সরকারের দেওয়া "নাইটহুড" উপাধি ত্যাগ করেছিল ?
645	থাইল্যান্ডের রাজধানী কোথায় ?
646	উত্তর ভারতের রঘুনাথ মন্দিরের প্রতিষ্ঠাতা কে ?
647	বাংলাদেশের জাতীয় পতাকার নকশা কে করেছিলেন ?
648	ভারতের ছত্তীসগঢ় রাজ্যের রাজধানী কোথায় ?
649	মানবদেহের স্বাভাবিক তাপমাত্রা কত ?
650	শাহ মখদুম রূপোশ কবে জন্মগ্রহণ করেন ?
651	ব্রিটিশ ইস্ট ইন্ডিয়া কোম্পানি কবে প্রতিষ্ঠিত হয় ?
652	মতিউর রহমান নিজামী কোন রাজনৈতিক দলের সদস্য ছিলেন ?
654	শহীদ ধীরেন্দ্রনাথ দত্ত কত সালে জন্মগ্রহণ করেছিলেন ?
655	কম্পিউটার কবে প্রথম তৈরী করা হয় ?
656	ইখওয়ান দলটি কবে গঠিত হয় ?
657	মাইকেল মধুসূদন দত্ত কত বছর বয়সে মারা যান ?
658	আইনস্টাইন কোন সালে জন্মগ্রহন করেন ?
659	বৌদ্ধধর্মের প্রবর্তক কে ?
661	মুসলমানদের ধর্মীয় গ্রন্থ কুরআন রচনা করতে মোট কতদিন সময় লাগে ?
664	একটি ক্রিকেট ম্যাচে মোট কয়জন আম্পেয়ার মাঠে থাকে ?
665	সংযুক্ত আরব আমিরাত কবে গঠিত হয় ?
666	পণ্ডিত রবিশঙ্কর কবে জন্মগ্রহণ করেন ?
667	কম্পিউটারে কি ট্রানজিস্টর ব্যবহার করা হয় ?
668	কঙ্কনা সেন শর্মা কোন চলচ্চিত্রে অভিনয়ের জন্য জাতীয় পুরস্কার অর্জন করেন ?
669	ব্রিটিশ লেখিকা জে কে রাউলিং-এর রচিত প্রথম গ্রন্থের নাম কী ?
670	ভারতের কমিউনিস্ট পার্টি কবে গঠিত হয় ?
671	২০১১ সালের ক্রিকেট বিশ্বকাপ কোথায় অনুষ্ঠিত হয়েছিল ?
672	গঙ্গা নদীর উৎস স্থল কোথায় ?
673	আন্তন পাভলোভিচ চেখভের বাবার না কী ছিল ?
674	টাইটানিক জাহাজটি কত সালে নির্মাণ করা হয়েছিল ?
676	উত্তরপ্রদেশের সর্বমোট জেলার সংখ্যা কয়টি ?
678	জিন কার্যের একক কী ?
679	নব্যপ্রস্তর যুগের আগের যুগটির নাম কী ?
680	ভারতীয় কমিউনিস্ট পার্টি কবে গঠিত হয় ?
682	ভারতীয় জনতা পার্টি কবে প্রতিষ্ঠিত হয় ?
683	আজিজুল হক কলেজ কবে প্রতিষ্ঠিত হয় ?
685	হুমায়ূন আহমেদ রচিত প্রথম উপন্যাসটির নাম কী ?
687	১৯৭১ সালে বাংলাদেশের গণহত্যায় মোট কতজন নিহিত হয়েছিল ?
688	সমকামিতা শব্দটির উৎস কোন শব্দ থেকে ?
690	বিখ্যাত জাদুকর পি সি চন্দ্র সরকারের জন্ম কোথায় হয় ?
691	ইন্টেল কর্পোরেশন কোম্পানি কবে প্রতিষ্ঠিত হয় ?
694	রাণী ভিক্টোরিয়ার আসল নাম কী ?
695	চীনের বর্তমান জনসংখ্যা কত ?
696	ওয়াশিংটন ডিসি কোন দেশের রাজধানী ?
697	প্রথম বাংলা রক ব্যান্ডের নাম কী ?
698	মাইকেলেঞ্জেলোর জন্ম কোথায় হয় ?
699	হিন্দুধর্মের জন্ম কবে হয় ?
700	বাংলাদেশ জাতীয়তাবাদী দলের সর্বপ্রথম চেয়ারম্যান কে ছিলেন ?
702	জহির-উদ্দিন মুহম্মদ বাবরের পর কে মোঘল সাম্রাজ্যের সিংহাসনে বসেন ?
703	হিব্রু বাইবেলের মোট কতগুলি খণ্ড আছে ?
704	ক্রিস্টোফার হেনরি "ক্রিস" গেইল তাঁর কত বছর বয়স থেকে ওয়েস্ট ইন্ডিজ জাতীয় ক্রিকেট দলের হয়ে খেলা শুরু করেন ?
705	কবিগুরু রবীন্দ্রনাথ ঠাকুর কত সালে মৃণালিনী দেবীকে বিবাহ করেন ?
707	একজন প্রাপ্ত বয়স্ক মানুষের মস্তিষ্কের গড় ওজন কত ?
708	মালদ্বীপের মুদ্রার নাম কী ?
709	কত সালে বারাক ওবামা রাষ্ট্রপতি হিসাবে একটি আনুষ্ঠানিক সাক্ষাৎকার দিয়েছিলেন "আল আরাবিয়া" চ্যানেলে ?
711	আন্দিজ পর্বতমালার দৈর্ঘ্য কত ?
712	একশো ইউরোর নোটটি কোন রঙের ?
713	নেতাজী সুভাষ ইঞ্জিনিয়ারিং কলেজ কবে স্থাপিত হয় ?
714	জহির রায়হানের লেখা প্রথম উপন্যাসের নাম কী ?
717	পশ্চিমবঙ্গের রাজনৈতিক ইতিহাসে দীর্ঘ ৩৪বছর শাসন করেছে কোন রাজনৈতিক দল ?
718	ঋতুপর্ণ ঘোষ পরিচালিত দ্বিতীয় চলচ্চিত্রের নাম কী ?
719	বুড়িগঙ্গা নদীর দৈর্ঘ্য কত ?
720	গ্রেগরীয় পঞ্জিকার প্রচলন সর্বপ্রথম ঘটে কবে থেকে ?
721	বাংলাদেশের শহীদ মুক্তিযোদ্ধা মহিউদ্দিন জাহাঙ্গীরের বাবার নাম কী ?
722	মায়া জনগোষ্ঠীর আবির্ভাব প্রথম কোথায় হয়েছিল ?
724	পাফ্ অ্যাডার সাপের বৈজ্ঞানিক নাম কী ?
727	ক্যাপ্টেন ডাক্তার লক্ষ্মী সেহগল ভারতের কোথায় জন্মগ্রহণ করেন ?
728	সমুদ্রগুপ্তের মায়ের নাম কী ছিল ?
729	কুরুক্ষেত্রের যুদ্ধের সূচনা কবে হয় ?
731	আডলফ হিটলারের রচিত গ্রন্থের নাম কী ?
732	ডিম্বাশয়ের আকৃতি কেমন হয় ?
733	গ্নু/লিনাক্স অপারেটিং সিস্টেমটির ডেভলপার কে ছিলেন ?
734	মার্কিন যুক্তরাষ্ট্রের প্রথম রাষ্ট্রপতি জর্জ ওয়াশিংটন কবে জন্মগ্রহণ করেন ?
735	বিখ্যাত জ্যোতির্বিজ্ঞানী কোপার্নিকাসের জন্ম কবে হয় ?
736	সুচিত্রা মিত্রের বাবার নাম কী ?
737	দ্বিতীয় আব্বাসীয় খলিফা আবু জাফর আবদাল্লাহ ইবনে মুহাম্মদ আল মনসুরের জন্ম কবে হয় ?
738	হাইড্রোজেন গ্যাসের পারমাণবিক সংখ্যা কত ?
739	হ্যারি পটার চলচ্চিত্র সিরিজটির প্রথম সিরিজটির নাম কী ?
740	তিতুমীর বাঁশের কেল্লাটি কোথায় নির্মাণ করেছিলেন ?
741	বাংলাদেশের জেলা শিল্পকলা একাডেমি কত সালে প্রতিষ্ঠিত হয়েছিল ?
743	ইসলামের পবিত্র ধর্মগ্রন্থের নাম কী ?
745	ফ্লিপকার্ট ভারতে প্রথম কবে চালু হয় ?
746	চট্টগ্রাম বিশ্ববিদ্যালয় কবে প্রতিষ্ঠিত হন ?
747	গ্রিক পুরাণ মতে জিউসের স্ত্রী কে ছিলেন ?
749	ইসলাম যৌন আইনশাস্ত্র অনুযায়ী সমলিঙ্গের যৌনাচার কি বৈধ ?
750	সর্বপ্রথম ফিফা বিশ্বকাপ আন্তর্জাতিক ফুটবল প্রতিযোগিতা কোন দেশে অনুষ্ঠিত হয়েছিল ?
751	হিলফুল ফুজুল কোন শহরে অবস্থিত ?
752	হিন্দু পুরাণ অনুসারে রাম মোট কত বছর বনবাসে ছিলেন ?
755	টিপু সুলতানের মৃত্যু কবে হয় ?
756	চিকুনগুনিয়া ভাইরাস কবে প্রথম শনাক্ত করা হয় ?
757	মুহাম্মদ যখন আয়িশাকে বিবাহ করেন তখন আয়িশার বয়স কত ছিল ?
759	১৯৭১ সালের বাংলাদেশের স্বাধীনতাযুদ্ধের মুক্তিবাহিনীর প্রথম সামরিক ব্রিগেড "জেড ফোর্স"-এর ব্রিগেড কমান্ডার কে ছিলেন ?
760	সিলেটের মোট আয়তন কত ?
761	নবী মুহাম্মাদের মোট কয়জন স্ত্রী ছিল ?
762	কুরআনে সর্বমোট কতগুলো সূরা আছে ?
763	বিংশ শতাব্দীর প্রারম্ভে সংঘটিত রুশ–জাপান যুদ্ধ কোন সাগরের তীরে সংঘটিত হয়েছিল ?
764	ইউনেস্কো জাতিসংঘের সদর দপ্তর কোথায় ?
765	রামকৃষ্ণ মঠ ও মিশন কবে প্রতিষ্ঠিত হয় ?
766	প্রধানমন্ত্রী জওহর লাল নেহরু কত সালে বিয়ে করেছিলেন ?
767	শের-ই-বাংলা জাতীয় ক্রিকেট স্টেডিয়ামটি কবে তৈরি হয় ?
769	বাংলাদেশে মোট কতগুলি সরকারি বিশ্ববিদ্যালয় আছে ?
772	ধূসর রঙটি আসলে একটি বর্ণহীন রং ?
773	২০১৫ সালের ক্রিকেট বিশ্বকাপের ফাইনাল ম্যাচে কোন দলের জয় হয় ?
774	ঢাকা মেট্রো প্রকল্পটির কাজ কবে প্রথম শুরু হয় ?
775	হিন্দু মহাকাব্য রামায়ণ অনুসারে রামের মোট কত জন সন্তান ছিল ?
777	ইরান দেশটি বর্তমানে কয়টি প্রদেশে বিভক্ত ?
778	বাংলাদেশের সিলেট বিভাগের মোট আয়তন কত ?
779	বাংলাদেশ কি একটি ধর্ম নিরপেক্ষ রাষ্ট্র ?
780	কররানী রাজবংশের রাজধানী কোথায় ছিল ?
781	মহীনের ঘোড়াগুলি ব্যান্ডটি কবে ভেঙে যায় ?
782	দেবশ্রী রায়ের ডাক নাম কি ?
784	অর্ডোভিশিয়ান যুগের আগের নাম কী ?
785	ঈশ্বরের অস্তিত্বে যারা বিশ্বাস করেনা তাদের কি বলা হয় ?
787	অভিজিৎ রায়কে কে বা করা খুন করে ?
788	মার্কিন যুক্তরাষ্ট্রের রাষ্ট্রপতি নির্বাচন কি একটি পরোক্ষ নির্বাচন ?
790	ওলন্দাজ-অস্ট্রেলীয় সামরিক কমান্ডো অফিসার উইলিয়াম আব্রাহাম সাইমন ঔডারল্যান্ড কবে জন্মগ্রহণ করেন ?
792	ঈশ্বর শব্দের অর্থ কী ?
794	সুভাষচন্দ্র বসু কবে জন্মগ্রহণ করেন ?
795	বাংলাদেশ নৌবাহিনীর বর্তমান (২০১৮) নৌসেনা প্রধানের নাম কী ?
796	শাহ মখদুম রূপোশের বাবাও কি একজন সুফী ছিলেন ?
799	হোমো ইরেক্টাস কোন শ্রেণীর প্রজাতি ?
800	বাংলাদেশী রাজনীতিবিদ সালাউদ্দিন কাদের চৌধুরীর বাবার নাম কী ?
801	বর্তমানে ঢাকা বিশ্ববিদ্যালয়ের উপাচার্য কে ?
802	বাংলা ভাষা আন্দোলন কবে শেষ হয় ?
804	জৈন শব্দটি কোন শব্দ থেকে এসেছে ?
805	২০১৫ ক্রিকেট বিশ্বকাপে মোট কতগুলি দল অংশগ্রহণ করেন ?
806	স্বামী বিবেকানন্দের শিষ্যা ভগিনী নিবেদিতা কবে প্রথম ভারতবর্ষে আসেন ?
807	প্রথম বাংলা রক ব্যান্ডটি কবে প্রতিষ্ঠিত হয় ?
810	সাইয়েদ কুতুব কত সালে বি.এ ডিগ্রী লাভ করেন ?
812	মুহাম্মদ বিন ইসমাইল বিন ইবরাহীম বিন মুগীরাহ বিন বারদিযবাহ কবে জন্মগ্রহণ করেন ?
813	চট্টগ্রামের বোয়ালখালীতে অবস্থিত স্যার আশুতোষ সরকারি কলেজের প্রথম অধ্যক্ষ কে ছিলেন ?
815	দেবী দুর্গার স্বামীর নাম কী ?
818	ঠাকুর শ্রীরামকৃষ্ণ পরমহংসদেবের আসল নাম কি ছিল ?
819	ইংরেজ টেস্ট ক্রিকেটার জর্জ হার্বার্ট হার্স্টের বাবার নাম কী ?
820	শেখ মুজিবুর রহমান কবে বাংলাদেশের রাষ্ট্রপতির পদ গ্রহণ করেন ?
821	ভারতে পুরুষ সমকামীতা কি আইনত বৈধ ?
822	ইসলামের রাসুল মুহাম্মাদ-এর সাহাবী জুবাইর ইবনুল আওয়ামের বাবার নাম কী ?
823	টেস্ট ক্রিকেট খেলায় মোট কয়জন আম্পেয়ার থাকে ?
824	নাট্যকার দীনবন্ধু মিত্র মোট কতগুলি নাটক রচনা করেন ?
825	জান্নাত কি একটি আরবি শব্দ ?
826	অপটিক্যাল ফাইবার প্রথম কে আবিষ্কার করেন ?
827	বর্তমানে আফগানিস্তান কয়টি প্রদেশে বিভক্ত ?
830	ভারতবর্ষের দীর্ঘতম নদীর নাম কী ?
831	ফিলিস্তিন বা প্যালেস্টাইনের রাজধানী কোথায় ?
832	আবু তারেক মাসুদের পরিচালিত প্রথম চলচ্চিত্রের নাম কী ?
834	রিচার্ড গেভিন গার্ডিনার ক্যাসির বাবার নাম কী ?
835	নেলসন রোলিহ্লাহ্লা ম্যান্ডেলা কোন বিশ্ববিদ্যালয় থেকে পড়াশোনা করেন ?
836	ভারতীয় বিমানবাহিনী কবে প্রতিষ্ঠিত হয় ?
837	ভারতের কর্ণাটক রাজ্যের রাজধানী কোথায় ?
839	বাংলাদেশে কি সমকামিতা বৈধ ?
841	জিনেটিক্স শব্দটির উদ্ভাবক কে ?
842	ঈশ্বরচন্দ্র বিদ্যাসাগর কত সালে বর্ণপরিচয় লিখেছিলেন ?
844	বিশ্বজনীন অবস্থান-নির্ণায়ক ব্যবস্থা প্রথম কবে চালু হয় ?
845	মহাস্থানগড় বাংলাদেশের কোন জেলায় অবস্থিত ?
846	ইলেক্ট্রন কি সর্বদা ঋণাত্মক তড়িৎ আধান বহন করে ?
848	সামাজিক চুক্তি তত্ত্বটি উদ্ভব কবে হয় ?
850	ইসলাম শব্দটির উৎপত্তি কোন শব্দ থেকে হয়েছে ?
851	জে কে রাউলিং কত সালে জন্মগ্রহণ করেছিলেন ?
852	বর্তমানে ঢাকা বিশ্ববিদ্যালয়ের মোট ছাত্রছাত্রীর সংখ্যা কত ?
855	পাকিস্তানের রাজধানী কোথায় ?
856	ঈশ্বরচন্দ্র বিদ্যাসাগর কোথায় জন্মগ্রহণ করেন ?
857	স্যার আশুতোষ সরকারি কলেজ কে প্রতিষ্ঠা করেন ?
858	সুমন মুখোপাধ্যায় পরিচালিত চতুরঙ্গ চলচ্চিত্রটি কত সালে মুক্তি পায় ?
859	উত্তর কলকাতার সংস্কৃত কলেজের প্রথম অধ্যক্ষ কে ছিলেন ?
860	বৃন্দাবনকে কি কৃষ্ণের লীলা ভূমি বলা হয় ?
861	ইসলাম ধর্ম অনুযায়ী নারীদের সৌন্দর্যকে আড়াল করার জন্য যে বিশেষ ব্যবস্থা অবলম্বন করা হয় তাকে কি বলে ?
862	পশ্চিমবঙ্গের নকশাল আন্দোলনের সূচনা কবে হয় ?
863	বাংলাদেশ মিলিটারি একাডেমি কবে প্রতিষ্ঠিত হয় ?
864	মোহাম্মদ হামিদুর রহমানের কবর স্থান কোথায় অবস্থিত ?
865	ফুটবল ক্লাব বার্সেলোনা কত সালে প্রতিষ্ঠিত হয় ?
866	হিন্দু দেবী চামুণ্ডা কি দুর্গার একটি বিশেষ রূপ ?
867	ডেভিড অ্যান্ড্রু ওয়ার্নার কবে থেকে অস্ট্রেলিয়ার জাতীয় ক্রিকেট দলে খেলা শুরু করেন ?
870	লি কেকিয়াং কোন সালে জন্মগ্রহণ করেন ?
871	জেমস বন্ড চলচ্চিত্র সিরিজের প্রথম চলচ্চিত্রটির নাম কী ?
872	বাংলাদেশের দিনাজপুর জেলার মোট আয়তন কত ?
873	সংবাদ প্রভাকর পত্রিকা কি একটি ত্রৈমাসিক পত্রিকা ছিল ?
875	কররানী রাজবংশের প্রতিষ্ঠাতা কে ?
876	রাধিকার সহচরী তুলসীদেবী কি সুদামের স্ত্রী ছিলেন ?
878	মুঘলরা কোন অঞ্চল থেকে ভারতবর্ষে আগমন করেন ?
880	ডিজিটাল মুদ্রার ধারণা প্রথম কে দিয়েছিলেন ?
881	বাংলাদেশের অস্থায়ী সরকার বা মুজিবনগর সরকারের সময় প্রধানমন্ত্রী কে ছিলেন ?
883	পূর্ণবয়স্ক মানবদেহের অস্থি সংখ্যা কত ?
885	মার্কিন পেশাদার কুস্তিগীর, র‌্যাপার, অভিনেতা ফিলিক্স অ্যন্থনিও সিনা কবে জন্মগ্রহণ করেন ?
886	২০০৯ সালে মুক্তিপ্রাপ্ত শার্লক হোমস চলচ্চিত্রে শার্লক হোমসের ভূমিকায় কে অভিনয় করেছিলেন ?
888	পাকিস্তানে প্রথম ক্যাডেট কলেজ কবে প্রতিষ্ঠিত হয় ?
889	কাতার দেশটি কত সালে স্বাধীনতা লাভ করে ?
890	পৃথিবীর প্রথম ব্যক্তিগত কম্পিউটারের নির্মাতা কে ?
892	দেবিকা রাণী চৌধুরীর মায়ের নাম কী ?
894	১৭৫৭ সালে বাংলার গভর্নর কে ছিলেন ?
895	সুই সাম্রাজ্যের প্রতিষ্ঠাতা কে ছিলেন ?
896	ওস্তাদ আলী আকবর খানের বাবার নাম কী ?
897	ইসলামে হাদিস বিষয়ে পণ্ডিত ব্যক্তিকে কি বলা হয় ?
898	ডোরেমন কি একটি কানহীন বিড়াল রোবটের চরিত্র ?
899	স্যার রজার পেনরোজের বাবার নাম কী ?
900	স্বর্ণকুমারী দেবীর স্বামীর নাম কী ছিল ?
902	চিকুইতোস নামটির অর্থ কী ?
905	২০১৫ ক্রিকেট বিশ্বকাপের চূড়ান্ত পর্বের ম্যাচটি কোন শহরে আয়োজিত হয় ?
907	তিতুমীরের পিতার নাম কি ছিল ?
908	বিখ্যাত জ্যোতির্বিজ্ঞানী নিকোলাউস কোপের্নিকুস কবে জন্মগ্রহণ করেন ?
909	কত সালে সর্বপ্রথম বাংলাদেশের অভিনেত্রী বিদ্যা সিনহা সাহা মীম জাতীয় চলচ্চিত্র পুরস্কার পেয়েছিলেন ?
910	মাইলি রে সাইরাস অভিনীত প্রথম চলচ্চিত্রের নাম কী ?
912	ইলিয়াড মহাকাব্যটি কবে রচিত হয় ?
913	মুঘল বা মোগল সাম্রাজ্যের প্রতিষ্ঠাতা কে ?
914	বর্ণান্ধতা কী জন্মগত কোন রোগ ?
915	লালন সাঁই বা ফকির লালনের জন্ম কোথায় হয় ?
916	পালবংশের প্রতিষ্ঠাতা কে ?
918	পাকিস্তান কি একটি স্বাধীন সার্বভৌম রাষ্ট্র ?
919	মহাকবি মাইকেল মধুসূদন দত্তের রচিত 'মেঘনাদবধ' কাব্যটির প্রথম প্রকাশকাল কত ?
920	হিন্দু মহাকাব্য মহাভারতে পাণ্ডবদের জেষ্ঠ্য ভ্রাতার নাম কী ?
921	গুপ্ত বংশের প্রতিষ্ঠাতা কে ?
922	ইন্দোনেশিয়ার প্রথম রাষ্ট্রপতি কে ?
923	খৃস্টান ধর্মের উদ্ভব কবে ঘটে ?
924	বাংলাদেশের কেন্দ্রীয় ব্যাংক কবে প্রতিষ্ঠিত হয় ?
925	জে. কে. রাউলিং রচিত হ্যারি পটার উপন্যাসের প্রথম খন্ডের নাম কী ?
927	স্টিভেন উইলিয়াম হকিং কত বছর বয়সে মারা যান ?
928	পূর্ণবয়স্ক নারীদেহে ডিম্বাশয়ের দৈর্ঘ্য কত হয় ?
929	অ্যাপোলো ৮ মহাকাশযানটি কত তারিখ চাঁদ থেকে পৃথিবীতে ফিরে আসে ?
930	১৯৯৭ সালে মনতাজুর রহমান আকবরের কুলি ছায়াছবিতে সাদিকা পারভিন পপির বিপরীতে কোন অভিনেতা অভিনয় করেন ?
931	বাংলাদেশের সংবিধান কে রচনা করেন ?
932	পুরুলিয়া জেলার অযোধ্যা পাহাড়ের উচ্চতা কত ?
933	বাগদা চিংড়ির বৈজ্ঞানিক নাম কী ?
936	গণিতবিদ আর্যভট্ট কবে জন্মগ্রহণ করেন ?
937	খ্রিস্টান ধর্ম অনুযায়ী কোন দিনটিকে যীশু খ্রিস্টের জন্মদিন হিসেবে পালন করা হয় ?
938	২০১১ ক্রিকেট বিশ্বকাপে মোট কতগুলি দেশ অংশগ্রহণ করেছিল ?
942	ছত্রাক কোন কোষ দ্বারা গঠিত হয় ?
945	বিশ্বের প্রথম স্মার্টফোনের নাম কী ?
946	ক্রিকেট খেলার জন্ম কোথায় হয় ?
947	মৌমাছির বৈজ্ঞানিক নাম কী ?
948	পশ্চিমবঙ্গের বাঁকুড়া জেলার সদর শহর কোনটি ?
949	বাংলা ভাষা আন্দোলনের সূচনা স্থল কোথায় ?
950	বিশ্বের প্রথম কম্পিউটার কে তৈরি করেন ?
951	কবি রবীন্দ্রনাথ ঠাকুর কত সালে নোবেল পুরস্কার পান ?
953	মুখমণ্ডল শনাক্তকরণ পদ্ধতিতে কোন সেন্সর ব্যাবহার করা হয় ?
954	রাশিদুন খিলাফত কত বছর স্থায়ী ছিল ?
956	পশ্চিমবঙ্গের উত্তর চব্বিশ পরগনা জেলা কয়টি মহকুমা নিয়ে গঠিত ?
957	ভারতীয় জাতীয় পতাকায় মোট কতগুলি রং থাকে ?
959	সনাতন ধর্ম তথা হিন্দু ধর্মের সর্বপ্রাচীন পবিত্র ধর্মগ্রন্থ কোনটি ?
960	বাঙালি মহিয়সী নারী এবং সংগ্রামী কৃষক নেতা ইলা মিত্র কবে জন্মগ্রহণ করেন ?
961	জে কে রাউলিং রচিত হ্যারি পটার উপন্যাস সিরিজের প্রথম খন্ডটির নাম কি ছিল ?
962	বাংলাদেশের সংবিধান কবে বাংলাদেশের সংসদে গৃহীত হয় ?
963	তিব্বতী বৌদ্ধধর্মের অন্যতম প্রধান ধর্মসম্প্রদায় দ্গে-লুগ্স ধর্মসম্প্রদায়ের চতুর্থ দলাই লামা কে ছিলেন ?
964	অ্যাডোবি সিস্টেমস কত সালে অ্যাডোবি ফটোশপ সফটওয়্যারটি তৈরি করেন ?
965	মীরাবাঈ এর স্বামীর নাম কী ছিল ?
967	বাংলা বিজ্ঞান কল্পকাহিনীর প্রথম লেখক কে ?
968	মিশরে মোট কতগুলো পিরামিড রয়েছে ?
969	ড. কামাল চৌধুরী রচিত প্রথম কাব্যগ্রন্থের নাম কী ?
971	ন্যাশনাল আওয়ামী পার্টি প্রথম কত সালে গঠিত হয় ?
972	পৃথিবীর আধুনিক যুগ কবে শুরু হয় ?
975	স্বাধীনোত্তর পশ্চিমবঙ্গের রাজধানী কোথায় ছিল ?
976	মুহাম্মদ ইমাজ উদ্দিন প্রামাণিক কত সালে পাট ও বস্ত্র মন্ত্রণালয়ের দায়িত্বপ্রাপ্ত মন্ত্রী হিসেবে যোগদান করেন ?
977	পুয়ের্তো রিকোর রাজধানী কোথায় ?
980	জার্মানির বৃহত্তম শহর কোনটি ?
981	হোসে আন্তোনিও ডোমিনগেজ বান্দেরাস অভিনীত প্রথম চলচ্চিত্রটির নাম কী ?
982	অটোমান সাম্রাজ্যের রাজধানী কোথায় ছিল ?
983	আওরঙ্গজেব কোন সাম্রাজ্যের শাসক ছিলেন ?
984	ইতালির রাজধানীর নাম কী ?
985	রয়েল বেঙ্গল টাইগারের বৈজ্ঞানিক নাম কী ?
987	বাংলাদেশের রাজধানী ঢাকা শহরের বর্তমান জনসংখ্যা কত ?
990	চৌধুরী রহমত আলি কোন পরিবারে জন্মগ্রহণ করেছিলেন ?
991	মালদ্বীপের রাজধানীর নাম কী ?
992	মাল্টি-মোড অপটিক্যাল ফাইবারের কোর কি একক-মোড অপটিক্যাল ফাইবারের থেকে বড় হয় ?
994	এক কথায় সমাস শব্দটির অর্থ কী ?
995	কম্পিউটার কে আবিষ্কার করেন ?
996	হযরত মুহাম্মদের বাবার নাম কী ?
999	হ্যারি পটার সিরিজের তৃতীয় গ্রন্থটির নাম কী ?
1002	সুইস গণিতবিদ এবং পদার্থবিজ্ঞানী লেওনার্ড অয়লারের বাবার নাম কী ?
1003	সর্বপ্রথম কোন মোবাইল প্রস্তুতকারক সংস্থা স্মার্টফোন বাজারে এনেছিল ?
1004	শচীন তেন্ডুলকর কবে জন্মগ্রহণ করেন ?
1005	২০০৩ ক্রিকেট বিশ্বকাপে মোট কতগুলি দেশ অংশগ্রহণ করে ?
1006	আণবিক নিউক্লিয়াস কত সালে আবিষ্কৃত হয় ?
1007	ক্রিস্তিয়ানো রোনালদো মোট কত বছর রিয়াল মাদ্রিদ ক্লাবের হয়ে খেলেছেন ?
1008	বায়ুমণ্ডলে নাইট্রোজেনের পরিমান কত ?
1009	ক্রিস্তিয়ানো রোনালদো কোন সাল থেকে পর্তুগাল জাতীয় দলের হয়ে খেলা শুরু করেন ?
1010	ঝাঁকপাল্লার বৈজ্ঞানিক নাম কী ?
1011	বাংলার পালবংশের প্রতিষ্ঠা কবে হয় ?
1012	পানির রাসায়নিক সংকেত কী ?
1014	নেতাজি সুভাষ চন্দ্র বসুর জন্মসাল কত ?
1015	স্বামী বিবেকানন্দের শিষ্যা ভগিনী নিবেদিতার জন্ম কোথায় হয় ?
1016	হুগলী জেলার সদর শহর কোনটি ?
1019	ত্শাংস-দ্ব্যাংস-র্গ্যা-ম্ত্শো কোন জাতির অন্তর্ভুক্ত ছিলেন ?
1020	কেন্দ্রীয় শহিদ মিনারটির উচ্চতা কত ?
1021	নেলসন রোলিহ্লাহ্লা ম্যান্ডেলা কত বছর রবেন দ্বীপের কারাগারে বন্দি ছিলেন ?
1022	২০১১ আই.সি.সি. ক্রিকেট বিশ্বকাপে মোট কতগুলি দেশ অংশগ্রহণ করেছিল ?
1023	ভারতীয় পাতটি পূর্বে কোন মহাদেশের অংশ ছিল ?
1024	সভিগনন ব্লাঙ্ক-এর স্বাদ কি মিষ্টি ?
1026	প্রথম ভারতীয় রক সঙ্গীত ব্যান্ডের নাম কী ?
1027	ফেড্রিখ উইন্সল টেলর কত সালে জন্মগ্রহণ করেন ?
1028	হিব্রু বাইবেল ও কুরআন-এর বর্ণনা অনুযায়ী ইসহাক নামটির উৎপত্তি কোথা থেকে ?
1029	আত্মহত্যা শব্দটির উৎপত্তি কোথা থেকে ?
1030	টেলিফোন কবে আবিষ্কৃত হয় ?
1031	ব্রিটিশ সেনাবাহিনীর স্পেশাল এয়ার সর্ভিসের ডাকনাম কী ?
1032	ওয়ার্ল্ড রেস্টলিং এন্টারটেনমেন্ট নামক বিনোদন সংস্থাটির প্রথম নাম কী ছিল ?
1034	যোনির প্রবেশ মুখে যে পাতলা পর্দা থাকে তাকে কি বলা হয় ?
1035	ধীরেন্দ্রনাথ দত্ত কোন কলেজ থেকে আইন নিয়ে পড়াশোনা করেন ?
1036	নববী মুহাম্মদ কবে জন্মগ্রহণ করেন ?
1037	গর্ভাবস্থায় কত সপ্তাহ পর বাচ্চার মস্তিষ্ক গঠন হয় ?
1038	আরবি লিপিতে বর্ণের সংখ্যা কয়টি ?
1040	মাইক্রোসফট কোম্পানি কবে প্রতিষ্ঠিত হয় ?
1042	বর্তমানে বাংলাদেশের সেনাপ্রধান কে ?
1043	মসলিন কোন ধরণের তুলো দ্বারা তৈরি হত ?
1045	গ্রেট ব্রিটেনের সবচেয়ে জনবহুল শহর কোনটি ?
1046	মোস্তাফা জব্বার কত সালে বাংলাদেশের তথ্যপ্রযুক্তি মন্ত্রীর পদ গ্রহণ করেন ?
1047	গুপ্ত বংশের প্রতিষ্ঠা কবে হয় ?
1048	অটোমান সাম্রাজ্যের প্রতিষ্ঠাতা কে ?
1049	ফরাসি বিপ্লবের সূচনা পূর্বে ফ্রান্সে নারীদের কি কোনো রাজনৈতিক অধিকার ছিল ?
1050	মানুষের বয়ঃসন্ধি বলতে কোন সময়কে বোঝানো হয় ?
1051	মঙ্গল সাম্রাজ্যের প্রতিষ্ঠাতা কে ?
1052	স্যার জগদীশ চন্দ্র বসু কত বছর বয়সে মারা যান ?
1053	ফরাসি বিপ্লব কবে সংঘটিত হয়েছিল ?
1054	পারিস কোন নদীর তীরে অবস্থিত ?
1055	জনপ্রিয় কথাশিল্পী হুমায়ূন আহমেদ রচিত প্রথম উপন্যাসের নাম কী ?
1056	সুন্দরবনের কত পরিমান এলাকা জুড়ে ম্যানগ্রোভ অরণ্য বিস্তৃত ?
1057	হাভিয়ের আলেহান্দ্রো মাশ্চেরানো কোন সাল থেকে হেবেই চীন ফরচুন দলের হয়ে খেলা শুরু করেন ?
1058	বাইজেন্টাইন সাম্রাজ্যের সর্বপ্রথম সম্রাট কে ছিলেন ?
1059	ডেভিড অ্যান্ড্রু ওয়ার্নার কবে জন্মগ্রহণ করেন ?
1060	বর্ণান্ধতা কী জিনগত কোনো রোগ ?
1061	আত্মহত্যা শব্দটি কোন শব্দ থেকে এসেছে ?
1062	আর্সেনাল নামক ফুটবল ক্লাবটি কবে প্রতিষ্ঠিত হয় ?
1063	ক্রিস্তিয়ানো রোনালদো বর্তমানে কোন ফুটবল ক্লাবের হয়ে খেলেন ?
1064	মহাভারত কে রচনা করেন ?
1066	মুহাম্মাদের স্ত্রী আয়িশার পুরো নাম কি ছিল ?
1067	কত সালে সর্বপ্রথম ডেটাবেজ আবিষ্কার করা হয় ?
1069	ব্রিটিশ লেখিকা জে. কে. রাউলিং কোন শহরে জন্মগ্রহণ করেন ?
1070	তৃণমূল রাজনীতিবিদ মওলানা আবদুল হামিদ খান ভাসানী কোথায় জন্মগ্রহণ করেন ?
1071	মহাস্থানগড় প্রত্নস্থলটি ইতিহাসের কোন সময়ের সাক্ষ্য বহন করে ?
1072	বাংলাদেশের রাষ্ট্রপতি জিয়াউর রহমান কত সালে বাংলাদেশ জাতীয়তাবাদী দলটি প্রতিষ্ঠা করেছিলেন ?
1073	বাংলাদেশে কত সালে ভাষা আন্দোলনের সূচনা হয়েছিল ?
1074	বিশ্বের প্রথম মনোবৈজ্ঞানিক কে ?
1075	প্রথম কত সালে ভারতে আন্তর্জাতিক মহিলা ক্রিকেট ম্যাচ চালু হয় ?
1076	প্যালিওজোয়িক মহাযুগের অন্তর্গত প্রথম অধিযুগের নাম কী ?
1077	জীবনানন্দ দাশের বাবার নাম কী ?
1079	কড়া ভাজার রন্ধনপ্রণালী সর্বোচ্চ কত তাপমাত্রার গরম তেলে রান্না করা হয় ?
1080	বাংলাদেশের অভিনেত্রী শাবনূরের আসল নাম কি ?
1081	পার্বত্য জেলা রাঙ্গামাটি শহরে মোট আয়তন কত ?
1082	হিন্দু শব্দের উৎপত্তি কোন শব্দ থেকে ?
1083	ভারতবর্ষের পশ্চিমবঙ্গ রাজ্যের মোট কতগুলি জেলা আছে ?
1084	উত্তর আমেরিকা মহাদেশের মোট আয়তন কত ?
1085	লন্ডন কোন নদীর তীরে অবস্থিত ?
1087	কেরালা অঙ্গরাজ্যের রাজধানী কোথায় ?
1088	মালদ্বীপের প্রথম রাষ্ট্রপতির নাম কী ?
1089	অবিভক্ত বাংলা কত সালে বিভক্ত হয় ?
1090	বাংলাদেশের লক্ষ্মীপুর জেলার সদর শহর কোনটি ?
1091	এলজিবিটি সম্প্রদায় বলতে কি সমকামীদের বোঝানো হয় ?
1092	পশ্চিমবঙ্গের মোট আয়তন কত ?
1093	পরমাণু কী দ্বারা গঠিত হয় ?
1094	ভারতীয় পণ্ডিত মল্লনাগ বাৎস্যায়ন রচিত "কামসূত্র" গ্রন্থের মোট কয়টি অধ্যায় রয়েছে ?
1096	আবু নছর মোহাম্মদ গাজীউল হক বাংলাদেশের কোথায় জন্মগ্রহণ করেন ?
1098	বর্তমানে বাংলাদেশে ক্ষমতায় কোন সরকার রয়েছে ?
1099	খ্রিস্ট ধর্ম অনুযায়ী কোন দিনটিকে বড়দিন বলা হয় ?
1100	চার্লি চ্যাপলিন পরিচালিত প্রথম পূর্ণদৈর্ঘ্য চলচ্চিত্র কোনটি ?
1102	জয়নুল আবেদিন কবে জন্মগ্রহণ করেন ?
1103	ভারতবর্ষের পশ্চিমবঙ্গ রাজ্যের সবচেয়ে নবীন জেলা কোনটি ?
1104	আর্সেনাল ফুটবল ক্লাবটি কোন শহরে অবস্থিত ?
1105	বর্তমানে বৌদ্ধ ধর্ম মোট কয়টি মতবাদে বিভক্ত ?
1106	২০১৬ আইসিসি টুয়েন্টি২০ বিশ্বকাপ ফাইনালে কোন দেশের জয় হয়েছিল ?
1107	সত্য সাই বাবার মায়ের নাম কী ?
1108	পদ্মা নদী কোন সাগরে গিয়ে মিশেছে ?
1109	বর্ণান্ধতা বা বর্ণান্ধত্ব বা বর্ণবৈকল্য কী একটি জীন ঘটিত ব্যাধি ?
1110	পৃথিবীর প্রথম কম্পিউটারের নাম কী ?
1111	ভারতের সংবিধানে মহিলা সমকামিতা কি বৈধ ?
1112	হিন্দুধর্মের প্রাচীন নাম কী ?
1113	অযোধ্যায় বাবরি মসজিদটি কোন রাজার আদেশে নির্মিত হয় ?
1114	আইএলও সনদ কবে প্রতিষ্ঠিত হয় ?
1115	দুর্গাপুজো কি হিন্দু বাঙালির সবচেয়ে বড় উৎসব ?
1116	বাংলাদেশে প্রথম কোন সালে কম্পিউটার ব্যবহারের প্রচলন শুরু হয় ?
1117	ইংরেজ ক্রিকেট আম্পায়ার হ্যারল্ড ডেনিস বার্ডের ডাকনাম কি ছিল ?
1118	পুরুষের দেহে বীর্য কোথায় উৎপন্ন হয় ?
1119	বাংলাদেশের জনপ্রিয় অভিনেত্রী শাবনূরের জন্ম কবে হয় ?
1120	আবদুল্লাহ বিন আল-হুসাইন কত সালে জন্মগ্রহণ করেছিলেন ?
1122	এইচবিওর টেলিভিশন ধারাবাহিক গেম অব থ্রোনস কত সালে শুরু হয়েছিল ?
1125	শেরেবাংলা আবুল কাশেম ফজলুল হক কোন কলেজ থেকে পড়াশোনা করেন ?
1126	সমিত রোহিত প্যাটেল কোন সালে প্রথম ইংল্যান্ড ক্রিকেট দলের হয়ে খেলা শুরু করেন ?
1127	ভারতীয় জাতীয় পতাকার নকশা কে তৈরি করেন ?
1128	যুক্তরাষ্ট্রের উত্তরে ইউটা অঙ্গরাজ্যে অবস্থিত গ্রেট সল্ট লেকের গড় গভীরতা কত ?
1130	ব্রুনাই-এর রাজধানী কোথায় ?
1131	মোগল সম্রাট আকবরের পর কে মোঘল সিংহাসন অধিকার করেন ?
1132	স্বাধীন বাংলা বেতার কেন্দ্রটি সর্বপ্রথম কোথায় প্রতিষ্ঠিত হয় ?
1135	শ্রীকৃষ্ণকীর্তন কাব্যের কোন খণ্ডটি খণ্ডিত ?
1136	সুই সাম্রাজ্যের দ্বিতীয় সম্রাটের নাম কী ?
1137	ইন্দোনেশিয়ার রাজধানী কোথায় ?
1138	গুগলের প্রথম মোবাইল অপারেটিং সিস্টেমের নাম কী ছিল ?
1140	১৯৪৯ খ্রিস্টাব্দে আওয়ামী মুসলিম লীগ কে প্রতিষ্ঠা করে ?
1143	সর্বপ্রথম টুথব্রাশ বা দাঁতের ব্রাশটি কি দিয়ে তৈরি হয়েছিল ?
1145	দক্ষিণ আফ্রিকার ক্রিকেটার আব্রাহাম বেঞ্জামিন ডি ভিলিয়ার্সের ডাকনাম কি ছিল ?
1146	কণিকা বন্দ্যোপাধ্যায়ের জন্ম সাল কত ?
1147	ভারতীয় জনতা পার্টি বা বিজেপি র প্রথম প্রধানমন্ত্রী কে ?
1148	জিয়াউর রহমান কোন সালে বাংলাদেশের রাষ্ট্রপতি হন ?
1150	এইচ.আই.ভি. ভাইরাস কবে আবিষ্কৃত হয় ?
1151	ই ইঙ্ক কর্পোরেশনের প্রতিষ্ঠাতা কে ?
1152	মার্কিন যুক্তরাষ্ট্রের বর্তমান (২০১৯) রাষ্ট্রপতি কে ?
1155	ফ্রান্সের সরকারি নাম কী ?
1156	বিশ্ববিখ্যাত ইরানী চলচ্চিত্র পরিচালক আব্বস কিয়রোস্তামির পরিচালিত প্রথম চলচ্চিত্রের নাম কী ?
1157	মার্কিন যুক্তরাষ্ট্রের প্রথম রাষ্ট্রপতির নাম কী ?
1158	উত্তর কলকাতার সংস্কৃত কলেজ কে বা কারা প্রতিষ্ঠা করে ?
1161	আন্তর্জাতিক ক্রিকেট কাউন্সিল কবে প্রতিষ্ঠিত হয় ?
1162	বিশ্বের প্রথম কম্পিউটারের নাম কী ছিল ?
1163	ঢাকায়  মসলিন শাড়ি কি সত্যিই একটি দিয়াশলাই বাক্সের মধ্যে রাখা যেত ?
1164	মধ্য আমেরিকার স্বাধীনতা ঘোষণা কবে হয় ?
1165	শরিফ হুসাইন বিন আলী কর্তৃক সূচিত আরব বিদ্রোহ কবে শেষ হয় ?
1166	ভারতীয় পণ্ডিত মল্লনাগ বাৎস্যায়ন "কামসূত্র" গ্রন্থটি কোন ভাষায় রচনা করেছিলেন ?
1168	শাহ এ এম এস কিবরিয়া কত সালে জন্মগ্রহণ করেন ?
1169	মোট কতগুলো দ্বীপ নিয়ে মালদ্বীপ বা মালদ্বীপ প্রজাতন্ত্র গঠিত ?
1170	অ্যাপল ইনকর্পোরেটেড প্রতিষ্ঠানটি কবে প্রতিষ্ঠিত হয় ?
1171	মাইকেল মধুসূদন দত্তের প্রথম স্ত্রীর নাম কী ?
1172	আয়তনের দিক থেকে প্রজাতন্ত্রী তুরস্কের সবচেয়ে বড় শহর কোনটি ?
1173	ব্রিটিশ লেখিকা জে. কে. রাউলিং রচিত প্রথম উপন্যাসের নাম কী ?
1174	'বাঙালি মুসলমানের মন' গ্রন্থটি কবে প্রথম প্রকাশিত হয় ?
1175	হাওয়াইয়ান দেশটি কোন মহাদেশের অন্তর্গত ?
1176	উপনিষদ্ শব্দের অর্থ কী ?
1177	আচেহ দারুসসালাম রাজতন্ত্রের পূর্বের রাজধানীর নাম কি ছিল ?
1178	বাইবেলের আদি পুস্তক অনুসারে সারাই কে ছিলেন ?
1179	মাতৃভাষা বাংলার দাবিতে কত সালে বাংলাদেশে ভাষা আন্দোলন শুরু হয়েছিল ?
1181	আবদুল আজিজ বা ইবনে সৌদ কবে জন্মগ্রহণ করেন ?
1182	পশ্চিমবঙ্গের কোন অঞ্চলে বেঙ্গল টাইগার বা রয়েল বেঙ্গল টাইগার দেখা যায় ?
1183	আন্তর্জাতিক অলাভজনক প্রচার মাধ্যম সংস্থা উইকিলিকসের মালিক কে ?
1184	ব্রাহ্মসমাজ বা ব্রাহ্মসভার প্রতিষ্ঠাতা কে ছিলেন ?
1185	নারায়ণগঞ্জ জেলার সদর শহর কোনটি ?
1186	হিন্দুদের কোন পুজোকে সর্বজনীন পুজো বলে অভিহিত করা হয় ?
1187	জুলিয়াস রবার্ট ওপেনহেইমার কোন বিশ্ববিদ্যালয়ের ছাত্র ছিলেন ?
1188	উইন্ডোজ সার্ভার ৮ এর পরের ভার্সনের নাম কী ?
1189	দ্বিতীয় বিশ্বযুদ্ধের সূচনা কবে হয় ?
1190	আবু বকরের বাবার নাম কী ছিল ?
1191	ইন্দো-ইউরোপীয় ভাষা পরিবারের মোট কয়টি শাখা আছে ?
1192	অসমের প্রথম মুখ্যমন্ত্রী কে ছিলেন ?
1193	জাকির হোসেন রাজু পরিচালিত প্রথম চলচ্চিত্রের নাম কী ?
1194	বেদের মেয়ে জোসনা নামক বাংলাদেশী চলচ্চিত্রটি ১৯৮৯ সালের কোন তারিখে মুক্তি পায় ?
1195	সূত্র শব্দটিকে বৌদ্ধধর্ম অনুযায়ী কী বলা হয় ?
1196	বাংলাদেশের দ্বিতীয় জাতীয় সংসদ নির্বাচন কোন মাসে অনুষ্ঠিত হয়েছিল ?
1197	বাংলাদেশের দিনাজপুর জেলার সদর শহর কোনটি ?
1198	মহিলাদের প্রথম ক্রিকেট বিশ্বকাপ কবে অনুষ্ঠিত হয় ?
1199	আমেরিকান ফিল্ম ইনস্টিটিউটের বোর্ড অফ ডিরেক্টরের প্রধান কে ?
1200	জলে আর্সেনিকের হার কত থাকলে তা মানবদেহের জন্য ক্ষতিকারক ?
1201	নবী মুহাম্মদ কবে জন্মগ্রহণ করেন ?
1205	মানবদেহের ক্ষুদ্রতম অস্থি কোনটি ?
1206	বর্তমানে সারা বিশ্বে মোট কত সংখ্যক লোকের মাতৃ ভাষা বাংলা ভাষা ?
1209	শাং সাম্রাজ্যের প্রতিষ্ঠা কবে হয় ?
1210	বাংলায় পলাশীর যুদ্ধ কত সালে হয়েছিল ?
1211	টেলিফোন কে প্রথম আবিষ্কার করেন ?
1212	হিন্দু ধর্ম মতে নরকের স্থান কোথায় ?
1213	দুর্গাপূজার শেষ দিনটিকে কী বলা হয় ?
1214	আজিজুল হক কলেজের প্রথম অধ্যক্ষ কে ছিলেন ?
1215	আলবার্ট আইনস্টাইন কত সালে মারা গিয়েছিলেন ?
1216	রামকৃষ্ণ পরমহংসের স্ত্রীর নাম কী ?
1217	স্যার আইজ্যাক নিউটনের মায়ের নাম কী ছিল ?
1218	চলচ্চিত্র অভিনেতা অশোক কুমার গঙ্গোপাধ্যায়ের বাবার নাম কী ?
1219	সর্বপ্রথম মোট কতগুলো দেশ আন্তর্জাতিক অলিম্পিকে অংশগ্রহণ করেছিল ?
1220	শরিফ হুসাইন বিন আলী কর্তৃক সূচিত আরব বিদ্রোহ কবে শুরু যায় ?
1221	মুহাম্মাদ মুরসি ইসা আল-আইয়াত কত সালে মিশরের রাষ্ট্রপতির পদ গ্রহণ করেন ?
1222	মুহাম্মদ আলি জিন্নাহ কবে জন্মগ্রহণ করেন ?
1223	কোন মশার কারণে ডেঙ্গু জ্বর হয় ?
1226	বিদ্যা বালানের অভিনীত প্রথম চলচ্চিত্রের নাম কী ?
1227	হ্যারি পটার উপন্যাসটির সর্বশেষ সিরিজটির নাম কী ?
1228	হিন্দু ধর্মগ্রন্থে মোট কতগুলো দেব দেবীর উল্লেখ রয়েছে ?
1231	বাংলা ভাষায় লেখা প্রথম বিজ্ঞান কল্পকাহিনী গ্রন্থের নাম কী ?
1232	শচীন তেন্ডুলকার কত সালে পদ্মভূষণ পুরস্কার পান ?
1233	মসজিদুল হারাম কোথায় অবস্থিত ?
1235	স্টিভেন উইলিয়াম হকিং কোন রোগে আক্রান্ত ছিলেন ?
1236	তৃতীয় লিঙ্গ-এর ইংরেজি পরিভাষা কী ?
1237	সুন্দরবন জাতীয় উদ্যানের মোট আয়তন কত ?
1238	অ্যালাং কোন দেশের জাহাজ ভাঙ্গার কোম্পানি ?
1239	ভারতীয় রিজার্ভ ব্যাংক কোন শহরে অবস্থিত ?
1241	বাহরাইন বিশ্ববিদ্যালয় কোন শহরে অবস্থিত ?
1243	স্পেনের প্রাইমেরা ডিভিশন লিগা ন্যাশিওন্যাল ডি ফুটবল প্রফেসনাল এর শীর্ষ পর্যায়ের পেশাদারী ঘরোয়া ফুটবল লীগটি কত সালে প্রতিষ্ঠিত হয় ?
1245	ব্ল্যাকবেরি বোল্ড সিরিজের প্রথম স্মার্টফোনটির নাম কী ?
1246	উমাইয়া মসজিদ কোন রাজার আমলে তৈরি হয়েছিল ?
1247	বাংলাদেশের বরিশাল বিশ্ববিদ্যালয়টি কত সালে প্রতিষ্ঠিত হয় ?
1248	বিরামপুর উপজেলার মোট আয়তন কত ?
1249	মৌর্য্য সাম্রাজ্যের প্রতিষ্ঠা কবে হয় ?
1250	২০০৪ সালের ২১শে আগস্ট বাংলাদশের গ্রেনেড হামলাটি ঠিক কোন সময় হয় ?
1251	বাংলাদেশের স্বাধীনতা যুদ্ধে কি ভারতবর্ষ বাংলাদেশকে সাহায্য করেছিল ?
1252	জিন শব্দটি কোন শব্দ থেকে এসেছে ?
1253	মুজিবুর রহমান কে কি বাংলাদেশের জাতির জনক হিসেবে গণ্য করা হয় ?
1254	উত্তর কোরিয়ার রাজধানী শহর কোনটি ?
1257	বাঙালী প্রত্নতত্ত্ববিদ রাখালদাস বন্দোপাধ্যায় কোন সভ্যতা আবিষ্কার করেছিলেন ?
1258	প্রথম র‌্যান্ডম অ্যাক্সেস মেমোরি কবে তৈরী হয় ?
1260	জাফরান কি রঙের হয় ?
1261	উইন্ডোজ সার্ভার ২০১২-এর মোট কয়টি সংস্করণ আছে ?
1262	ইউরি আলেক্সেইভিচ্ গাগারিনের বাবার নাম কী ?
1263	উসমানীয় সাম্রাজ্য কে প্রতিষ্ঠা করেন ?
1265	শিখধর্মের পবিত্র ধর্মগ্রন্থের নাম কী ?
1266	স্ট্রেঞ্জ টেলস্‌ পাল্প ম্যাগাজিনটির প্রথম সম্পাদক কে ছিলেন ?
1267	ওলামা বলতে কাদের বোঝানো হয় ?
1268	ধ্বনিবিজ্ঞানের কয়টি প্রধান শাখা রয়েছে ?
1270	মোট কয়টি জেলা নিয়ে উত্তর প্রদেশ রাজ্যটি গঠিত হয়েছে ?
1272	জোকো "জোকোউয়ি" উইদোদো কত সালে ইন্দোনেশিয়ার রাষ্ট্রপতি নির্বাচিত হন ?
1273	মার্কিন টেলিভিশন নাটক সিরিজ 'ডেক্সটার'এর পরিচালক কে ছিলেন ?
1275	যাঁরা ঈশ্বরে বিশ্বাস করেন তাঁদের এককথায় কী বলা হয় ?
1276	রবীন্দ্রনাথ ঠাকুর কত সালে নোবেল পুরস্কার পান ?
1277	বিপ্লবী ইসলামী আন্দোলনের সূচনা কত সালে হয়েছিল ?
1278	১৯৭১ সালে বাংলাদেশের স্বাধীনতা যুদ্ধের সময় বাংলাদেশের প্রধানমন্ত্রী কে ছিলেন ?
1279	দক্ষিণ কোরিয়ার বৃহত্তম শহর কোনটি ?
1280	পুরাণ মতে শ্রীকৃষ্ণের জন্ম কবে হয় ?
1284	যশোদাবেন নরেন্দ্রভাই মোদীর পেশা কী ছিল ?
1285	রবীন্দ্রনাথ ঠাকুর তাঁর কোন গ্রন্থের জন্য নোবেল পুরস্কার অর্জন করেন ?
1287	কার নাম অনুসারে মুর্শিদাবাদ জেলার নামকরণ করা হয়েছে ?
1288	বর্তমানে ইরানের সর্বোচ্চ ধর্মীয় নেতা কে ?
1289	পৃথিবীতে মোট কত প্রজাতির হাঙর আছে ?
1290	মাইক্রোসফট কোম্পানির সদর দপ্তর কোথায় ?
1291	কেশবচন্দ্র সেন কত সালে ব্রাহ্মসমাজে যোগদান করেন ?
1292	যুগোস্লাভিয়ার রাজধানী কোথায় ?
1294	ভাস্কো দা গামা কত সালে কালিকট বন্দরে অবতরণ করেন ?
1295	বর্তমানে বাংলাদেশের মোট জনসংখ্যা কত ?
1297	হোমো ইরেক্টাসের প্রথম প্রমাণ কোথায় পাওয়া যায় ?
1299	ব্রাহ্মসমাজ আন্দোলনের সূচনা কবে হয়েছিল ?
1301	ইসলাম ধর্মের প্রধান ধর্মগ্রন্থের নাম কী ?
1302	বাংলাদেশের মোট কতগুলি উপজেলা আছে ?
1304	ফেইসবুকের বর্তমান (২০১৯) মালিক কে ?
1306	বাংলাদেশের কোন অঞ্চলে প্রথম বিদ্যুৎ উৎপাদন কেন্দ্র তৈরি হয় ?
1308	উপেন্দ্রকিশোর রায় চৌধুরী কত সালে মারা যান ?
1309	অলিম্পিক গেমসের উদ্ভব কবে হয় ?
1311	বার্থোলিন গ্রন্থির প্রধান কাজ কী ?
1312	হ্যারি পটার উপন্যাস-সিরিজের মোট কয়টি সিরিজ আছে ?
1314	এশীয় উন্নয়ন ব্যাংক কবে তৈরি হয় ?
1315	মহিলা সমকামী বোঝাতে ইংরেজির কোন পরিভাষাটি ব্যবহার করা হয় ?
1317	রাশিয়ার সরকারি ভাষা কী ?
1318	মওলানা আবদুল হামিদ খান ভাসানী কত সালে বাংলাদেশের রাজনীতিতে যোগ দেন ?
1319	মালয়েশিয়ার রাজধানী কোথায় ?
1320	বর্তমানে উত্তর কোরিয়ার সর্বোচ্চ নেতা কে ?
1321	আয়তনের বিচারে পৃথিবীর বৃহত্তম মহাদেশ কোনটি ?
1322	বনলতা সেন কবিতাটি প্রথম কবে প্রকাশিত হয় ?
1323	মহাবিশ্ব সম্প্রসারণ তত্ত্বটি প্রথম কে আবিষ্কার করেন ?
1325	জনপ্রিয় খাবার খিচুড়ির প্রধান উপকরণ কী ?
1326	রোনাল্দো লুইস নাজারিও ডি লিমা কোন সালে ব্রাজিলের জাতীয় ফুটবল দল থেকে অবসর গ্রহণ করেন ?
1327	পশ্চিমবঙ্গের উচ্চতম শৃঙ্গের নাম কী ?
1328	হাত্তিনের যুদ্ধে কোন দলের জয় হয় ?
1329	একজন প্রাপ্ত বয়স্ক মানুষের শরীরে মোট কত লিটার রক্ত থাকে ?
1330	পুরুষের শুক্রাণুতে মোট কতগুলো ক্রোমোজোম থাকে ?
1334	বাংলাদেশের প্রথম রাষ্ট্রপতি শেখ মুজিবুর রহমানের জন্ম কবে হয় ?
1335	স্বামী বিবেকানন্দের জন্ম কবে হয় ?
1336	উইকিলিকসের প্রতিষ্ঠাতা কে ?
1337	ঔপন্যাসিক ও গল্পকার জহির রায়হান পরিচালিত প্রথম চলচ্চিত্রের নাম কী ?
1338	পুরাণ মতে মনসার বাবার নাম কী ?
1340	মধ্যযুগের বাঙালি কবি আলাওলের জন্মসাল কত ?
1341	পুরাজীব মহাযুগের প্রথম যুগের নাম কী ?
1343	মালালা ইউসুফজাই কবে জন্মগ্রহণ করেন ?
1344	দ্বিতীয় বিশ্বযুদ্ধ কত সালে শুরু হয়েছিল ?
1345	আলবার্ট আইনস্টাইন কত সালে পদার্থবিজ্ঞানে নোবেল পুরস্কার পান ?
1348	কত সালে সর্বপ্রথম ইলেকট্রন আবিষ্কার হয়েছিল ?
1349	দক্ষিণ কোরিয়ার সরকারি নাম কী ?
1352	রাশিয়ার সরকারি ভাষা কী ?
1353	মুহাম্মদ আতাউল গণি ওসমানী কবে জন্মগ্রহণ করেন ?
1354	বাংলাদেশের মরমী কবি এবং বাউল শিল্পী অহিদুর রেজা বা দেওয়ান হাসন রাজা চৌধুরী বাংলাদেশের কোন অঞ্চলে জন্মগ্রহণ করেন ?
1355	উত্তর ইয়েমেনের রাজধানী কোথায় ছিল ?
1356	ভারতের পররাষ্ট্রমন্ত্রী সুষমা স্বরাজ কত সালে প্রথম বাংলাদেশে তার প্রথম আন্তর্জাতিক সফর করেন ?
1357	ভারতবর্ষে কবে প্রথম সমকামিতাকে বৈধ বলে ঘোষণা করা হয় ?
1358	রাণী ভিক্টোরিয়ার স্বামীর নাম কী ?
1361	১৯৭৫ সালের ক্রিকেট বিশ্বকাপ জয়ী দলের নাম কী ?
1363	চীনের বিখ্যাত মহাপ্রাচীরের দৈর্ঘ কত ?
1365	উত্তর চব্বিশ পরগনা জেলার সদর শহর কোনটি ?
1367	ফ্লাশ শৌচাগার সর্বপ্রথম কত সালে আবিষ্কৃত হয়েছিল ?
1368	কলিকাতা পৌরসংস্থার বর্তমান মহানাগরিক কে ?
1369	দর্শন শব্দটি কোন শব্দ থেকে এসেছে ?
1373	পুরাপ্রস্তর যুগের পর কোন যুগের আবির্ভাব হয়েছিল ?
1374	উসমানীয় সাম্রাজ্যের প্রতিষ্ঠা কবে হয় ?
1375	হুগলি জেলার সদর শহর কোনটি ?
1380	শশাঙ্কের রাজত্বকালে তাঁর সাম্রাজ্যের রাজধানী কোথায় ছিল ?
1381	পাইন প্রসেশনারির বৈজ্ঞানিক নাম কী ?
1383	পলাশীর যুদ্ধ কত সালে হয়েছিল ?
1385	কম্পিউটার প্রযুক্তি প্রতিষ্ঠান মাইক্রোসফটের প্রতিষ্ঠা হয়েছিল কোন সালে ?
1388	মুহম্মদ জাফর ইকবাল কোন বিশ্ববিদ্যালয়ের ছাত্র ছিলেন ?
1389	বাংলাদেশের শহীদ মুক্তিযোদ্ধা মোহাম্মদ হামিদুর রহমানের মায়ের নাম কী ?
1390	ইলেকট্রনের নামকরণ কে করেন ?
1391	হালাকু খানের স্ত্রীর নাম কি ছিল ?
1392	ইন্দোনেশিয়ার বর্তমান (২০১৯) রাষ্ট্রপতি কে ?
1393	ইলিশ কি মিষ্টি জলের মাছ ?
1394	২০১২ খ্রিস্টাব্দে মঙ্গল গ্রহে নাসার প্রেরিত চতুর্থ রোবটযান "কিউরিওসিটি রোভারের" ওজন কত ছিল ?
1395	প্রাচীন সংস্কৃত মহাকাব্য রামায়ণের শ্লোকগুলো কোন ছন্দে রচিত ?
1397	কারা সর্বপ্রথম "খান” নামটি আফগানিস্তানে নিয়ে এসেছিল ?
1398	পাতিকাক কি বাসা বাঁধে ?
1399	আধুনিক বাংলা সাহিত্যের অন্যতম প্রধান কবি শামসুর রাহমানের জন্মসাল কত ?
1400	খলিফা আবু বকরের পূর্ণ নাম কি ছিল ?
1401	মাইকেলেঞ্জেলোর মায়ের নাম কি ছিল ?
1404	আইন জালুতের যুদ্ধে কার জয় হয় ?
1405	বাংলা ব্যাকরণ মতে ভাব বিশেষণ কয় প্রকার ?
1406	সৈয়দ নওশের আলী কোন রাজনৈতিক দলের সদস্য ছিলেন ?
1408	বাংলাদেশের স্বাধীনতা যুদ্ধের সময় বাংলাদেশের প্রধানমন্ত্রী কে ছিলেন ?
1409	জৈন শব্দটির উৎপত্তি কোন শব্দ থেকে ?
1410	কম্পিউটার প্রযুক্তি প্রতিষ্ঠান মাইক্রোসফটের সদর দপ্তর কোথায় অবস্থিত ?
1411	মানুষ কোন গোত্রের প্রাণী ?
1412	বর্তমানে আই ফোনে ব্যাবহৃত আইওএস এর সর্বাধুনিক ভার্সন কোনটি ?
1413	মানব দেহে কোষের সংখ্যা কত ?
1414	সাধারণত কত বছর বয়সে মেয়েদের রজঃস্রাব শুরু হয় ?
1416	কলকাতা পৌরসংস্থার বর্তমান মহানাগরিক কে ?
1417	আফগানিস্তানের বর্তমান (২০১৯) রাজধানী কোথায় ?
1419	সাধারন আপেক্ষিকতা তত্ত্বের সমীকরণটি কে প্রথম আবিষ্কার করেন ?
1420	নিখিল ভারত মুসলিম লীগ কত সালে প্রতিষ্ঠিত হয়েছিল ?
1421	ভারতীয় চলচ্চিত্র অভিনেত্রী আলিয়া ভাটের অভিনীত প্রথম চলচ্চিত্রের পরিচালক কে ছিলেন ?
1422	মোহাম্মদ লুৎফর রহমানের বাবার নাম কী ?
1423	তিন গোয়েন্দা নামক গোয়েন্দা কাহিনী সিরিজের লেখক কে ?
1425	বাংলাদেশের স্বাধীনতাযুদ্ধের ভাস্কর্য কবে নির্মিত হয়েছিল ?
1426	যারা ঈশ্বরে বিশ্বাস করে না তাদের কী বলা হয় ?
1427	সমকামিতা শব্দের উৎপত্তি কোন শব্দ থেকে ?
1429	টেলিফোন সর্বপ্রথম কে আবিষ্কার করেন ?
1430	শহীদ মুক্তিযোদ্ধা মহিউদ্দিন কত সালে বাংলাদেশের স্বাধীনতা যুদ্ধে অংশগ্রহণ করেছিলেন ?
1432	ইলখানাতের দ্বিতীয় শাসক কে ছিলেন ?
1433	বাংলাদেশের ঢাকেশ্বরী মন্দিরের ঢাকেশ্বরীর বিগ্রহটি মোট কত বছরের পুরোনো ?
1434	প্রথম বাঙালি নারীবাদী সাহিত্যের রচয়িতা কে ?
1436	সত্যেন্দ্রনাথ বসু কত সালে জন্মগ্রহণ করেন ?
1440	ভারতীয় বাঙালি রাজনীতিবিদ জ্যোতি বসুর জন্ম কবে হয় ?
1441	হিন্দু ধর্ম মতে পূর্বপূরুষের তর্পণ করার কী কোনো নির্দিষ্ট দিন থাকে ?
1442	পাকিস্তান কি একটি সার্বভৌম দেশ ?
1443	শহীদ ধীরেন্দ্রনাথ দত্তর বাবার নাম কি ছিল ?
1444	বিজ্ঞান কথাটির ইংরেজি প্রতিশব্দ "সায়েন্স" কথাটি কোথা থেকে এসেছে ?
1445	দক্ষিণ কোরিয়ার বৃহত্তম শহর কোন টি ?
1446	কত সালে গ্লেন থমাস জেকব্স‌ পেশাদার কুস্তিগির হিসেবে কর্মজীবন শুরু করেন ?
1447	বিংশ শতাব্দীর প্রারম্ভে সংঘটিত রুশ–জাপান যুদ্ধে কোন দেশ জয়লাভ করেছিল ?
1448	গোলাম আযমের জন্ম কবে হয় ?
1449	স্বাধীন ভারতের প্রথম মহিলা রাষ্ট্রপতি কে ছিলেন ?
1450	উত্তর কলকাতার সংস্কৃত কলেজটি কত সালে প্রতিষ্ঠিত হয় ?
1451	গোয়ার বৃহত্তম শহরের নাম কী ?
1453	ত্রিপুরার বর্তমান মুখ্যমন্ত্রী কে ?
1454	ভারতের জাতীয় পতাকার গেরুয়া রংটি কীসের প্রতীক ?
1455	শেখ মোহাম্মদ সুলতানের মায়ের নাম কি ছিল ?
1456	আন্দিজ পর্বতমালার গড় উচ্চতা কত ?
1457	বাংলাদেশী অভিনেতা, মডেল, শিক্ষক ও গায়ক চঞ্চল চৌধুরীর বাবার নাম কী ?
1458	বাংলাদেশের সর্বপ্রথম জাতীয় সংসদ নির্বাচন কত সালে অনুষ্ঠিত হয়েছিল ?
1462	১৯৮৮ সালে ঘূর্ণিঝড়ের কারণে বাংলাদেশের মোট ক্ষয়ক্ষতির পরিমান কত ?
1463	যিশু খ্রিস্টের বাবার নাম কী ?
1464	পশ্চিমবঙ্গের প্রথম মহিলা মুখ্যমন্ত্রীর নাম কী ?
1465	রাজা রামমোহন রায় কার সঙ্গে যৌথ উদ্যোগে ব্রাহ্মসমাজের প্রতিষ্ঠা করেন ?
1466	বিখ্যাত জ্যোতির্বিজ্ঞানী নিকোলাউস কোপের্নিকুস কোন দেশের নাগরিক ছিলেন ?
1467	মুসলমানদের ধর্মীয় গ্রন্থ কুরআনের মোট কয়টি সূরা বর্তমান ?
1468	ইন্দ্রজিৎ বা মেঘনাদকে কেন্দ্র করে কোন বাঙালি কবি একটি সাহিত্যিক মহাকাব্য রচনা করেন ?
1469	বাগদাদ কোন দেশের রাজধানী ?
1470	কাতার দেশটি  কোন সালে স্বাধীনতা লাভ করে ?
1471	রায়ান থমাস গসলিং অভিনীত প্রথম চলচ্চিত্রের নাম কী ?
1473	পশ্চিমবঙ্গের রাজধানী কোথায় ?
1474	বিখ্যাত শিকারী জিম করবেট কোথায় জন্মগ্রহণ করেছিলেন ?
1476	মার্কিন অভিনেতা ক্রিস্টোফার রবার্ট "ক্রিস" ইভানসের অভিনীত প্রথম চলচ্চিত্রের নাম কী ?
1477	আদি ব্রাহ্ম সমাজ কার নেতৃত্বে গড়ে ওঠে ?
1478	বাংলাদেশি সমাজবিজ্ঞানী অনুপম সেন কোন কলেজ থেকে স্নাতক ডিগ্রি লাভ করেন ?
1479	আয়তনের বিচারে কানাডা বিশ্বের কততম রাষ্ট্র ?
1480	সত্য সাই বাবার জন্মস্থান কোথায় ?
1481	পশ্চিমবঙ্গের কোন দিকে পার্বত্য অঞ্চল অবস্থিত ?
1482	সিরিয়ার বর্তমান রাষ্ট্রপতি কে ?
1484	বাংলাদেশের ইউনিয়ন পরিষদ কবে গঠিত হয় ?
1485	বাংলাদেশী চলচ্চিত্র পরিচালক আলমগীর কবিরের পরিচালিত প্রথম চলচ্চিত্রটি বাংলাদেশে কবে মুক্তি পায় ?
1486	মোহাম্মদ মোসাদ্দেক কোন রাজনৈতিক দলের নেতা ছিলেন ?
1491	দেবশ্রী রায়ের মায়ের নাম কি ?
1492	জান্নাত কি একটি আরবি শব্দ কী ?
1493	বাংলায় নীল বিদ্রোহ দমনের জন্য ইংরেজ সরকার কোন নীতি গ্রহণ করেন ?
1494	সুন্দরবনে কি রয়্যাল বেঙ্গল টাইগার থাকে ?
1496	মহাবিশ্বের সৃষ্টি কবে হয় ?
1498	রিয়াল মাদ্রিদ ফুটবল ক্লাবটি কবে প্রতিষ্ঠিত হয় ?
1499	শেখ মুজিবুর রহমান কবে জন্মগ্রহণ করেন ?
1500	মুঘল সাম্রাজ্যের সর্বশেষ সম্রাট কে ?
1502	বাংলাদেশের চট্টগ্রামের মোট আয়তন কত ?
1503	সত্যজিৎ রায় পরিচালিত পথের পাঁচালি বাংলা চলচ্চিত্রটি কোন সালে মুক্তি পেয়েছিলো ?
1504	পৃষ্ঠটানকে কোন চিহ্ন দ্বারা প্রকাশ করা হয় ?
1506	মানবদেহের হৃৎপিণ্ডের মোট কয়টি প্রকোষ্ঠ থাকে ?
1507	বিশ্বের প্রথম কম্পিউটার কোন দেশে আবিষ্কৃত হয় ?
1509	ভারতের জাতীয় পতাকার সবুজ রংটি কীসের প্রতীক ?
1510	যিশু খ্রিস্টের জন্মসাল কত ?
1511	মিশরের উচ্চতম পিরামিডের উচ্চতা কত ?
1512	মিশরের উচ্চতম পিরামিড কোনটি ?
1513	আবু জাফর আবদাল্লাহ ইবনে মুহাম্মদ আল মনসুর কবে জন্মগ্রহণ করেন ?
1514	মালয়ালাম ভাষা কি তামিল ভাষা থেকে উদ্ভূত হয়েছে ?
1515	প্রগতি লেখক ও শিল্পী সংঘ উদীচী সাংস্কৃতিক সংগঠনের প্রতিষ্ঠাতা সত্যেন সেনের জন্ম কোথায় হয় ?
1516	বর্তমানে খুলনা প্রকৌশল ও প্রযুক্তি বিশ্ববিদ্যালয়ের মোট ছাত্রছাত্রীর সংখ্যা কত ?
1517	গ্রিক ভাষা কোন ভাষা গোষ্ঠীর অন্তর্গত ?
1518	বাংলাদেশের কক্সবাজার জেলার মোট আয়তন কত ?
1519	অভ্র কিবোর্ড কে উদ্ভাবন করেন ?
1520	কঙ্কনা সেন শর্মার অভিনীত প্রথম বাংলা চলচ্চিত্রের নাম কী ?
1522	খলিফা আবু বকর কত সালে মারা যান ?
1523	কবে প্রথম হোমো ইরেক্টাসের প্রমাণ পাওয়া যায় ?
1524	ভারতীয় জাতীয় পতাকার সাদা রংটি কিসের প্রতীক ?
1525	স্বর্ণকুমারী দেবী রচিত প্রথম উপন্যাসের নাম কী ?
1526	অ্যাংলো-আইরিশ বংশোদ্ভুত ভগিনী নিবেদিতার জন্ম কবে হয় ?
1528	হুবার্ট গুভেইন নামি ডিন কোন সালে প্রথম দক্ষিণ আফ্রিকার জাতীয় ক্রিকেট দলের হয়ে খেলা শুরু করেন ?
1530	আন্তর্জাতিক অলাভজনক প্রচার মাধ্যম সংস্থা উইকিলিকসের প্রধান মুখপাত্র কে ?
1531	তিব্বতের রাজধানী কোথায় ?
1532	পাল বংশের প্রথম রাজা কে ?
1536	আয়তনের দিক থেকে জার্মানি ইউরোপ মহাদেশের কততম রাষ্ট্র ?
1537	সুন্দরবনের কত শতাংশ জল ও কত শতাংশ স্থল ?
1538	ভারতবর্ষে কত বছর অন্তর রাষ্ট্রপতি নির্বাচন হয়ে থাকে ?
1539	'গীতাঞ্জলি' কাব্যগ্রন্থটিতে মোট কতগুলি কবিতা আছে ?
1540	২০০৬ ফিফা বিশ্বকাপ ফাইনালে কোন দলের পরাজয় হয় ?
1542	বাউল গান কি এক প্রকার লোকসঙ্গীত ?
1543	আবদুল আজিজ বা ইবনে সৌদের বাবার নাম কী ছিল ?
1544	মিশর ও সুদানের খেদিভ ইসমাইল পাশার বাবার নাম কী ?
1545	ভারতীয় পতাকা বিধি কবে তৈরি হয় ?
1546	মাদার টেরিজা কোথায় জন্মগ্রহণ করেছিলেন ?
1547	ভারতীয় মহাকাশ গবেষণা সংস্থা কবে প্রতিষ্ঠিত হয় ?
1548	আন্দ্রেস ইনিয়েস্তা লুহান কত সালে জাপানি দল ভিসেল কোবের হয়ে খেলা শুরু করেন ?
1549	মাস্টারদা সূর্য সেন কোন কলেজে পড়াশোনা করেন ?
1550	ভারতীয় দণ্ড বিধির খসড়া কবে তৈরি হয় ?
1551	বার্লিন কোন দেশের রাজধানী ?
1552	কলকাতা নগরীর পত্তন কোন সালে হয়েছিল ?
1553	কার কাছে  রিং-স্পুংস-পা রাজবংশের পতন ঘটে ?
1554	মিথানল বা মিথাইল এলকোহলের কি কোনো গন্ধ আছে ?
1555	ভারতের সরকারি মুদ্রা কি ?
1556	এইচ আই ভি কি একটি সংক্রামক ভাইরাস ?
1557	বাংলাদেশের একজন বিশিষ্ট ইসলামী চিন্তাবিদ আল্লামা শাহ আহমদ শফী কবে জন্মগ্রহণ করেন ?
1558	কোরআন কবে রচিত হয় ?
1559	রক্তের প্রধান কয়টি উপাদান থাকে ?
1560	বাংলাদেশে কী মুঘল স্থাপত্যের নিদর্শন আছে ?
1561	ভারতীয় ই-কমার্স প্রতিষ্ঠান ফ্লিপকার্ট কবে প্রতিষ্ঠিত হয় ?
1562	আর্ডিপিথেকাস র‍্যামিডাস প্রজাতির সন্ধান প্রথম কোন অঞ্চলে পাওয়া যায় ?
1563	সোনালী ব্যাংক লিমিটেড কবে প্রতিষ্ঠিত হয় ?
1564	খিলজি বংশের প্রথম শাসক কে ছিলেন ?
1566	কেন্দ্রীয় শহিদ মিনার কবে তৈরী হয় ?
1567	কথাশিল্পী হুমায়ূন আহমেদ রচিত প্রথম উপন্যাসটি কবে প্রকাশিত হয় ?
1568	নবী মুহাম্মদ কোন সালে মারা যান ?
1569	চণ্ডীমঙ্গল কাব্যধারার প্রথম কবি কে ছিলেন ?
1570	ব্রিটিশ লেখিকা জে কে রাউলিং-এর বাবার নাম কী ?
1571	বাংলাদেশের সংবিধান কোন সালে রচিত হয় ?
1572	কত ডিগ্রি উষ্ণতায় জল ফুটে বাষ্পে পরিণত হয় ?
1574	কোন দেশে প্রথম ক্রিকেট খেলা শুরু হয় ?
1575	শেখ মুজিবুর রহমানের মেয়ের নাম কী ?
1576	আচেহ সালতানাতের প্রথম সুলতানের নাম কী ?
1577	ভারতে কত সালে প্রথম রেল ব্যাবস্থা চালু হয় ?
1578	সংযুক্ত আরব আমিরাতের রাজধানী কোথায় ?
1579	হযরত মোহাম্মদ কবে জন্মগ্রহণ করেন ?
1580	লগারিদমের বিপরীত প্রক্রিয়ার নাম কী ?
1581	প্রখ্যাত ঔপন্যাসিক হুমায়ূন আহমেদ কোন বিশ্ববিদ্যালয় থেকে পড়াশোনা করেন ?
1584	ঊনবিংশ শতাব্দীর বিশিষ্ট ভারতীয় হিন্দু ধর্মগুরু রামকৃষ্ণ পরমহংস কোন গ্রামে জন্মগ্রহণ করেন ?
1585	জনপ্রিয় বাংলাদেশী চলচ্চিত্র অভিনেতা ফেরদৌস আহমেদের অভিনীত প্রথম চলচ্চিত্রের নাম কী ?
1586	পানির স্ফুটনাঙ্ক কত ?
1587	বিশ্বের প্রথম চলচ্চিত্র নির্মাতা কে ?
1589	প্রত্যেকটি মৌলিক পদার্থের কি ভিন্ন ভিন্ন পারমানবিক সংখ্যা থাকে ?
1590	রাজশাহী কলেজের প্রথম অধ্যক্ষ কে ছিলেন ?
1592	জর্জ ওয়াশিংটনকে কি মার্কিন যুক্তরাষ্ট্রের জাতির জনক বলা হয় ?
1593	ইসলামের পবিত্র ধর্মগ্রন্থ কুরআন শব্দটির উৎপত্তি কোন শব্দ থেকে হয়েছে ?
1594	কথাসাহিত্যিক হুমায়ুন আহমেদের নির্মিত প্রথম চলচ্চিত্রটি কবে মুক্তি পায় ?
1595	বাংলা ভাষা কি ইন্দো-ইউরোপীয় ভাষা পরিবারের একটি ভাষা ?
1597	জে. কে. রাউলিংয়ের "হ্যারি পটার" উপন্যাস সিরিজের প্রথম উপন্যাসের নাম কী ?
1598	২০১৫ ক্রিকেট বিশ্বকাপ কোথায় অনুষ্ঠিত হয় ?
1599	বাংলার নবজাগরণের একজন উল্লেখযোগ্য ব্যক্তি দ্বারকানাথ গঙ্গোপাধ্যায়ের বাবার নাম কী ?
1600	চাঁদের পাহাড় চলচ্চিত্রটিতে শঙ্করের ভূমিকায় কোন অভিনেতা অভিনয় করেন ?
1601	মুঘল বা মোগল সাম্রাজ্যের সর্বশেষ সম্রাটের নাম কী ?
1604	মহেঞ্জোদারো সভ্যতা কে আবিষ্কার করেন ?
1605	ইসলাম শব্দের মানে কী ?
1606	এডওয়ার্ড ক্রিস্টোফার শিরান সেরা গানের কথার জন্য সর্বপ্রথম কোন অ্যাওয়ার্ড  জিতেছিলেন ?
1608	২০০৩ ক্রিকেট বিশ্বকাপে মোট কতগুলি দেশ অংশগ্রহণ করেছিল ?
1609	মতিউর রহমান কোন রাজনৈতিক দলের নেতা ছিলেন ?
1610	পলাশীর যুদ্ধে কোন রাজার সাথে যুদ্ধে নবাব সিরাজ-উদ-দৌলা পরাজিত হন ?
1611	ভারতীয় ই-কমার্স প্রতিষ্ঠান ফ্লিপকার্টের মালিক কে ?
1612	চর্যাপদের মোট সংখ্যা কত ?
1613	খ্রিস্টধর্মের উদ্ভব কবে হয় ?
1614	কৈলাশ সত্যার্থী কত সালে নোবেল শান্তি পুরস্কার পান ?
1615	শাহ এ এম এস কিবরিয়া কত সালে বাংলাদেশের অর্থমন্ত্রী হয় ?
1616	মোহাম্মদ আব্দুল জলিল কত সালে বাংলাদেশের বাণিজ্যমন্ত্রীর পদ গ্রহণ করেন ?
1618	মুসলমানদের পবিত্র ধর্মীয় গ্রন্থ কুরআনের দ্বিতীয় সূরা আল বাকারার "বাকার" কথার অর্থ কী ?
1619	আরএমএস টাইটানিক জাহাজটি তৈরী করতে কতদিন সময় লাগে ?
1620	বর্তমানে ভারতবর্ষে মোট কতজন হিন্দুধর্মালম্বী লোক বসবাস করে ?
1621	সংযুক্ত আরব আমিরাত দেশটির বৃহত্তম শহর কোনটি ?
1622	মিশেল ফুকো কোন কলেজ থেকে পড়াশোনা করেছিলেন ?
1623	হিন্দু মহাকাব্য রামায়ণ অনুসারে মন্দোদরীর বাবার নাম কী ?
1624	আব্দুল লতিফ বাংলাদেশের কোথায় জন্মগ্রহণ করেন ?
1625	মির্জা ফখরুল ইসলাম আলমগীর বাংলাদেশের কোন কলেজ থেকে স্নাতক পাস করেছেন ?
1626	অধ্যাপক ড. ইয়াজউদ্দিন আহম্মেদের জন্মসাল কত ?
1629	কেশবচন্দ্র সেন কত সালে ব্রাহ্মসমাজ বা ব্রাহ্মসভার সাথে যুক্ত হন ?
1630	রিয়াল মাদ্রিদ ক্লাব দে ফুতবল কত সালে প্রতিষ্ঠিত হয় ?
1632	ব্রিটিশ লেখিকা জে কে রাউলিং কোন শহরে জন্মগ্রহণ করেন ?
1633	বাই সাইকেল কি একটি মানব চালিত পরিবহন ?
1634	সঙ্গীতের গতিকে কি বলা হয় ?
1636	শাহাদাহ্‌ কি ইসলাম ধর্মের পঞ্চস্তম্ভের একটি অন্যতম স্তম্ভ ?
1637	ক্রোমোজোম সর্বপ্রথম কোন বিজ্ঞানী আবিষ্কার করে ?
1638	হযরত মুহাম্মদের জন্ম কবে হয় ?
1640	বিশ্বের প্রথম চলচ্চিত্রটির পরিচালক কে ছিলেন ?
1641	বাংলা বুলবুল লালপুচ্ছ বুলবুলির বৈজ্ঞানিক নাম কী ?
1643	শুঙ্গ সাম্রাজ্য কে প্রতিষ্ঠা করেন ?
1646	রামকৃষ্ণ পরমহংস কোন দেবীর উপাসক ছিলেন ?
1647	রবীন্দ্রনাথ ঠাকুর কত সালে নোবেল পুরস্কার লাভ করেন ?
1648	বর্তমানে কলকাতার মহানাগরিক কে ?
1649	দক্ষিণ এশিয়ার প্রথম মহিলা নওয়াব ফয়জুন্নেসা চৌধুরানী কবে জন্মগ্রহণ করেন ?
1650	ঢাকা বিশ্ববিদ্যালয় কবে প্রতিষ্ঠিত হয় ?
1651	মাহাতো প্রাচীন জাতিগোষ্ঠীর প্রধান ভাষা কি ছিল ?
1652	আলবার্ট আইনস্টাইন কোন সালে নোবেল পুরস্কার পান ?
1653	আফগানিস্তানে অবস্থিত আমেরিকান বিশ্ববিদ্যালয়টি কে প্রতিষ্ঠা করেন ?
1655	বাংলাদেশ জাতীয়তাবাদী দলের প্রধান বেগম খালেদা জিয়ার স্বামীর নাম কী ছিল ?
1656	সমকামিতার ইংরেজি প্রতিশব্দ কী ?
1658	হ্যারি পটার উপন্যাসটির চতুর্থ সিরিজটি কত সালে প্রকাশিত হয় ?
1659	চীনের রাষ্ট্রপতি শি জিনপিং-এর বাবার নাম কী ?
1660	চলচ্চিত্র প্রেক্ষাগৃহে ব্যবহৃত প্রক্ষেপক গুলোকে কি বলা হয় ?
1661	দিমিত্রি আনাতোলিয়েভিচ মেদভেদেভের বাবার নাম কী ?
1662	বাংলাদেশের কোন অঞ্চলে চাকমা তথা চাংমা আদিবাসী জাতীর বসবাস ?
1663	মেসোপটেমিয়া শব্দের অর্থ কী ?
1664	ঋগ্বেদে মোট কতগুলো মন্ত্র রয়েছে ?
1665	সিপাহী বিদ্রোহ কতদিন পর্যন্ত চলেছিল ?
1666	বাংলাদেশী রাজনীতিবিদ সালাউদ্দিন কাদের চৌধুরী বাংলাদেশের কোন অঞ্চলে জন্মগ্রহণ করেন ?
1667	মল্লভূমের প্রথম রাজার নাম কী ?
1668	কত সালে প্রথম মার্কিন যুক্তরাষ্ট্রে টেলিযোগাযোগ ব্যাবস্থা চালু হয় ?
1669	মায়া জনগোষ্ঠীর লোকেরা কোন ভাষায় কথা বলে ?
1671	বাংলাদেশের মুক্তিযুদ্ধ কত সালে শুরু হয় ?
1672	টিপু সুলতানের বাবার নাম কী ?
1673	ওলন্দাজ-অস্ট্রেলীয় সামরিক কমান্ডো অফিসার উইলিয়াম আব্রাহাম সাইমন ঔডারল্যান্ডের মৃত্যু কবে হয় ?
1674	স্পেনের বৃহত্তম শহর কোনটি ?
1675	বিচারপতি সৈয়দ মাহমুদের বাবার নাম কী ?
1676	আবু বকর কবে জন্মগ্রহণ করেন ?
1677	মার্ভেল সিনেম্যাটিক ইউনিভার্স ফ্রেঞ্চাইজির প্রথম চলচ্চিত্র সিরিজের নাম কী ?
1678	জে. কে. রাউলিং রচিত হ্যারি পটার উপন্যাস সিরিজের দ্বিতীয় খন্ডটি কত সালে মুক্তি পেয়েছিলো ?
1679	মানবদেহের হৃৎপিন্ড প্রতি মিনিটে গড়ে কতবার স্পন্দিত হয় ?
1680	রবীন্দ্র সেতুর নকশা কে তৈরি করেন ?
1682	ওয়াই-ফাই শব্দটির ব্যবহার প্রথম কবে থেকে শুরু হয় ?
1683	৬৩৬ খ্রিষ্টাব্দে সংঘটিত ইয়ারমুকের যুদ্ধে কোন সাম্রাজ্যের জয় হয়েছিল ?
1684	পেশাদার ইংরেজ আন্তর্জাতিক ক্রিকেট তারকা আর্থার ওয়েব মোল্ড ঘরোয়া প্রথম শ্রেণীর ক্রিকেটে কোন দলের হয়ে খেলতেন ?
1685	চীনে কি সমকামিতা বৈধ ?
1686	ফেড্রিখ উইন্সল টেলরের মাতার নাম কি ছিল ?
1687	পানামার রাজধানী কোথায় ?
1688	পদার্থবিজ্ঞানের জনক কে ?
1691	জাপানের রাজধানী কোথায় ?
1692	মাইকেলেঞ্জেলো ইতালির কোন শহরে জন্মগ্রহণ করেন ?
1693	আধুনিক ফ্লাশ শৌচাগার পদ্ধতি সর্বপ্রথম কে আবিষ্কার করেছিলেন ?
1694	ভারতবর্ষের ধুবড়ি জেলাটি কোন রাজ্যে অবস্থিত ?
1695	পৃথিবীর প্রাচীনতম বেদ কোনটি ?
1697	বলিউডের জন্ম কবে হয় ?
1698	জে. কে. রাউলিং রচিত প্রথম উপন্যাসের নাম কী ?
1699	দক্ষিণ আফ্রিকা ক্রিকেট দলের বর্তমান প্রশিক্ষক কে ?
1700	বিটকয়েন মাইনিং কি একটি প্রতিযোগিতামূলক প্রয়াস ?
1701	প্রাচীন মিশরীয় সভ্যতা কোন নদীর তীরে গড়ে ওঠে ?
1702	পুরুষদের ক্ষেত্রে বয়ঃসন্ধির সময়কাল কত ?
1703	ভারতীয় আইন অনুসারে কত বছর বয়সে একজন মেয়ে বিবাহ করার যোগ্যতা অর্জন করে ?
1705	পদার্থবিজ্ঞানে কুলম্বের সূত্রটি কে আবিষ্কার করেছিলেন ?
1706	টোকিও শহরের বর্তমান জনসংখ্যা কত ?
1707	সবচেয়ে প্রাচীন বেদের নাম কী ?
1708	আডলফ হিটলার কোন বংশোদ্ভূত ব্যক্তি ছিলেন ?
1709	আন্তর্জাতিক ক্রিকেট কাউন্সিল বা আইসিসি কবে প্রতিষ্ঠিত হয় ?
1711	মীরাবাঈ কত সালে জন্মগ্রহণ করেছিলেন ?
1712	পশ্চিমবঙ্গের উত্তর চব্বিশ পরগনা জেলার সদর শহর কোনটি ?
1713	সংবাদ প্রভাকর পত্রিকার প্রথম প্রকাশকাল কত ?
1714	বিলাল ইবনে রাবাহ কবে জন্মগ্রহণ করেন ?
1715	ভাস্কো দা গামা কবে জন্মগ্রহণ করেন ?
1717	ডাক্তার বিধান চন্দ্র রায় কোন কলেজ থেকে ডাক্তারি পড়েন ?
1718	মার্কিন যুক্তরাষ্ট্রের বর্তমান (২০১৯) জনসংখ্যা কত ?
1719	২০১৫ ক্রিকেট বিশ্বকাপের চূড়ান্ত পর্বের ম্যাচে কোন দলের জয় হয় ?
1720	ভারতের স্বাধীনতা আন্দোলনের সূচনা কবে হয় ?
1721	তেলবীজ পেষার জন্যে পশুদ্বারা চালিত যন্ত্রটিকে কি বলা হয় ?
1722	সূরা আল ফাতিহার প্রথম সূরার নাম কী ?
1724	গৌড় কোন সম্রাটের রাজধানী ছিল ?
1725	ভারতীয় জাতীয় পতাকার নকশা কে তৈরি করেন ?
1726	মুর্শিদাবাদ জেলার বেলডাঙা কি একটি পৌরসভা এলাকা ?
1727	ভারতবর্ষের প্রথম মহিলা রাষ্ট্রপতির নাম কী ?
1728	খিলজি রাজবংশের প্রতিষ্ঠাতা কে ?
1729	গুরু নানকের মৃত্যুদিবস কবে ?
1730	ভাস্কো দা গামা কতজন নাবিককে নিয়ে লিসবন থেকে যাত্রা শুরু করেছিলেন ?
1732	পুরাজীব মহাযুগের প্রথম যুগটির নাম কী ?
1733	কত সালে আইনস্টাইন পদার্থবিজ্ঞানে নোবেল পুরস্কার লাভ করেন ?
1734	মুহাম্মাদ মুরসি ইসা আল-আইয়াত কোন রাজনৈতিক দলের সদস্য ছিলেন ?
1735	মিশরের প্রথম রাজবংশের প্রতিষ্ঠাতা কে ছিল ?
1736	হরপ্পা সভ্যতা কে আবিষ্কার করেন ?
1738	ঠাকুর শ্রীরামকৃষ্ণ পরমহংসদেবের স্ত্রীর নাম কী ?
1740	রামকৃষ্ণ পরমহংস কবে জন্মগ্রহণ করেন ?
1741	বাংলাদেশের রাজধানী ঢাকার মোট আয়তন কত ?
1742	সত্যজিৎ রায় কত সালে মারা যান ?
1743	বিজ্ঞানী আলবার্ট আইনস্টাইন কোন সালে নোবেল পুরস্কার পান ?
1744	আন্তর্জাতিক ক্রিকেট কাউন্সিলের বর্তমান (২০১৯) সভাপতি কে ?
1747	ইন্ডিয়ান প্রিমিয়ার লিগ কোন সালে প্রথম শুরু হয় ?
1748	জে. কে. রাউলিং রচিত প্রথম উপন্যাসটি কবে প্রকাশিত হয় ?
1749	নুক্লাভি অথবা নুকাল্ভি শব্দের অর্থ কী ?
1750	ভালুকা উপজেলা মোট কয়টি গ্রাম নিয়ে গঠিত ?
1751	আইয়ুব খান কোন দেশের নাগরিক ছিলেন ?
1752	উত্তর আমেরিকার আয়তন কত ?
1753	শৈবাল কোন শ্বসন পদ্ধতিতে খাদ্যবস্তুর জারণ ঘটায় ?
1754	ঠাকুর শ্রীরামকৃষ্ণ পরমহংসদেবের বাবার নাম কী ?
1755	বাংলাদেশের ঠাকুরগাঁও জেলার প্রশাসনিক এলাকা পীরগঞ্জ উপজেলায় মোট কয়টি গ্রাম রয়েছে ?
1756	রবার্ট জন ডাউনি জুনিয়র অভিনীত প্রথম চলচ্চিত্রটির নাম কী ছিল ?
1757	সোনালী ব্যাংক লিমিটেডের বর্তমান কর্মীসংখ্যা কত ?
1758	বিশ্বের প্রথম ক্যামেরাটি কে তৈরি করেন ?
1759	রামায়ণ কে রচনা করেছিলেন ?
1760	ক্যালকুলাস কি গণিতের একটি শাখা ?
1761	মাইকেল মধুসূদন দত্ত কোথায় জন্মগ্রহণ করেন ?
1762	ঢাকাই মসলিন সর্বপ্রথম কোথায় তৈরী করা হয় ?
1763	অমিয় চক্রবর্তীর পেশা কি ছিল ?
1764	কবি জীবনানন্দ দাশ কত সালে জন্মগ্রহণ করেন ?
1765	ইমোজি শব্দটির উৎপত্তি কোথা থেকে ?
1766	নবী হযরত মুহাম্মদের জন্ম কোথায় হয় ?
1768	জিনতত্ত্বের জনক কে ?
1769	এইডস রোগটি প্রথম কবে আবিষ্কৃত হয় ?
1770	উত্তর কোরিয়ার বৃহত্তম শহর কোনটি ?
1771	ইসরায়েলের রাজধানী কোনটি ?
1772	আমানুল্লাহ মোহাম্মদ আসাদুজ্জামান কোন কলেজের ছাত্রনেতা ছিলেন ?
1773	বাংলাদেশের সবচেয়ে বড় নদীর নাম কী ?
1775	পৃথিবীর বৃহত্তম মহাদেশ কোনটি ?
1776	বাংলাদেশের মহেশখালী উপজেলায় বর্তমান পৌরসভার সংখ্যা কয়টি ?
1778	আন্দিজ পর্বতমালা কোন মহাদেশে অবস্থিত ?
1779	ইসলাম যৌন আইনশাস্ত্র অনুযায়ী বিবাহের পূর্বে যৌনমিলন কি বৈধ ?
1780	রাজশাহী জেলা কোন নদীর তীরে অবস্থিত ?
1781	বর্তমানে উত্তর কোরিয়ার সর্বোচ্চ শাসক কে ?
1782	হিন্দু দেবতা জগন্নাথের দাদার নাম কী ?
1783	সিলেট কি মেট্রোপলিটন শহর ?
1784	ভারতবর্ষকে মোট কতগুলি অঞ্চলে বিভাজন করা হয়েছে ?
1785	চট্টগ্রাম বিশ্ববিদ্যালয় জাদুঘর কবে স্থাপিত হয় ?
1787	কুমিল্লা মডার্ণ হাই স্কুলের বর্তমান শিক্ষার্থীর সংখ্যা কত ?
1791	দক্ষিণ কোরিয়ার বর্তমান রাষ্ট্রপতি কে ?
1792	ইসরায়েলের বর্তমান (২০১৯) রাজধানীর নাম কী ?
1793	বাইবেলের বর্ণনা অনুসারে ডেভিড বা দাউদের পিতা কে ছিলেন ?
1794	ফ্রান্সের রাজধানী কোথায় ?
1795	ত্রিভুবন আন্তর্জাতিক বিমানবন্দরের মোট কয়টি টার্মিনাল রয়েছে ?
1797	বাংলাদেশের স্বাধীনতা যুদ্ধ কোন সালে শুরু হয় ?
1799	অপারেশন জ্যাকপটের সূচনা হয় কোন শহর থেকে ?
1803	মৌর্য্য সাম্রাজ্য মোট কত বছর স্থায়ী ছিল ?
1804	উইম্বলডন চ্যাম্পিয়নশীপ প্রথম কোন সালে শুরু হয় ?
1805	নাইট উপাধি প্রদান কবে থেকে শুরু হয় ?
1806	বাংলাদেশের শহীদ মুক্তিযোদ্ধা মোহাম্মদ হামিদুর রহমানের বাবার নাম কী ?
1807	ভাওয়াল জমিদার বংশের সর্বপ্রথম জমিদার কে ছিলেন ?
1808	বাংলার প্রথিতযশা সুফী সাধক শাহ মখদুম রূপোশের জন্মসাল কত ?
1809	হোমো সেপিয়েন্সের যুগ বলতে কোন যুগকে বোঝানো হয় ?
1811	রামায়ণ নামক মহাকাব্যটি কে সংকলন করেন ?
1813	ড্রপবক্সের প্রতিষ্ঠাতা কে ?
1814	ক্যালকুলাস শব্দটি কোন ভাষা থেকে এসেছে ?
1816	নবী মুহাম্মাদের জন্ম কবে হয় ?
1817	২০১৯ সালে আয়োজিত আন্তর্জাতিক কলকাতা পুস্তকমেলার আয়োজনস্থল কোথায় ছিল ?
1818	তিব্বত কি বর্তমানে গণচীনের অন্তর্গত ?
1819	প্রতি বছর ভাষা দিবস কোন তারিখে পালন করা হয় ?
1820	মিশরীয় সভ্যতা কোন নদীর তীরে গড়ে উঠেছিল ?
1822	দার্শনিক ফ্রান্সিস বেকন কবে জন্মগ্রহণ করেন ?
1823	বাংলাদেশের স্বাধীনতা সংগ্রামের একজন অন্যতম মুক্তিযোদ্ধা শেখ মুজিবুর রহমানের মৃত্যু কবে হয় ?
1828	সিলেটের বর্তমান আয়তন কত ?
1829	কত সালে মুক্তিযুদ্ধ জাদুঘরের উদ্ভোধন হয়েছিল ?
1830	ভ্রূণ তৈরি হয় কী দিয়ে ?
1832	রাশিয়ার ভ্লাদিমির ভ্লাদিমিরোভিচ পুতিন কত সালে জন্মগ্রহণ করেছিলেন ?
1833	পরিচালক অমিতাভ রেজা চৌধুরী পরিচালিত প্রথম চলচ্চিত্রের নাম কী ?
1835	বাংলাদেশ পুলিশের এর একজন কর্মকর্তা হাবিবুর রহমানের জন্মসাল কত ?
1836	বিশ্ব স্বাস্থ্য সংস্থাটির নাম কী ?
1837	মুহাম্মদ আলী কত বছর বয়স থেকে পেশাদারী মুষ্টিযুদ্ধের জন্য প্রশিক্ষণ শুরু করেন ?
1838	ইসলামের পবিত্র ধর্মগ্রন্থ "কোরানে" আয়াতের সংখ্যা কয়টি ?
1841	কুরআনের সর্বশেষ সূরার নাম কী ?
1844	রাগ সঙ্গীতের মোট কতগুলি প্রধান রীতি আছে ?
1846	কুমিল্লা ভিক্টোরিয়া কলেজের প্রথম অধ্যক্ষ কে ছিলেন ?
1847	জেরুজালেম শহরটি কোন দেশের অন্তর্গত ?
1848	হিন্দু দেবতা জগন্নাথের বিখ্যাত উৎসব কোনটি ?
1850	মিয়ানমার বা মায়ানমারের রাজধানী কোনটি ?
1851	এইডস সৃষ্টিকারী ভাইরাসটির নাম কী ?
1852	হেনরিক যোহান ইবসেন কত বছর বয়স থেকে নাটক লেখা শুরু করেন ?
1853	বর্তমানে ইরান কয়টি প্রদেশে বিভক্ত ?
1854	দুর্গাপূজা মোট কতদিন ধ'রে চলে ?
1855	জহির রায়হানের পরিচালিত প্রথম চলচ্চিত্রের নাম কী ?
1857	হাজী মোহাম্মদ দানেশ পূর্ব পাকিস্তানের কোন রাজনৈতিক সংগঠনের সাথে যুক্ত ছিলেন ?
1858	সিরিয়ার আলেপ্পো শহরের মোট আয়তন কত ?
1859	২০১১ সালের জীবনী নির্ভর মার্কিন চলচ্চিত্র "জে. এডগার"- এ জে. এডগারের চরিত্রে কোন অভিনেতা অভিনয় করেছিলেন ?
1860	প্রথম অসমীয়া লিপির নাম কী ?
1861	ইসলাম শব্দটির উৎপত্তি কোন শব্দ থেকে ?
1862	কত সালে বাংলাদেশ স্বাধীনতা অর্জন করে ?
1863	তড়িৎচৌম্বক বর্ণালী প্রথম আবিষ্কার করেছিলেন কে ?
1864	পদার্থবিজ্ঞানে কুলম্বের সূত্রটি কত সালে আবিষ্কৃত হয়েছিল ?
1866	মেরিলেবোন ক্রিকেট ক্লাব কোন সালে প্রতিষ্ঠিত হয় ?
1868	পেটের সমস্যা হলে কি মানুষ বেশি স্বপ্ন দেখে ?
1869	সোমালিয়ার রাজধানী কোথায় ?
1870	তামিলনাড়ু রাজ্যের রাজধানী কোনটি ?
1871	সিরাজগঞ্জ জেলার বেলকুচি উপজেলাটির আয়তন কত ?
1872	কবি রবীন্দ্রনাথ ঠাকুর রচিত গীতাঞ্জলি কাব্যগ্রন্থে মোট কতগুলি কবিতা আছে ?
1873	অ্যাপল কোম্পানির প্রতিষ্ঠাতা কে ?
1875	বীরশ্রেষ্ঠ ফ্লাইট লেফটেন্যান্ট মতিউর রহমানের বাবার নাম কী ?
1876	বিশ্বায়ন একটি অন্যতম মাধ্যম কী ইন্টারনেট ?
1877	কুরআনের মোট সর্বমোট আয়াত সংখ্যা কত ?
1879	দেবশ্রী রায় অভিনীত "উনিশে এপ্রিল" বাংলা চলচ্চিত্রটি কত সালে মুক্তি পায় ?
1880	মনোবিজ্ঞান ও মনস্তত্ত্ববিদ্যা কি এক ?
1881	লৌকিক হিন্দু দেবী মনসার মায়ের নাম কী ?
1882	সত্য সাই বাবার জন্ম কবে হয় ?
1883	কার কাছে মুঘল সাম্রাজ্যের পতন ঘটে ?
1884	রবার্ট জন ডাউনি জুনিয়রের অভিনীত প্রথম চলচ্চিত্রের নির্মাতা কে ছিলেন ?
1885	সমকামী বিবাহ নিয়ে প্রথম কোন দেশ বৈধতা দেয় ?
1888	অ্যাশেজ বা দি অ্যাশেজ ক্রিকেট ট্রফিটি কি প্রতি বছর আয়োজিত হয় ?
1890	ভারতের সংবিধান অনুযায়ী ভারতে মোট কয়টি ভাষাকে সরকারি ভাষার মর্যাদা দেওয়া হয়েছে ?
1891	মুঘল সাম্রাজ্যের প্রথম সম্রাট কে ছিলেন ?
1892	কে সর্বপ্রথম জাপানি মাঙ্গা তৈরি করেছিলেন ?
1893	আয়তনের বিচারে মিশরের সর্ববৃহৎ পিরামিডটির নাম কী ?
1895	চীনের মহাপ্রাচীরের উচ্চতা কত ?
1896	প্রগতি লেখক ও শিল্পী সংঘ উদীচী সাংস্কৃতিক সংগঠনের প্রতিষ্ঠাতা সত্যেন সেনের জন্মসাল কত ?
1897	জিন শব্দটির উৎপত্তি কোন শব্দ থেকে ?
1898	ঢাকা শহরের আয়তন কত ?
1900	লি কেকিয়াং কোন বিশ্ববিদ্যালয় থেকে পড়াশোনা করেন ?
1901	ভগিনী নিবেদিতা কোন সালে প্রথম ভারতবর্ষে আসেন ?
1902	প্রীতিলতা ওয়াদ্দেদার কোন সালে জন্মগ্রহণ করেন ?
1904	বিদ্যা সিনহা সাহা মীম অভিনীত সর্বপ্রথম বাংলাদেশি চলচ্চিত্র কোনটি ?
1905	আলী আহসান মুহাম্মদ মুজাহিদ বাংলাদেশের কোন জেলায় জন্মগ্রহণ করেন ?
1906	জন্মসূত্রে চেঙ্গিস খানের নাম কি ছিল ?
1908	পূর্ব মেদিনীপুর জেলার সদর শহর কোনটি ?
1909	পদার্থের মোট কয়টি অবস্থা হয় ?
1910	কবিগুরু রবীন্দ্রনাথ ঠাকুরের কনিষ্ঠ সন্তানের নাম কী ?
1911	ভারতের জাতীয় পতাকার নকশা কে তৈরি করেন ?
1913	বিখ্যাত ব্রিটিশ প্রকৃতিবিদ আলফ্রেড রাসেল ওয়ালেস কোন শহরে জন্মগ্রহণ করেন ?
1915	ত্রিপিটক গ্রন্থটি কবে রচিত হয় ?
1917	জে. কে. রাউলিং-এর মায়ের নাম কী ?
1918	ইমরান খান সর্বপ্রথম কোন হিন্দি চলচ্চিত্রে শিশুশিল্পী হিসেবে অভিনয় করেছিলেন ?
1919	বিলাল ইবনে রাবাহের বাবার নাম কী ?
1926	প্রথম সুলাইমান কত দিন উসমানীয় সাম্রাজ্যের সম্রাট ছিলেন ?
1927	কত খ্রিস্টাব্দে পাল সাম্রাজ্যের পত্তন ঘটে ?
1930	কার্বন কি একটি মৌলিক পদার্থ ?
1931	বাংলাদেশের শহীদ মুক্তিযোদ্ধা মহিউদ্দিন জাহাঙ্গীর কবে জন্মগ্রহণ করেন ?
1932	মালদ্বীপের রাজধানী কোথায় ?
1934	তৃতীয় ইঙ্গ-আফগান যুদ্ধে কোন পক্ষের জয় হয় ?
1935	বাংলায় নবজাগরণ কত সালে শুরু হয়েছিল ?
1936	জাহানারা ইমাম কবে জন্মগ্রহণ করেন ?
1937	শি জিনপিং কোন রাজনৈতিক দলের সদস্য ছিলেন ?
1938	ভারতবর্ষ কবে একটি স্বাধীন সার্বভৌম রাষ্ট্রের রূপ পায় ?
1944	বাক্যতত্ত্ব শব্দটির ইংরেজি পরিভাষা কী ?
1946	ফিনল্যান্ডের রাজধানী কোথায় ?
1947	বাংলা ভাষায় কে প্রথম ইসলাম ধর্মের সবচেয়ে পবিত্র বই কোরানের অনুবাদ করেন ?
1948	নড়াইল জেলার সদর শহর কোনটি ?
1949	পাতি ময়নার ডিম ফুটে বাচ্চা বের হতে সর্বোচ্চ কতদিন সময় লাগে ?
1950	টাইটানিক জাহাজ দুর্ঘটনাটি কবে ঘটেছিল ?
1951	আদি পুস্তক হিব্রু বাইবেলকে ইহুদিরা কী নামে আখ্যায়িত করেছে ?
1952	বাংলাদেশের রাজধানী ঢাকার বর্তমান জনঘনত্ব কত ?
1953	নবী মুহাম্মদের জন্ম কবে হয় ?
1956	কনস্টান্টিনোপলের পূর্বনাম কী ছিল ?
1958	গ্লেন থমাস জেকব্স‌ কত সালে জন্মগ্রহণ করেন ?
1959	মহামহোপাধ্যায় হরপ্রসাদ শাস্ত্রী কোথায় জন্মগ্রহণ করেছিলেন ?
1960	আকবর কবে মুঘল সাম্রাজ্যের সম্রাটের পদ অলংকৃত করেন ?
1962	শিখ ধর্মের প্রধান ধর্মগ্রন্থের নাম কী ?
1963	ভাগবত পুরাণ কোন ভাষায় রচিত হয় ?
1964	ওয়েস্ট ইন্ডিজের ক্রিকেটার ম্যালকম ডেঞ্জিল মার্শালের উচ্চতা কত ছিল ?
1965	ভুটানের রাজধানীর নাম কী ?
1966	ফোর্ট উইলিয়াম কলেজ বা কলেজ অফ ফোর্ট উইলিয়াম কোথায় প্রতিষ্ঠিত হয় ?
1967	ব্যালিস্টিক মিশাইল অগ্নি-৫-এর মোট ওজন কত ?
1968	মোহাম্মদ আব্দুল জলিল কোন রাজনৈতিক দলের সদস্য ছিলেন ?
1969	তানসেন কোন রাজসভার সংগীত শিল্পী ছিলেন ?
1970	অসহযোগ আন্দোলন মোট কতদিন ধরে চলে ?
1971	আল্লামা শাহ আহমদ শফী কবে জন্মগ্রহণ করেন ?
1972	ভারতের সর্বপ্রথম টেলিফোনটি কোন কোম্পানি তৈরি করে ?
1973	রাজশাহী কলেজ কোন বিশ্ববিদ্যালয়ের অন্তর্গত ?
1974	মিথানল বা মিথাইল এলকোহলের কি কোনো বর্ণ আছে ?
1976	বর্তমানে হাওড়া জেলা কয়টি মহকুমায় বিভক্ত ?
1977	শাহজাহানের মৃত্যুর পর কে মুঘল সম্রাট হিসেবে সিংহাসনে বসেছিলেন ?
1978	মাইক্রোসফট কর্পোরেশনের সদর দপ্তর কোথায় ?
1979	ইউনেস্কো জাতিসংঘ কবে গঠিত হয় ?
1981	মার্কিন কণ্ঠশিল্পী মাইলি রে সাইরাসের বাবার পেশা কি ছিল ?
1982	আডলফ হিটলারের বাবার নাম কী ?
1983	জাকির আব্দুল করিম নায়েক কোন বিশ্ববিদ্যালয় থেকে পড়াশোনা করেছেন ?
1984	বাংলাদেশের লেখক আবদুশ শাকুর কবে জন্মগ্রহণ করেন ?
1985	ফ্যানারোজোয়িক অধিযুগের তিনটি ভূতাত্ত্বিক মহাযুগের মধ্যে সর্বপ্রথম মহাযুগ কোনটি ?
1986	বাংলাদেশের নৌবাহিনীর সদর দপ্তর কোথায় অবস্থিত ?
1987	ভারতীয় কমিউনিস্ট পার্টির প্রতিষ্ঠা কবে হয় ?
1988	পাল সাম্রাজ্যের পতন কবে ঘটে ?
1989	সুতানুটি কি প্রথমে একটি গ্রাম ছিল ?
1990	শাক্ত ধর্মের লোকেরা কি কালীর উপাসক ?
1991	কার নির্দেশে জালিয়ানওয়ালাবাগ হত্যাকাণ্ডের ঘটনাটি ঘটেছিলো ?
1992	বাংলাদেশের বর্তমান জেলার সংখ্যা কয়টি ?
1994	শিখধর্মের প্রথম শহিদ গুরু অর্জনের বাবার নাম কী ?
1995	আর্সেনাল ফুটবল ক্লাব কবে প্রতিষ্ঠিত হয় ?
1996	সার্বভৌম শব্দটির অর্থ কী ?
1997	মালয়েশিয়ার বর্তমান (২০১৯) প্রধানমন্ত্রী কে ?
1998	ঈশ্বরচন্দ্র বিদ্যাসাগর কত সালে জন্মগ্রহণ করেছিলেন ?
1999	স্বাধীন বাংলাদেশের প্রথম চলচ্চিত্রটির নাম কী ?
2000	গ্রিক পুরাণ মতে জিউস কিসের দেবতা ?
2001	প্রাচীন সংস্কৃত মহাকাব্য রামায়ণের শ্লোকগুলো কয়টি অক্ষরযুক্ত ?
2002	প্রখ্যাত ঔপন্যাসিক হুমায়ূন আহমেদ রচিত প্রথম উপন্যাসটি কবে প্রথম প্রকাশিত হয় ?
2003	সর্বনাম কি বিশেষ্য পদের পরিবর্তে ব্যবহৃত হয় ?
2004	একন বা আলিয়াউনে বাদারা একন থিয়ামের সর্বপ্রথম একক অ্যালবামটির নাম কী ?
2005	বাঙালি ঔপন্যাসিক ও সাংবাদিক অদ্বৈত মল্লবর্মণের প্রথম উপন্যাসের নাম কী ?
2006	১৯৭১ সালের কোন তারিখে বাংলাদেশের স্বাধীনতাযুদ্ধের সূচনা হয়েছিল ?
2007	আজটেক সাম্রাজ্যের পতন কবে হয় ?
2009	মানবদেহের জরায়ু কি আকৃতির হয় ?
2011	সঞ্জয় বলরাজ দত্ত অভিনীত প্রথম চলচ্চিত্রের নাম কী ?
2013	ইসলাম ধর্মের পবিত্র ধর্মগ্রন্থ কুরআনে সর্বমোট কতগুলো সূরা আছে ?
2014	কত সালে পরমাণু সম্পর্কে ধারণা পাওয়া যায় ?
2015	মোহাম্মদ রুহুল আমিন কত সালে শহীদ হন ?
2018	এডওয়ার্ড ক্রিস্টোফার শিরানের গাওয়া গানের প্রথম অ্যালবামের নাম কী ?
2020	হ্যারি পটার উপন্যাসটির মোট কতগুলো সিরিজ আছে ?
2021	উইন্ডোজের সর্বাধুনিক সংস্করণ কোনটি ?
2023	বাংলাদেশের স্বাধীনতা যুদ্ধকে অন্য কি নামে অভিহিত করা হয় ?
2024	ভারতীয় শিশু অধিকার কর্মী কৈলাশ সত্যার্থী কত সালে নোবেল শান্তি পুরস্কার পেয়েছিলেন ?
2026	মায়ানমারের পূর্ব নাম কি ছিল ?
2027	বিশ্বজনীন অবস্থান-নির্ণায়ক ব্যবস্থা প্রথম কোথায় চালু হয় ?
2028	বাংলাদেশের স্বাধীনতা যুদ্ধের বীর মুক্তিযোদ্ধা কর্নেল শাফায়াত জামিলের মায়ের নাম কী ?
2033	পাল বংশের সর্বশেষ রাজা কে ছিলেন ?
2034	পরিচালক ড্যামিয়েন শ্যাজেলের পরিচালিত প্রথম চলচ্চিত্রের নাম কী ?
2035	ইসলামের পবিত্র ধর্মগ্রন্থ কোরানে মোট কয়টি সূরা রয়েছে ?
2036	মানবদেহে ক্রোমোজোমের দৈর্ঘ্য কত ?
2037	উত্তরপ্রদেশ রাজ্যের মোট কয়টি জেলা আছে ?
2041	কানপুরের ভারতীয় প্রৌদ্যোগিকী সংস্থান বা ইন্ডিয়ান ইন্সটিটিউট অব টেকনোলজি কবে প্রতিষ্ঠিত হয় ?
2042	অস্ট্রেলীয় আন্তর্জাতিক ক্রিকেটার পিটার জন পার্নেল বার্জ কত সালে সর্বপ্রথম টেস্ট ক্রিকেট ম্যাচটি খেলেন ?
2044	কলকাতা পৌরসভা প্রথম কত সালে স্থাপিত হয়েছিল ?
2045	বাংলাদেশের স্বাধীনতা আন্দোলন কবে শুরু হয় ?
2046	বিখ্যাত গণিতবিদ আর্যভট্টের রচিত গ্রন্থের নাম কী ?
2047	একজন প্রাপ্ত বয়স্ক মানুষের দেহে কত লিটার রক্ত থাকা উচিত ?
2048	পৃথিবীর প্রাচীনতম সভ্যতা কোন নদীর তীরে গড়ে উঠেছিল ?
2049	মনোরোগ বিজ্ঞানের জন্ম কবে হয় ?
2050	কম্পিউটার সর্বপ্রথম কত সালে আবিষ্কার হয় ?
2051	জনপ্রিয় বাংলাদেশী চলচ্চিত্র আব্দুর রাজ্জাক কবে জাতীয় চলচ্চিত্র পুরস্কার পান ?
2053	আন্তর্জাতিক ক্রিকেট কাউন্সিল কবে গঠিত হয় ?
2055	বল্গা হরিণের বিজ্ঞানসম্মত নাম কী ?
2059	সিলেট বিভাগ মোট কয়টি জেলা নিয়ে গঠিত ?
2060	ওয়েস্ট ইন্ডিয়ান জাতীয় ক্রিকেট দল আজ পর্যন্ত (২০১৯) মোট কতবার আই.সি .সি. ক্রিকেট বিশ্বকাপ জয় করেছে ?
2061	খিলজি বংশের প্রতিষ্ঠাতা কে ?
2062	তিন গোয়েন্দা নামক গোয়েন্দা কাহিনী সিরিজের প্রথম সিরিজের নাম কী ?
2063	কত সালে হাওড়া জেলা একটি স্বতন্ত্র জেলা হিসেবে আত্মপ্রকাশ করে ?
2064	বৌদ্ধদের প্রধান ধর্মগ্রন্থ ত্রিপিটক কোন ভাষায় লেখা ?
2065	রাজা ত্রিদিব রায় কত বছর চট্টগ্রামের চাকমা জনগোষ্ঠীর রাজা ছিলেন ?
2066	বাংলাদেশের স্বাধীনতা সংগ্রামের একজন অন্যতম মুক্তিযোদ্ধা শেখ মুজিবুর রহমানের জন্মসাল কত ?
2067	ড্যারেল ব্রুস হেয়ার কোন সাল থেকে প্রথম আম্পায়ারিং করা শুরু করেন ?
2068	তাজরীন ফ্যাশন অগ্নিকাণ্ডে মোট কত জন নিহত হয় ?
2069	আল খারিজমি কোথায় জন্মগ্রহণ করেন ?
2071	বাংলায় মারাঠা আক্রমণের সময় মারাঠাদের হয়ে কে নেতৃত্ব দিয়েছিলো ?
2073	নবী মুহাম্মাদের বাবার নাম কী ?
2074	গীতাঞ্জলি কাব্যগ্রন্থটি কত সালে প্রথম প্রকাশিত হয় ?
2075	সিরিয়ার রাজধানী থেকে আলেপ্পো শহরটির দূরত্ব কত ?
2077	মাসুদ রানা কোন উপন্যাসের চরিত্র ?
2078	ভারতবর্ষে কোন সাল থেকে দুটি সমকামী লোকের বিবাহকে আইনী ভাবে বৈধ বলে ঘোষণা করা হয় ?
2079	ওয়াশিংটনের পাইক প্লেস ফিস মার্কেটটি কি একটি পর্যটন কেন্দ্র ?
2080	কুরআন- এর প্রথম বাংলা অনুবাদক গিরিশচন্দ্র সেন কবে জন্মগ্রহণ করেন ?
2081	টেলিযোগাযোগ নেটওয়ার্ক-এর জন্য অপটিক্যাল পরিবহন নেটওয়ার্ক ব্যবহার করা হয় ?
2082	বাংলাদেশের স্বাধীনতাযুদ্ধের ভাস্কর্য বাংলাদেশের কোথায় নির্মিত হয়েছিল ?
2083	নবীনগর উপজেলার মোট আয়তন কত ?
2084	একজন প্রাপ্ত বয়স্ক মানুষের মস্তিষ্কের গড় আয়তন কত ?
2086	ত্রিপুরা রাজ্যের সর্বপ্রথম মুখ্যমন্ত্রী কে ছিলেন ?
2087	পেপ্যাল নামক ই-কমার্স প্রতিষ্ঠানটি কবে প্রতিষ্ঠিত হয় ?
2088	চীনের তিন বছরের মহাদুর্ভিক্ষের কারণে মোট কত জনের মৃত্যু হয় ?
2090	সেন রাজবংশের ঠিক আগে কোন রাজবংশ বাংলায় শাসন কাজ চালায় ?
2091	আওরঙ্গজেবের পর কে মুঘল সম্রাটের পদ গ্রহণ করেন ?
2092	অধ্যাপক ড. ইয়াজউদ্দিন আহম্মেদ কত সালে বাংলাদেশের রাষ্ট্রপতির পদে নির্বাচিত হন ?
2093	দ্বিতীয় বিশ্বযুদ্ধ কোন সালে হয়েছিল ?
2094	শশাঙ্ক মোট কত বছর রাজত্ব করেছিলেন ?
2098	ভারতীয় চলচ্চিত্র অভিনেতা দিলীপ কুমারের অভিনীত প্রথম চলচ্চিত্রের নাম কী ?
2099	মাইক্রোসফট কর্পোরেশন কবে প্রতিষ্ঠিত হয় ?
2100	সৌরভ গাঙ্গুলি কত সালে ভারতীয় জাতীয় দলের হয়ে প্রথম টেস্ট ম্যাচ খেলেন ?
2102	আলেকজান্ডারের সাম্রাজ্যের নাম কী ?
2103	কোন লিপি থেকে বাংলা লিপির জন্ম ?
2104	গৌড়ীয় বৈষ্ণব ধর্মাবলম্বী লোকেদের আরাধ্য দেবতা কে ?
2105	ভারতের সংবিধানটির রচয়িতা কে ?
2106	হাসান ইবনে আলীর পিতার নাম কি ছিল ?
2107	পুরুষদের দেহে কি ডিম্বাশয়ের পরিবর্তে শুক্রাশয় থাকে ?
2108	হ্যারি পটার সিরিজের দ্বিতীয় চলচ্চিত্রটির নাম কী ?
2109	জর্জ ওয়াশিংটন কে কি মার্কিন যুক্তরাষ্ট্রের জাতির জনক বলা হয় ?
2110	এইচ আই ভি ভাইরাসের অস্তিত্ব পাওয়া যায় কোন সালে ?
2111	নেইমার দা সিল্ভা স্যান্তোস জুনিয়র সর্বপ্রথম কোন ফুটবল ক্লাবের হয়ে খেলেন ?
2112	ভারতের অন্ধ্রপ্রদেশ রাজ্যের রাজধানী কোথায় ?
2113	২০১০ ফিফা বিশ্বকাপের ফাইনাল খেলাটিতে কোন দল পরাজিত হয় ?
2114	আলবার্ট আইনস্টাইন কবে জন্মগ্রহণ করেন ?
2115	জৈন দর্শন কি একপ্রকার ভারতীয় দর্শন ?
2116	হোমো ইরেক্টাসের প্রথম জীবাশ্ম কত সালে আবিষ্কৃত হয়েছিল ?
2117	রাজা রামমোহন রায়ের পিতার নাম কি ছিল ?
2118	শম্ভু মিত্র কত সালে ভারত সরকারের পদ্মভূষণ সম্মানে ভূষিত হন ?
2119	মানুষ কোন প্রাণী থেকে বিবর্তিত হয়ে বর্তমান রূপ ধারণ করেছে ?
2120	আলা-উদ্দিন-খিলজির মৃত্যু কবে হয় ?
2122	নিরীশ্বরবাদ ও নাস্তিক্যবাদ কি এক ?
2123	পায়রার বৈজ্ঞানিক নাম কী ?
2124	মনস্টার্স ইউনিভার্সিটি চলচ্চিত্রটির মূল চরিত্রের নাম কী ?
2125	নিষ্ক্রিয় গ্যাসের সংখ্যা কয়টি ?
2126	পশ্চিমবঙ্গের হুগলী জেলার সদর শহর কোথায় ?
2127	আরব সোশ্যালিস্ট বাথ পার্টি কবে তৈরী হয় ?
2128	জমিদার শব্দের অর্থ কী ?
2129	অন্ধ্রপ্রদেশ রাজ্যের বৃহত্তম শহর কোনটি ?
2131	মাইলি রে সাইরাসের প্রথম গানের অ্যালবামের নাম কী ?
2132	জাইগোটের বাংলা পরিভাষা কী ?
2134	ক্রিকেট খেলার জন্য ব্যবহৃত ব্যাট কোন গাছের কাঠ দিয়ে তৈরি করা হয় ?
2135	ভারতবর্ষে কোন সাল থেকে সমকামিতা বৈধ বলে বিবেচিত হয় ?
2136	রুটি সেঁকার যন্ত্র বা টোস্টারে কি সমন্বিত বর্তনী ব্যবহার করা হয় ?
2137	নেলসন রোলিহ্লাহ্লা ম্যান্ডেলা কত সালে নোবেল শান্তি পুরস্কার পান ?
2138	কোন শহরকে বিশ্বের রিকশার রাজধানী বলা হয় ?
2139	মানব দেহের শতকরা কত ভাগ রক্ত থাকে ?
2140	বামিয়ানের বুদ্ধমূর্তিটি কবে নির্মিত হয় ?
2141	সাইয়েদ আহমাদ ব্রেলভী কত সালে জন্মগ্রহণ করেন ?
2142	বিশ্বের প্রথম কম্পিউটার কোন দেশে দেখা যায় ?
2143	জ্যোতির্বিজ্ঞান নিয়ে গবেষণা সর্বপ্রথম কে শুরু করেন ?
2144	বর্তমানে বাংলাদেশে মোট কতগুলো ইউনিয়ন পরিষদ আছে ?
2145	ভারতবর্ষে নগরায়নের বিকাশ কবে দেখে দেখা যায় ?
2147	মুহাম্মাদ মুরসি ইসা আল-আইয়াত কবে জন্মগ্রহণ করেন ?
2148	পাকিস্তানে কি সমকামিতা বৈধ ?
2149	নবী হযরত মুহাম্মদের জন্ম কবে হয় ?
2150	বেনজামিন এডয়ার্ড মিয়েরা "বেন" স্টিলার কোন চলচ্চিত্র পরিচালনার মাধ্যমে পরিচালক হিসাবে যাত্রা শুরু করেন ?
2151	জামাতি ইসলাম দলটির প্রতিষ্ঠাতা কে ?
