10756354#0	Qui était Princesse Diana?
13610066#0	Comment s'appelle l'ingénieur qui a construit la Tour Eiffel?
3531176#0	Où se trouve Halle en Allemagne?
12934247#0	Quelle est la capitale de la Norvège?
3114283#0	Combien d'habitants a le village Takataka?
9567602#0	Quelle est la population de Séoul?
481757#0	Qui était le souverain de Lagash?
9315246#0	Où est né Stefan Kovacs?
12330540#0	Est-ce que James Jesse Strang est marié?
5873198#0	Qui est Walt Disney?
10630979#0	Comment est-ce qu'on peut aider une personne avec des idées suicidaires?
5664731#0	Comment s'appelle le père de Bach?
25125#0	Quels sont les joueurs de tennis anglais les plus célèbres?
839721#0	Qui a créé les Halles Saint-Géry?
1675090#0	Qui sont les Beatles?
2843363#0	Combien de partis politiques y a-t-il dans le gouvernement britanniques?
3741367#0	Quel est le style d'architecture de Versailles?
6939858#0	Comment s'appelle la femme de Jean-François-Charles-Dufay?
8450571#0	Combien de personnes Jack l'Éventreur a tué?
6509855#0	Combien d'accidents d'avions y a-t-il par un an dans le monde?
2871334#0	Quelle est la longueur de la rivière Rhin?
5630749#0	Combien de types de fusils y a-t-il dans le monde?
58618#0	Quel est le processus de production du vin?
81521#0	Quels sont les ingrédients d'une protéine?
1950972#0	Qui est le secrétaire de l'Académie des sciences de Californie en 2022?
3305039#0	Pourquoi s'appelle-t-on île de la Réunion?
8979010#0	Quelle est la couleur d'un extra-terrestre?
663120#0	Comment devenir un chanteur?
11254161#0	Quelles sont les sciences humaines?
12788971#0	Comment écrire un livre sur la guerre?
2763337#0	Quel est le meilleur modèle de vélo pour la montagne?
4654770#0	Combien de lignes de chemin de fer existent en France?
11435741#0	Comment construire une maison?
1918803#0	Qui construit des satellites militaires?
4808301#0	Qui est le propriétaire de Google?
1355335#0	Dans quels domaines la fluorescence est utilisée ?
2893208#0	Quels étaient les principes de l'école pythagoricienne?
5329189#0	Comment a été créé le Colt 1851?
2037365#0	Quel était le but du Pont de Kinzua?
8963147#0	Quel est le processus de la création d’un film?
9031234#0	Combien d’agences de sécurité y a-t-il aux États-Unis?
14575167#0	Quelle est la nourriture des koalas?
2690823#0	Quelles langues parle-t-on en Nouvelle-Zélande?
30451#0	Combien de cycles ont les études supérieures en France?
12604544#0	Quel est le climat au Mexique?
12789116#0	Quel est le salaire d’un mineur en France?
8501992#0	Quand a été créée l'épreuve les Quatre Jours de Dunkerque?
10953055#0	Combien de genres archosauriens y avait-il?
13327913#0	Quelles sont les méthodes de conservation des animaux en voie de disparition?
3123537#0	Quelles sont les caractéristiques de l’eau thermale?
5522098#0	Qui est le fondateur du monastère d’Osogovo?
5927854#0	Quelle est la profondeur de la fosse 7 - 7 bis de la Compagnie des mines de Béthune?
8047779#0	Quelles sont les montagnes au Mexique?
1289982#0	Quels sont les avantages de l’ensemencement hydraulique?
6391801#0	Quelles sont les conditions requises pour un package dynamique?
7084458#0	Quelle est la tumeur la plus fréquente chez les humains?
9026771#0	Combien d'équipes de rugby y a -t-il aux États-Unis?
6546023#0	Que fait un samouraï?
9232934#0	Quel est le rôle d’animateur?
12114874#0	Quelles sont les causes de la « naissance sans bras »?
11590392#0	Quelles sont les variétés du Laurier des Iroquois?
3443537#0	Qui était le président des États-Unis après John Adams?
1147078#0	Quel est le chemin de fer le plus long aux États-Unis?
7845461#0	Qu'est-ce que c'est un système politique avec un pouvoir centralisé?
3683975#0	Quelle est l’actrice japonaise la plus célèbre en 2021?
8811877#0	Qui a inventé les croiseurs lourds?
8729873#0	Qu’est-ce qu’un ordinateur numérique?
3176163#0	Quels sont les différents types de musique?
10725302#0	Quel est le système de bibliothèque à Toronto?
10642843#0	Quels sont les types d'élections au Canada?
1291539#0	Quelle est la température pendant la nuit au Sahara?
13188995#0	D'où est venu le tribu Bani Hilal?
9215809#0	Quand a été conquise Trébizonde par les Ottomans?
1091660#0	Quels sont les principes de Prosilva?
182735#0	Qui est le président des Philippines?
7825241#0	Qui est le fondateur de l'église Saint-Martin?
11892201#0	Qui etait William Hershel?
5452168#0	Qu’est-ce que signifie le terme kunoichi?
354765#0	Combien de cosmonautes étaient dans le vol Soyouz 2?
313267#0	Quel est le climat de l'île Maurice?
6258170#0	Quelles sont les conditions requises pour devenir un évêque?
11136326#0	Qui est le chanteur canadien le plus connu au monde?
1479678#0	Quel est le meilleur avion de tourisme?
8866406#0	Quelles sont les caractéristiques d’un film d’horreur?
14436581#0	Comment faire pour entrer dans une école militaire?
6487706#0	Comment devenir un écrivain?
14648330#0	Combien de personnes sont mortes à cause du conflit Israël-Gaza?
12540998#0	Quels sont les effets de la drogue sur le corps humain?
14997#0	Pourquoi est-ce qu’on a créé les États-Unis?
3412640#0	Comment obtenir un jeu en ligne gratuit?
1201109#0	Comment cuisiner le Polypore soufré?
1784588#0	Quels sont les jeux vidéo musicaux?
14348991#0	Quel est l'origine du ballet?
4062434#0	D'où vient le nom Something for Kate?
4010228#0	Dans quels pays est appliquée la peine de mort?
163907#0	Quelle est l’importance de la mise en scène au théâtre?
7311078#0	Quelles médailles sont décernées pour les accomplissements militaires?
5540743#0	Qui est le tueur en série le plus connu d’Europe?
11862847#0	Qui était la dynastie Tudor?
6084029#0	Où est situé Kingston, Ontario?
13233324#0	Quel pays a le plus grand système de ferry-boat au monde?
9608008#0	Quel est le parc le plus connu à New York?
12666788#0	Qui est le roi de Belgique?
11881111#0	Quelles sont les planètes du système solaire?
6504109#0	Comment apprendre à jouer de la guitare?
2718027#0	Qu’est-ce qu’on étudie dans un lycée polyvalent?
7527887#0	Qui a construit le Boeing 747?
235596#0	Combien sont les chromosomes dans le corps humain?
14638186#0	Quelle est l'efficacité des kamikazes?
5705737#0	Quelles étaient les conséquences de la Seconde Guerre mondiale sur l'économie des Etats-Unis?
962438#0	Quelle langue parle-t-on au Mali?
9769495#0	Qu’est-ce que c’est un exonyme?
12243480#0	Quand le jeu vidéo Super Mario est-il sorti pour la première fois?
1397337#0	Pourquoi on appelle le Crunch?
14093260#0	Quelle est l'opération Barbarossa?
673437#0	Quel est le salaire d'un architecte?
14406145#0	Quels sont les sujets examinés par la linguistique?
5617660#0	Quelle est la langue officielle du Togo?
13951406#0	Quelles sont les villes les plus nombreuses au Kurdistan?
89978#0	Comment devenir un baron en Angleterre?
12850397#0	À qui appartient le Bon Marché?
691178#0	Comment s’appelle le président de France en 2021?
3900006#0	Quand a été formé le groupe Dionysos?
6463576#0	Qui est le propriétaire du FC Metz?
4404595#0	Quels sont les types de réactions chimiques?
9202838#0	Qui a inventé l’aspirine?
4244183#0	Que examine l'océanographie?
1418538#0	Quelle est l'université la plus ancienne au Canada?
803013#0	Quelle langue parle-t-on en Nouvelle-Calédonie?
3364901#0	Qui est le premier président français élu au suffrage universel?
6716453#0	Quelle est la cuisine coréenne?
9604710#0	Qui est le président d’Allemagne?
9289948#0	Comment apprendre l'ingénierie tissulaire?
585173#0	Quel est l’origine du nom Savoie?
4145223#0	Quel est le poète roumain le plus célèbre du monde?
312574#0	Quelle est la montagne la plus haute au Maroc?
613059#0	Pourquoi le rhinocéros laineux a disparu?
10277575#0	Combien de temps dure le jeu Sonic Mania?
4725915#0	Quels sont les sujets examinés par la neurologie?
6363518#0	Quelles sont les fêtes religieuses au Canada?
130245#0	Quelle langue avaient parlé les Tokhariens?
10752301#0	Quelles sont les caractéristiques principales de l’art japonais?
6097224#0	Quelle éducation est nécessaire pour devenir un journaliste?
9925182#0	Quand s’est déroulée la guerre russo-japonaise?
5030187#0	Pourquoi Venise est-elle construite sur l’eau?
1952552#0	Quel est le sens du term “Maquis”?
3984382#0	Quelle est l’architecture du château de Grabštejn?
4283040#0	Quels sont les symptômes d'une overdose?
8422821#0	Qu’est-ce que c’est un conflit juridique?
8572185#0	Quelles sont les opérations qu’un ordinateur peut faire?
61295#0	Quels sont les traits de la langue bretonne?
3028362#0	Combien d'équipes de basket-ball participent en NBA?
1361544#0	Qu’est-ce que cela signifie d'appeler quelqu’un Don Juan?
4049812#0	Quelles sont les meilleures races de chevaux?
13275117#0	Combien de stations a le métro de New York?
2475934#0	Quel est l'état de conservation des Callorhinchus?
46131#0	Quelle est l'activité économique principale de la Polynésie française?
3191282#0	Quels sont les principes du bouddhisme?
12683503#0	Combien de pays étaient dans l’Union Sovietique?
14397365#0	Quelle est la population de Birmingham?
14186463#0	Qui est le musicien belge le plus célèbre du monde?
2264693#0	Quel est l’origine de l’art de la sculpture?
885292#0	Comment organiser les élections en France?
386345#0	Pourquoi y avait-il des usurpateurs du pouvoir impérial à Rome?
11892817#0	De quoi est composé un astéroïde?
11821229#0	Quelle est la ville la plus proche de Troyes?
13174846#0	Quels sont les opérateurs booléens?
4063085#0	Quand a été construite l'université d’Helsinki?
4865327#0	Qui a gagné la Seconde Guerre mondiale?
998997#0	Quels sont les principes de l’accord Schreurs-Couvreur?
8848543#0	Quels sont les genres de films?
157441#0	Quelles sont les motivations de la contrebande?
2028103#0	Quand a été le génocide au Rwanda?
1252205#0	Comment créer une série télévisée d’animation?
626840#0	Combien d’habitants y a-t-il en Côte d’Ivoire en 2021?
4853676#0	Quels sont les principes de la sécurité aérienne?
10501811#0	Que signifie un prêt-à-porter?
1024392#0	Comment cultiver des agaves?
5893747#0	Quelles étaient les conséquences de la décentralisation de l’Empire romain?
4544946#0	Quelle est la théorie des orbitales moléculaires?
9207874#0	Quel est le repas traditionnel aux Fidji?
12158635#0	Quelles sont les caractéristiques du métal?
30919#0	Qui étaient les Philistins?
142339#0	Quel est le plus grand lac du monde?
11633354#0	Quel est le sport national du Canada?
14348378#0	De quel entraînement physique un boxeur a besoin?
8317837#0	Quelle est la capitale du département de Vaucluse?
11882044#0	Quelle galaxie est la plus proche de la Voie lactée?
1999607#0	Qu’est-ce que c’est un doo-wop?
1443929#0	Combien de députés y a-t-il au parlement français?
9834447#0	Qui est le président de la National Football League?
6022777#0	Qu’est-ce que c’est l’API en phonétique?
14252888#0	Quel est le dernier modèle de téléphone de Samsung?
9474544#0	Quelle est la taille du Sahara?
4230341#0	Qu’est-ce qu’examine l'ornithologie?
9339090#0	Quel est le projet actuel de la NASA en 2022?
7283637#0	Quel est le territoire de la Moldavie?
13596690#0	Quels sont les traits d’une personne autistique?
13788649#0	Combien de comtés y a-t-il en Norvège?
7260414#0	Quelle est l'idéologie du nazisme?
258906#0	Qui a créé la série télévisée Silicon Valley?
9125794#0	Qui est le fondateur de la compagnie Cunard Line?
7859297#0	Qui sont les plus grands représentants de romantisme?
12644637#0	Quelle est la différence entre la sidérurgie et la métallurgie?
462232#0	Qui est le premier psychoanalyticien?
1953176#0	Quel type de groupe est Orange Range?
2890142#0	Comment s’appelle l'aéroport de Marseille?
8237481#0	Qui est devenu le champion de la Coupe de la Ligue en 2020?
9236110#0	Combien coûte un satellite?
13375583#0	Quelle est l’importance de la politique dans les relations internationales?
7614187#0	Qui a créé le jeu Lego?
11467705#0	Quelle est la rivière la plus longue aux Pays-Bas?
8491623#0	Comment faire une méditation?
658645#0	Quelles sont les règles du curling?
4958710#0	Quelles sont les classes de chemin de fer aux États-Unis?
12823253#0	Pourquoi on a choisi le nom la Voie lactée?
4715639#0	Qui est le joueur de football portugais le plus célèbre au monde?
430547#0	Quelle formation est nécessaire pour devenir un naturaliste?
10978409#0	Qui a inventé le "metsubushi"?
132307#0	Quelles sont les conditions requises pour un mariage au Canada?
1549083#0	Quelles sont les racines de la famille aristocratique Saxe-Cobourg?
5047419#0	Quelle est la longueur du fleuve Hudson?
12116881#0	Comment s’appelle la science qui étudie les pierres?
9308616#0	Quelle est la religion officielle en Géorgie?
134822#0	Quelles sont les causes de l'infection urinaire?
8482396#0	Quelle est la fonction de la chymotrypsine?
12781334#0	Quelle est la population de la province d’Andalousie?
306437#0	Quelles sont les dates du Moyen Âge?
1587547#0	Pourquoi on a choisi le nom "Quartier de la pêcherie"?
530489#0	Qui est le meilleur cycliste français?
1014091#0	Quels étaient les points du Traité de Vienne?
121814#0	Combien de langues parle-t-on en Russie?
8811959#0	Quand naissent les bébés chauve-souris?
970192#0	Quelle langue parle le tribu Tohono O’odham?
193219#0	Qui est le réalisateur canadien le plus connu en 2021?
14633113#0	Quelles sont les fonctions d'un navire??
3213435#0	Qui a créé Pokemon?
9612292#0	Pourquoi est-ce qu’on appelle la période des Trois Royaumes de Chine?
2766640#0	Quelle est la taille du terrain de baseball?
10223082#0	Qu’est-ce qu’un scénariste fait?
5571296#0	Quelle loi s'occupent de la propriété intellectuelle en France?
3944815#0	Quelles sont les caractéristiques essentielles de l’art moderne?
1284279#0	Qui est le père de mathématiques?
11882697#0	Qui a construit le premier observatoire du monde?
10190708#0	Comment sont donnés les noms d’ouragans?
3671790#0	Qui est le propriétaire de Buddah Records?
118593#0	Qui est le contenu d’un chromosome?
433924#0	Comment les maladies infectieuses se propagent?
650426#0	Quels sont les différents formats vidéo?
5754656#0	Qui était la muse de Brahms?
11526354#0	Que fait un sniper?
94860#0	Qu’est-ce que c’est l’anthropomorphisme?
218089#0	Quels sont les principes de la constitution du Royaume-Uni?
3328434#0	Qui est Connie Carpenter-Phinney?
322706#0	Quelles sont les régions belges?
626481#0	Quels sont les aspects principaux du style blue?
7818525#0	Quelle est la longueur du chemin Paris-Lyon?
12519121#0	Quel est le sol idéal pour un cultivar de rosier?
300856#0	Quelle est l’origine de la musique celtiques?
13598533#0	Quelle est la deuxième plus grande ville d’Allemagne?
803104#0	Quelle est l'école artistique la plus connue de New York?
1037896#0	Quel est le décor des tombes royales dans la vallée des Rois?
12608613#0	Quelles sont les raisons médicales de l’homosexualité?
6411870#0	Qui a inventé le hockey?
942352#0	Quel est l'origine du nom Massachusetts?
1873971#0	Quel est le papillon le plus commun au Canada?
13191855#0	Qu’est-ce que l'anthropologie étudie?
9910246#0	Quelle est l'étymologie du mot nécropole?
14382211#0	Quels sont les modèles de neurones à impulsion?
206334#0	Où se trouve la plus belle cathédrale de France?
77559#0	Quelle est la religion officielle en Géorgie?
14385647#0	Qui a introduit le terme racisme?
10147692#0	Quel est le jeu vidéo le plus joué au monde?
1300051#0	Quel est le réacteur de base Tokamak?
12036006#0	Quel est le roman le plus célèbre de Tolstoï?
5652144#0	Quelle est la musique traditionnelle du Japon?
9248177#0	Qui crée la cryptographie?
6426378#0	Que signifie l’onomastique?
9922752#0	Qui sont les membres du groupe Aerosmith?
183441#0	Quels sont les types de poèmes?
3203926#0	Quelle doit être la physique d’un jockey?
649723#0	Quelle est la langue qu’on parle en Normandie??
9425124#0	Combien d’habitants vivent à Moscou?
362098#0	Quelle est la cuisine du Venezuela?
8457610#0	Quel est le système judiciaire des Pays-Bas?
10828198#0	Quelle est la loi de Newton?
12689444#0	Combien de sports participent aux Jeux olympiques?
4663043#0	Qui est le premier astronaute chinois?
5272813#0	Quelle est l’importance de Transylvanie?
1048412#0	Qui a construit le Canal de Suez?
13174972#0	Quel type de langue est portugaise?
6334077#0	Quand se passe l'élection d'un président en France?
1871958#0	Quel est le meilleur chardonnay en France?
5050562#0	Qui étaient les Aztèques?
3222047#0	Quel est le système judiciaire au Canada?
926819#0	Quelle est la meilleure école d'arts au Canada?
1057853#0	Qui est le père des mathématiques?
3088909#0	Comment a été créé le prix Grammy?
205378#0	Qui sont les chanteurs canadiens qui ont gagné le Grammy en 2021?
720432#0	Qui est le président de l’UFC?
13621158#0	Qui a donné le nom du concept la diversité des tactiques?
172133#0	Qui est le fondateur du FC Barcelone?
344331#0	Quelles étaient les conséquences du référendum au Québec en 1995?
10923652#0	Qui sont les premiers habitants de l’Écosse?
1412594#0	Quels étaient les 13 premiers états des États-Unis?
8001241#0	Qui est Jay-Z?
632021#0	Quelle était la langue des Mayans?
6718336#0	Quel est l'opéra le plus connu de Mozart?
8975588#0	Quel est l’origine des Turcs ottomans?
478164#0	Qui est le dieu principal dans la mythologie nordique?
539455#0	Qui était Che Guevara?
1580921#0	Quelle était la motivation de la création des Quatre livres extraordinaires de la littérature chinoise?
2790105#0	Quelle est la plus grande île de l'Indonésie?
5934178#0	Qu'est-ce que c’est le nihilisme?
6969585#0	Quel est le musée le plus visité en 2021 à Paris?
13430714#0	Quel est l'adresse de ROM à Toronto?
5110219#0	Qui a écrit Les Misérables?
1631316#0	Pourquoi est-ce qu’il est nécessaire d’utiliser un code d'écriture secret?
961376#0	Quelles sont les caractéristiques de l’assimilation d’un peuple?
2723634#0	Quel est le plat traditionnel de la Hongrie?
12794322#0	Quels sont les éléments de la magnétosphère terrestre?
14250708#0	Qui est le dernier grand sénéchal de Provence?
3467495#0	Quels sont les bienfaits de la guitare électrique?
14346197#0	Quels types de tests existent?
247035#0	Combien d’empereurs ont gouverné la Chine?
14378647#0	Quelle est la procédure pour devenir un météorologiste au Canada?
1978529#0	Quelle est l'étymologie du mot idéologie?
7194136#0	Comment était développé le sikhisme?
62189#0	Quelles sont les divisions administratives de territoire en France?
9198219#0	Quelles sont les raisons de la seconde guerre sino-japonaise?
7566373#0	Quelles sont les meilleures pneumatiques au monde?
5761890#0	Quelle est l’origine de la langue basque?
3492919#0	Quand a été fondé la compagnie Avon?
77716#0	Quel est l’impact du style pop sur la musique contemporaine?
3209215#0	Quelle est l’importance des légendes dans la culture des peuples africains?
36307#0	Quelles sont les caractéristiques principales de l'antiquité?
14498773#0	Quelle est la première voiture gyroscopique au monde?
7249896#0	Pourquoi les gens commencent-ils une guerre?
1598177#0	Qui sont les cinq membres des Spice Girls?
1000816#0	Quel est le statut du rugby en Belgique?
9308132#0	Pourquoi les îles Sandwich s'appellent comme cela?
1152762#0	Qui est Priscilla Presley?
1025182#0	Quels sont les traits particuliers de l’architecture gothique?
11381191#0	Quel pays du monde a le plus d’or?
11305493#0	Qui est Lenin?
12312646#0	Quel est le style moderne dans l’architecture?
5162129#0	Quels sont les quartiers les plus populaires à Bruxelles?
3748217#0	Qui est Vivaldi?
4036758#0	Dans quel pays le rugby est un sport national?
594768#0	Quel est le roman le plus connu de Simon de Beauvoir?
13216832#0	Quels sont les points principaux du mouvement Black Lives Matter?
8753102#0	Qui est Evita Peron?
13441615#0	Qui est l’empereur byzantin le plus important?
560011#0	Qui est le chef du département de l'intérieur des États-Unis?
3847756#0	Quel est l’ordre de Saint-Lazare de Jérusalem?
217518#0	Quels sont les pays dans l’Union européenne?
13202463#0	Pourquoi les juifs ont été persécutés par les nazis?
11882654#0	Quelle est la plus petite planète?
13161368#0	Qui a introduit le protestantisme en Inde?
1470422#0	Pourquoi collectionner des timbres-poste?
3287712#0	Qui est Martin Scorsese?
4128547#0	Qui a inventé le nom Windy City?
4257508#0	Qui a donné le nom Mont-Blanc?
753848#0	Que signifie le concept d'économie de l'apprentissage?
2453297#0	Quel est le télescope le plus puissant?
7371817#0	Quelle science est la narratologie?
13199558#0	Quels sont les sujets majeurs explorés par la physique?
6013447#0	Quel pays a le plus de satellites dans l’espace?
4874217#0	Qui est Edith Piaf?
12258128#0	Quelles sont les plus grandes attractions touristiques en Inde?
652917#0	Quels sont les avantages d’une distillation?
3649234#0	Pourquoi y a-t-il des accidents d’auto?
7082376#0	Quelles sont les croyances adventistes?
115924#0	Comment devenir enseignant dans un collège en France?
7699524#0	Qui est Merilyn Monro?
393379#0	Où est né Sean Connery?
1032386#0	Où est situé Stratford upon Avon?
5336927#0	Combien de films sont produits à Bollywood par an?
6862292#0	Quelle est la forme des cratères sur la Lune?
16121#0	D'où vient le nom de la région Normandie en France?
6174155#0	Quels sont les types de voix de chant feminine classique?
1135#0	Quelles sont les caractéristiques de la démocratie?
2789983#0	Quelle est la capitale du département de la Creuse?
4837653#0	Qui est le gouverneur de Floride en 2022?
6844918#0	Quelle est la chanson d’Ed Sheeran la plus populaire?
8645642#0	Quelles langues sont parlées au Nigeria?
3217637#0	Qui sont les membres du groupe Kiss?
2659749#0	Qui étaient les Vikings?
14201689#0	Pourquoi les gens organisent-ils des grèves contre le racisme?
6822138#0	Qui a été la première personne à atterrir sur la Lune?
502129#0	Quelles sont les universités à Montréal?
5537121#0	Comment était créée la Croix-Rouge?
1642011#0	Quel est le sport le plus joué au Mexique?
2691000#0	Quel groupe chante la chanson “Never Ever”?
4038904#0	Combien de langues régionales y a-t-il en Espagne?
7734222#0	Qui est le fondateur de l'université d’Oxford?
13886505#0	Quels sont les ingrédients du croissant français?
108572#0	Quels sont les styles de jouer au tennis?
10921932#0	Qui est Jordan Peterson?
8089854#0	Quels sont les esprits dans la littérature japonaise?
3642121#0	Quel est le salaire d’un juge?
634394#0	Quelles sont les conséquences psychologiques des jeux vidéo sur les enfants?
11650747#0	Quand a été créée l’Agence spatiale européenne?
3244857#0	Qui est le roi du Luxembourg en 2022?
2726298#0	Quels sont les services publics dans l'Église catholique?
13696113#0	Quels sont les fjords au Canada?
7975567#0	Qui a inventé les machines d’arcade?
3693294#0	Quel est le cheval le plus fort au monde?
506288#0	Quand a été la première remise du prix Golden Globe?
94888#0	Quelles sont les caractéristiques du parlementarisme?
11324#0	Qui est George Orwell?
172990#0	Comment s’appelle la personne qui a inventé l’ordinateur?
904200#0	Quels sont les avantages d'être une féministe?
10170167#0	Que fait un trou noir?
26393#0	Qu'étudie la numérologie?
3056473#0	Qui a gagné le championnat NBA en 2021?
11026862#0	Comment se forment les orages magnétiques terrestres?
113076#0	Comment s’appelle la femme de Bill Gates?
3013054#0	Dans quelle région se trouve le comté de Shropshire?
7642057#0	Comment s’appelle le désert à Nevada?
1348702#0	Qui est Alen Delon?
4945034#0	Qui est l’auteur de Star Wars?
4338091#0	Pourquoi l'Église catholique a-t-elle créé l'Inquisition?
10684869#0	Qu’est-ce que signifie la gnoséologie?
6900950#0	Pourquoi Émile Borel est-il célébré?
453841#0	Quelles sont les chansons liturgiques en christianisme?
290577#0	Quels sont les types de jeux pour les adultes?
14358536#0	Qui était Abraham Lincoln?
3368905#0	Quels sont les matériels les plus importants utilisés dans le domaine de la construction?
9408677#0	Quels sont les artistes dans un cirque?
13093712#0	Pourquoi la mémoire cache est plus rapide que la RAM?
84066#0	Quelles sont les langues officielles en Belgique?
9213449#0	Qui étaient les premiers habitants d’Andalousie?
4297463#0	Quand a été créée la Marine Impériale japonaise?
68343#0	Quels sont les traits spécifiques des perroquets?
9425436#0	Combien de quartiers y a-t-il à Marseille?
4189219#0	Quelle est l’importance des neurones?
5988127#0	Pourquoi les mineurs ont-ils un travail dur?
78745#0	Quels sont les outils les plus importants utilisés en physique?
11112672#0	Qui est Aristote?
615002#0	Qui est le chanteur de la chanson “Despacito”?
7359463#0	Qui est Marie Magdaleine?
10499841#0	Quel est le territoire de Naples?
11322228#0	Quelle est la musique japonaise traditionnelle?
4718851#0	A quelle famille langagière appartient la langue araméenne?
12074281#0	Quelle est la différence entre lа sexologie masculine et féminine?
11891340#0	Qu’est ce qu’il y a dans la surface de Mars?
1168644#0	Quelles sont les responsabilités d’un calife?
1121173#0	Quelles sont les caractéristiques importantes du bouddhisme?
70690#0	Quels sont les véhicules les plus importants utilisés pendant la Deuxième Guerre mondiale?
4634181#0	Quelle est la population de Saint-Mandrier-sur-Mer?
552420#0	Quand a été fondée l'université de Paris?
6970053#0	Quelles sont les caractéristiques les plus importantes de la civilisation assyrienne?
12596937#0	Qui est l’architecte de la cathédrale Sacré-Coeur à Paris?
10229855#0	Quelles sont les conséquences pour le corps de la drogue?
55810#0	Quelles sont les deux plus grandes communes françaises?
837221#0	Quelles sont les races bovines les plus communes au Canada?
3168#0	Comment apprendre l'espéranto?
13345053#0	Quelles sont les langues africaines?
11880940#0	Quelle est l’orbite de Neptune?
3430350#0	Quel est l'état économique de la Chine?
716068#0	Quel est le plat traditionnel de Belgique?
4482808#0	Comment a été donné le nom de la rive Nil Blanc?
65585#0	Qu’est-ce que c’est un ribosome?
633946#0	Comment fonder un mouvement politique?
1618440#0	Qui est Emmanuel Macron?
9214179#0	Quand a été fondé le protestantisme?
11891642#0	Quelle est la couleur de la planète Uranus?
1916124#0	Qui est Shiva?
58109#0	Pourquoi est-ce que les enzymes digestives sont importantes pour la santé?
12290632#0	Quel est le territoire de Belle-Île-en-Mer?
1308887#0	Qui crée des textes législatifs d’un pays?
14464705#0	Quel est l’ancien nom d'Afghanistan?
4465417#0	Quel est le cabaret le plus populaire à Paris?
7660589#0	Quel est le but d’une cavalerie?
168325#0	Quel est le rôle d’un prophète dans la Bible?
496656#0	Quels sont les éléments d’un abbaye?
1702878#0	Qui est Bobby Fischer?
14239513#0	Quel type de langue est la langue russe?
9930565#0	Qui est Caitlyn Jenner?
12144849#0	Quels sont les accents différents de l’anglais canadien?
7037773#0	Qui est l'architecte de l'Arc de triomphe?
3156427#0	Quel est une combinaison spatiale?
3240108#0	Qui est Hernando de Soto?
7194310#0	Quand a été construit le métro de New York?
555991#0	Quel est le statut d’une commune en France?
11891828#0	Comment s’appelle l'atmosphère d’un comete?
5865703#0	Combien de dents y a-t-il dans la bouche adulte?
4356532#0	Dans quels pays ont légalisé le cannabis?
7036751#0	Quel type de langue est maori?
5312697#0	Qui est le roi d’Espagne en 2020?
5964422#0	Quel est l’impact de la radiation sur le corps humain?
3004443#0	Quel est le rôle de la membrane interne?
12831637#0	Qui est Alberto Tomba?
1695164#0	Quels sont les concepts principaux en géométrie?
5305780#0	Qui est Michael Jordan?
8764675#0	Quel pays a inventé le base-ball?
13456931#0	Quel est l’indice de la Bourse de Toronto?
5347687#0	Que fait un nécromancien?
11345155#0	Quelles sont les conséquences de la guerre au Kosovo?
7376503#0	Quelle est la religion officielle en Syrie?
51201#0	Quelles sont les couleurs d’un améthyste?
186720#0	Quelles sont les minorités religieuses en l’Empire byzantin?
667233#0	Quel est le travail d’un ethnologue?
11453908#0	Quand a été créée l'association American Atheists?
3023388#0	Quelle est l’origine de l’esclavage en Afrique?
12243127#0	Qui est Steve Jobs?
4332777#0	Qui sont les pilotes de Mclaren en 2021?
14370207#0	Quels sont les tests pour devenir un soldat de la marine royale?
10447835#0	Comment se forment des galaxies?
4436683#0	Quel type de langue est la catalane?
9573917#0	Qui est Guillaume le Conquérant?
12132029#0	Que signifie le terme a drag queen?
686396#0	Quelle était la doctrine du socialisme?
13141103#0	Quelles sont les régions de la Gaspésie?
3666827#0	Qui est Michael Bublé?
6036264#0	Quel est le but du l'ordre de Saint Benoît?
67227#0	Quelles sont les récompenses du festival de Cannes?
4783832#0	Quelle était l’importance de Fort Erie pendant la guerre?
1590005#0	Quelles sont les coordonnées géographiques de la Croatie?
12577539#0	Quels types de fleurs offre les Jardins botaniques de Toronto?
10731085#0	Quel est le meilleur climat pour cultiver des bégonias?
12460076#0	Qui est Pablo Neruda?
2851306#0	Quel est l'état géographique de Marseille?
7394593#0	Quel type de langue est l’hongroise?
10661092#0	Quel type de sport est le badminton?
13781320#0	Quelles sont les villes les plus peuplées en Allemagne?
14072389#0	Que fait un archéologue?
6407947#0	Comment éviter un accident d’avion?
5652886#0	Quelle est la saveur umami?
1114676#0	Qui a construit le château de Chambord?
6258534#0	Quelle est la division administrative de Bolivie?
3028840#0	Combien de lignes a le métro de Toronto?
13151733#0	Quelles sont les caractéristiques principales du sikhisme?
13528335#0	Par qui est développé l'idéologie de salafiste djihadiste?
929396#0	Quelles sont les propriétés de résonance magnétique nucléaire?
2982593#0	Quels sont les avantages du magnésium?
12367062#0	Quand le prix Juno a-t-il été décerné pour la première fois??
12925252#0	Quels sont les types d’arts martiaux?
5761964#0	Que dit la loi de l’attraction?
14635105#0	Quels sont les avantages de lire une bande dessinée en classe?
9287385#0	Quel est le caractère du Capricorne?
6036524#0	Combien de genres théâtraux y a-t-il au monde?
13737571#0	Quel est le climat à Dublin?
7017696#0	Quelles sont les propriétés de la culture chinoise?
490236#0	Que signifie une famille nucléaire?
29448#0	Qui a hérité de l’Empire d'Alexandre le Grand?
11880957#0	Quel est le plus grand astéroïde connu?
8370225#0	Quels sont les traits importants du genre littéraire science-fiction?
11216039#0	Combien de stations a le métro à Rio de Janeiro?
4325506#0	Quelle est la capitale de la Moldavie?
267015#0	Que signifie un manga?
5358559#0	Qui est Jules Verne?
5627233#0	Quels artistes utilisent Columbia Records en 2022?
37315#0	Quels sont les symboles maçonniques?
5852861#0	Quelle langue parle-t-on à Malte?
12850829#0	Quelles sont les religions les plus communes au Manitoba?
7051999#0	Combien d'états composent les États-Unis?
6471387#0	Quel est le territoire de la Roumanie?
583400#0	Quels sont les principes du taoïsme?
7642949#0	Quelle est la ville la plus peuplée au Québec?
13457127#0	Combien de satellites naturels tournent autour de la Terre?
90696#0	Combien d’enfants avait Léon Tolstoï ?
6302008#0	Quel pourcentage de personnes meurent de cancer?
1305316#0	Quel est le fromage le plus cher au monde?
10877224#0	Quels sont les romans les plus populaires de Charles Dickens?
599000#0	Quel était le but des écoles résidentielles au Canada?
12209576#0	Qui est le président du Togo?
13663890#0	Qui est Socrates?
3952094#0	Quels sont les douze signes astrologiques?
2845689#0	Quelles étaient les batailles les plus importantes dans la mer pendant la Deuxième Guerre mondiale?
12707866#0	Quand a été construit le château de Chenonceau?
107985#0	Qui étaient les cosmonautes en Mir?
12365995#0	Qui a créé le gatka?
11378805#0	Quelles sont les traditions différentes de passer Noël ?
9806788#0	Quelle est la robe traditionnelle de la Bulgarie?
6432833#0	Quelle est la culture des Amish?
3378497#0	Quelle est la hauteur des chutes de Niagara?
276402#0	Quelles langues sont parlées au Congo?
6439278#0	Quelle est l'étymologie du mot syllabus?
14483739#0	Que signifie une ségrégation raciale?
13251875#0	Quelle est la musique traditionnelle du Maroc?
4874981#0	Qui était le premier sultan de l’Empire Ottomani?
4439112#0	Quel est le sport traditionnel d'Irlande?
11381528#0	De quoi consiste une cavalerie?
6059117#0	Quand a été fondée la maison d'édition Larousse?
4646778#0	Quels sont les quartiers de Vannes?
4378353#0	Qui est Jennifer Lopez?
4377126#0	Quels sont les peuples autochtones de l'Amérique du Sud?
1336449#0	Quelle reine était Cléopatra?
41343#0	Quelles sont les conséquences psychologiques d’un génocide?
4029101#0	Quel âge a Daniel Radcliffe?
6876444#0	Quelles sont les caractéristiques de la culture flamande?
8000850#0	Qui est le joueur de cricket le plus célèbre de tous les temps?
2830154#0	Quelle est la chanson la plus populaire de Sia?
6315219#0	Quel est le championnat de rugby le plus célèbre au monde?
14370145#0	Quel est le rôle d’un mécène?
7016984#0	Qui était Eva Braun?
6813734#0	Quelle est la présomption d’innocence?
1935013#0	Que signifie le titre marquis?
4401778#0	Quels sont les types d’avions les plus rapides au monde?
13906106#0	Quelle est la rue la plus célèbre de Milan?
14044923#0	Quand Jakarta est devenue la capitale de l'Indonésie?
12753673#0	Quelle langue est le sanskrit?
3968386#0	Qui est le dernier roi de France?
5062876#0	Qui est Shakira?
5192#0	Quels sont les acides les plus forts?
7116080#0	Quelle chanson a gagné l'Eurovision 2021?
10903545#0	Qui est l'architecte de l'Opéra de Sydney?
6663664#0	Quelle est l’autoroute la plus longue en France?
7461181#0	Qui est le partenaire de Lady Gaga?
8042816#0	Quelle est l’importance de Notre-Dame de Paris?
13391630#0	Où se trouve Capri?
7501799#0	Quels sont les tribus autochtones en Saskatchewan?
7193830#0	Quand a été construit le métro à Paris?
11059040#0	Qui est Kate Winslet?
285059#0	Quel est le championnat automobile le plus célèbre au monde?
4478124#0	Quelles sont les autoneiges utilisées dans l'armée?
14082611#0	Quelles sont les particularités de reggae?
5952400#0	Quel type de langue est l’hongroise?
11469240#0	Quelles étaient les causes de la guerre de Sept Ans?
766136#0	Qui est Jessica Biel?
3925866#0	Quels sont les monuments les plus célèbres de Rome?
2461521#0	Quels sont les moyens de communication?
66254#0	Quelle est la largeur de Philadelphie?
3017837#0	Qui est Novak Jokovich?
6368373#0	Pourquoi la ville de Corinth a été détruite?
220765#0	Quelle est la nourriture traditionnelle de Kiribati?
8022634#0	Quelles sont les causes d’un déclin démographique?
1307568#0	Qu’est-ce que c’est une hérésie?
1599778#0	Quel type de langue est le georgien?
1436387#0	Qui est le propriétaire de Nickelodeon?
9806677#0	Quand a été fondée l'Alliance militaire islamique?
7950745#0	Que signifie l’antisémitisme?
7080690#0	Quelles mesures sont utilisées pour mesurer le QI d'une personne?
997968#0	Quelles langues sont parlées en Tunisie?
9194085#0	Quelle est la cuisine marocaine?
56822#0	Comment s’appelle la personne dirigeante un navire?
14175600#0	Quel était le but de la colonisation?
2505748#0	Quelle est l’importance de la famille Rockefeller?
598206#0	Où se trouve la banque centrale européenne??
4653535#0	Combien de personnes dénombrait l'armée française pendant la Première Guerre mondiale?
13972068#0	Qui est Melinda Gates?
16608#0	Qui est le père de la logique?
1075077#0	Qui est le président de Nicaragua en 2022?
5938860#0	Quelles sont les pénalités pour commettre un genocide?
380702#0	Combien de cantons y a-t-il en France?
12198319#0	Combien de langues minoritaires y a-t-il au Canada en 2022?
138#0	Quel est le salaire d’un archéologue?
6256271#0	Comment s’appelle le désert en Arizona?
349578#0	Quels sont les anciens noms de l’Iran?
11111355#0	Quelle est la chanson la plus célèbre de Black Eyed Peas?
1655454#0	Quelle est la plus grande île du monde?
20328#0	Qui est Angela Merkel?
14204740#0	Quel est le sujet étudié par la science lexicologie?
1694400#0	Qui a inventé le jeu de cricket?
126152#0	Quels sont les droits d’un travailleur au Canada?
817238#0	Qui est le réalisateur de The Simpsons?
8700#0	Quelles sont les langues officielles à Singapour?
5749145#0	Qui est le joueur de football polonais le plus connu au monde?
13981571#0	Qui est le peintre le plus célèbre représentant la période du romantisme?
14417362#0	Quel est le symbole de la Thaïlande?
5765993#0	Quels sont les oblasts les plus peuplés en Ukraine?
223541#0	Quelle est la frontière entre l’Europe et l’Asie?
7847474#0	Qui est Coco Chanel?
12884299#0	Quelles sont les différences entre une nouvelle et un roman?
12340444#0	Quel est le stade le plus grand de France?
324417#0	Quel style de musique joue Bon Jovi?
4708880#0	Qu’est-ce que la sémantique étudie?
6357780#0	Qui est le premier roi belge?
50570#0	Combien de dialectes sont observés dans la langue française?
13532464#0	Que signifie le terme prolétariat?
386057#0	Qui est le premier empereur de la dynastie Paléologues?
11892796#0	Qu’est-ce qu’il s’est passé aux dinosaures pour disparaître de la planète?
9461805#0	Qui joue le rôle de Harry Potter dans les films Harry Potter?
9698354#0	Quand se passe le championnat du monde de rugby en 2020?
7583962#0	Quelles sont les langues officielles de Palau?
3586897#0	Quelle nationalité est Nelly Furtado?
595555#0	Quelles sont les raisons du changement climatique?
2867656#0	Qui est Marie Stuart?
4831257#0	Qui est Michael Phelps?
1929955#0	Quels sont les types de championnat de football au monde?
12824428#0	Quelle est l’importance de Charles Darwin?
10988192#0	Quelles sont les caractéristiques d’un jeu vidéo de genre science-fiction?
6349013#0	Quels états bordent le Missouri?
6523217#0	Quelle est l’importance de Lenin?
5304441#0	Quelle partie du Canada se trouve dans le cercle arctique?
7938052#0	Qui a inventé le tube à choc?
14203847#0	Quel est le sommet le plus haut de Swartberg?
11574268#0	Comment est organisé le système de transport en Allemagne?
12826703#0	Combien de personnes au monde parlent espagnol?
12264500#0	Combien d'équipes participent à la NBA?
3012195#0	Quelle est l’importance du règne de la reine Victoria?
1482986#0	Combien de joueurs participent à un équipe de hockey sur glace?
842614#0	Qui a fondé la compagnie NeXT?
779364#0	Que mangent les éléphants?
14100089#0	Quelles sont les organisations de défense des animaux en France?
10803030#0	Quels sont les sujets principaux de l'étude d'épidémiologie?
4036689#0	Quel pourcentage de la population française vit dans les villes?
13195041#0	Quel est le plus long tunnel en Amérique du Nord?
44776#0	Quel était le but de l’Agora en Grèce ancienne?
842625#0	Quelle est la division administrative de Suisse?
170329#0	Quels sont les acteurs du film Pulp Fiction?
5280623#0	Qu’est-ce que c’est la biologie moléculaire?
11882395#0	Comment sont créés les astéroïdes?
5387004#0	Qui est Jean-Paul Belmondo?
122330#0	Qui est Pierre Elliott Trudeau?
3084654#0	Qui est Carlos Chavez?
6399077#0	Combien de républiques y a-t-il en Russie?
3166304#0	Combien de cantons existent en Suisse?
6522308#0	Que fait un plombier?
5813776#0	Quel est le sport le plus joué en Europe?
3554994#0	Quel type de langue est le hongrois?
3062239#0	Comment les Nazis ont pris le pouvoir?
522045#0	Quand a été fondée la Bulgarie?
4998464#0	Quel est le drapeau de l’Allemagne?
98245#0	Quel est le canton le plus peuplé de Suisse?
14524438#0	Quel pays est le plus grand producteur de taro?
4881206#0	Quelles sont les particularités de la musique japonaise traditionnelle?
5994321#0	Quelles sont les conséquences de l’exploitation du charbon de terre?
1425279#0	Quelles sont les pièces de théâtre de Molière les plus connues?
13388857#0	Quelles sont les raisons de l'augmentation du stress chez les personnes âgées?
63571#0	Où se trouvent les Dardanelles?
11386695#0	Quelle est la religion principale en Géorgie?
1438446#0	Quel type de langue est wallon?
12262904#0	Quelles sont les caractéristiques de l’architecture médiévale?
100104#0	Quelle est la capitale du Nouveau-Brunswick?
7104582#0	Quel type de langue est la langue mongole?
1663317#0	Combien de communes y a-t-il en France?
644214#0	Quelle est la cuisine suisse?
9976992#0	Quelle est l’importance de FIFA dans la société de football?
14321587#0	Quelles sont les types d'énergie?
8112309#0	Quels sont les bienfaits pour le corps humain d’eau de noix de coco?
494611#0	Qui est le réalisateur du film The Godfather?
843563#0	Qu’est-ce que c’est le syndrome du savant?
68393#0	Quels sont les bienfaits de l’huile d’eucalyptus?
977580#0	Quelle est la religion principale d'Erythrée?
1701154#0	Quelles sont les caractéristiques du socialisme?
6738652#0	Combien de temps dure la Deuxième Guerre mondiale?
323696#0	Qui sont les membres du groupe Kiss?
9194472#0	Pourquoi les gens committent un inceste?
5460202#0	Quelle est la plus vieille église en France?
5331234#0	Combien de provinces y a-t-il en Espagne?
1033156#0	Quels sont les désavantages des cigarettes?
164793#0	Quelle est l'idéologie du taoïsme?
6447574#0	Que signifie le terme un prisonnier politique?
4252#0	Qui est Karl Marx?
11337421#0	Quelles sont les caractéristiques d’une synagogue?
6179229#0	Quelle est la théorie soutenue par Ptolémée?
10015491#0	Quel est le plan Marshall?
10092985#0	Combien de caractères y a-t-il en langue chinois?
2954152#0	Qui sont les Ottomans?
9110586#0	Quelle est l’importance des Jeux Olympiques?
2124714#0	Quelles sont les voyelles en langue basque?
170125#0	Quels sont les musées à Montréal?
8504969#0	Quels sont les principes du communisme russe?
13205244#0	Quelles sont les plus grandes fêtes à Barcelone?
6429622#0	Quelle est la topographie d’Irlande?
673262#0	Quand a été fondé le National Hockey League?
113759#0	Qui est la déesse supérieure dans la mythologie nordique?
10259756#0	Qui est l'architecte de l'église Saint-Gilles?
2992259#0	Qui a créé le Pokémon?
14574396#0	Comment a été créée la Croix-Rouge?
6509110#0	Qui est le recteur de l'université de Moscou en 2022?
8223285#0	Qui a fondé le Maroc?
52495#0	Qui sont les philosophes grecs de l'Antiquité les plus célèbres?
5809522#0	Comment cultiver des pommes de terre?
13528#0	Quelles sont les guerres de religion les plus importantes de l’histoire de France?
14402404#0	Quelle est l'étude de numismatique?
12378399#0	Comment se forme un volcan?
196933#0	Quelles sont les méthodes pour faire un sondage?
14130790#0	Quelle est la voiture la plus chère au monde?
5534610#0	Quels sont les groupes de pop français les plus célèbres?
11893200#0	Quelle est l’orbite de Mercure?
6948128#0	Qui étaient les bolcheviques?
4610245#0	Quelles sont les ethnicités en Russie?
12241801#0	Quelle est la durée de vie d’une batterie lithium-ion?
834740#0	Quels sont les types d’arts martiaux?
5524458#0	Quel type de science est la statistique?
1306096#0	Quels sont les types de protocoles Internet?
1755#0	Comment ont été construites les pyramides en Egypte?
9380079#0	Quand a été créée la Bibliothèque nationale de France?
1523451#0	Quelles langues parle-t-on en République de Touva?
7934028#0	Quelle est la fonction des récepteurs GABA?
6361913#0	Quelles sont les fonctionnalités de GNU screen?
314386#0	Quels sont les traits particuliers de la samba?
6459670#0	Quel type de langue était le ligurian?
7771908#0	Comment est né l'hindouisme?
5099103#0	Qui étaient les premiers utilisateurs des pots de pharmacie?
1333762#0	Quelle est l'idéologie communiste?
12387616#0	Comment se forment les amas globulaires?
660453#0	Quel est le statut du Parc National Banff?
11806175#0	Qui est la première dynastie régnant au Japon?
6293667#0	Quelle est la cuisine algérienne?
8401914#0	Que signifie l'abréviation OTAN?
11299515#0	Qui possède la Porsche?
3456912#0	Quelles sont les lois discutant les discours de haine en France?
353078#0	Quel est le système féodal?
681566#0	Qui a construit les trains à grande vitesse?
13725983#0	Quels sont les premières tribus en Irlande?
1753057#0	Quels sont les plus grands boxeurs québécois?
701829#0	Comment Alexandre le Grand a contribué à l’histoire du monde?
5677823#0	Quels sont les opéras de Bach les plus célèbres?
1271293#0	Quel est le requin le plus dangereux du monde?
649492#0	Quelles sont les règles de golf?
1255970#0	Qui a inventé le tableau périodique?
13663115#0	Qui est Chris Hemsworth?
408817#0	Quelles sont les caractéristiques principales de la Renaissance?
6055314#0	Comment s’appelle la cathédrale à Trèves?
792543#0	Quelle est la musique suédoise traditionnelle?
4007822#0	Que signifie le militantisme pacifique?
13343715#0	Que signifie une anthologie?
11880418#0	Quels sont les deux lunes de Mars?
748617#0	Quel pays possède le plus grand gisement de pétrole?
12359939#0	Quels sont les services offerts par The Walt Disney Company?
4836562#0	Qui est le joueur de tennis le plus connu au monde en 2021?
2677616#0	Quels sont les poèmes les plus célèbres de John Keats?
5502469#0	Quels sont les collines de Rome?
6104797#0	Comment acquérir une citoyenneté qatarienne?
7220447#0	Quel est le travail d’un avocat?
10625574#0	Qui possède la compagnie Lancôme?
1382717#0	Qui a inventé le robot?
12681616#0	Qu’est-ce que c’est l'océanographie physique?
5069140#0	Qui était le premier roi d’Espagne?
12598294#0	Quels sont les vêtements traditionnels algériens?
5174376#0	Qui est le founder de Tours?
3440367#0	Quelles sont les étapes de développement du cancer?
6023311#0	Quel est le but de l’organisation Alcooliques anonymes?
10319686#0	Quel est le classement international de l'université de Toronto?
10515145#0	Quel est le salaire d’une infirmière?
7345554#0	Quels sont les genres cinématographiques?
14386906#0	Qui a construit le satellite SOHO?
601462#0	Qu’est-ce qui est considéré comme du ski alpin?
80898#0	Qui a créé le Metafont?
1199276#0	Quelle est l’origine du nom de Los Angeles?
821799#0	Quelles sont les allergies les plus courantes?
12799#0	Quelle est l’origine du dialecte provençal?
11333962#0	Quel est le noyau de Mercure?
6517576#0	Quelle est la désert la plus grande au Mexique?
3834637#0	Quelle est la plus grande île dans les Grands Lacs?
3656078#0	Quelle est la guerre la plus destructive en Europe?
14585485#0	Comment sont régulées les unions à but non lucratives?
895989#0	Quels sont les pays bouddhistes?
7243822#0	Quelle est l’origine des Kurdes?
1287534#0	Quelles sont les régions administratives en Belgique?
13269842#0	Ou était créée la comédie comme un genre cinématographique?
586213#0	Quels étaient les buts d’un chevalier?
4179708#0	Quels sont les types de films documentaires?
262940#0	Quelle est l’origine des arts martiaux?
7328317#0	Quelles sont les particularités du style gothique?
10237476#0	Quelle est la différence entre les églises prthodoxe et catholique?
13323829#0	Qui est Louis-Ferdinand Céline?
11100005#0	Quelles sont les règles d’adoption aux États-Unis?
12967382#0	Quand a été établie la compagnie Air Canada?
10702326#0	Quels sont les objectifs d’Interpol?
14121465#0	Quelle est l'étymologie du terme laïc?
7860837#0	Combien de joueurs contient une équipe de rugby?
5447903#0	Quand a été créée la Nintendo?
6765628#0	Quelle est la religion dominante au Japon?
13458382#0	Qui est le secrétaire général des Nations unies en 2022?
68762#0	Quelles sont les raisons de la colonisation de l'Amérique?
11224564#0	Quels sont les avantages de la santé du sauna?
7736143#0	Quels sont les genres télévisuels?
3305109#0	Qui est le père de la chimie?
190739#0	Que signifie le terme un nombre positif?
1150641#0	Quels sont les seize Royaumes?
14067990#0	Qu’est-ce que c’est un libertin?
2784780#0	Quels sont les différents types de codage?
3758035#0	Quelle est l'idéologie des témoins de Jéhovah?
157653#0	Quelles règles sont appliquées sur les noms des éléments chimiques?
4277334#0	Qui sont les premiers habitants de Thaïlande?
6497616#0	Combien de pays comprend la région de la mer Baltique?
218500#0	Quelles sont les provinces en Thaïlande?
10435566#0	Quelles sont les caractéristiques principales du style gothique flamboyant?
9210473#0	Quelle est l'idéologie du djihadisme?
2900656#0	Qui est le président du Département de la Réunion?
13992564#0	Où se trouve la Banque centrale de l’Union européenne?
862758#0	Qui était Niccolo Paganini?
3596623#0	Quel type de langue est le géorgien?
1066622#0	Quelle est la plus grande course cycliste du monde?
3328581#0	A quelle famille langagière appartient la langue gaélique?
2895288#0	Quelle est la fonction de l'artillerie?
1161490#0	Quelle est la peine pour un enlèvement en France?
9588028#0	Quand a été construite la cathédrale de Barcelone?
11352325#0	Quelles tribus étaient les premiers habitants de Manitoba?
3547090#0	Quel est le territoire de la Slovénie?
6499602#0	Qui est Socrates?
14237147#0	Quels sont les plats traditionnels de Grèce?
487025#0	Quelles sont les caractéristiques d'ancien régime?
1854613#0	Comment déterminer la couleur des yeux?
389968#0	Comment se forment les roches métamorphiques?
68205#0	Quels sont les pharaons égyptiens les plus éminents?
11208371#0	Quelles sont les caractéristiques du stress post-traumatique?
4493808#0	Comment a été créée la bande dessinée?
3663098#0	Quels sont les types de logiciels?
4920687#0	Quels sont les traits principaux d’un martyr?
6521586#0	Quelle est la capitale de la Guadeloupe?
2536362#0	Quels sont les noms précédents de l’Iran?
9637458#0	Qui est Spinoza?
3089718#0	Quels sont les types de nage?
11880882#0	Quelles sont les classes d'astéroïdes?
9142098#0	Comment préparer un bon aquarium?
11423122#0	Quels pays ont signé le Protocole de Kyoto?
12861639#0	Quelles sont les causes de cécité?
13769309#0	Qui a créé le Danemark?
1015395#0	Quelles sont les différences entre le français québécois et le français de France?
3586505#0	Quelles sont les règles de poker?
3317706#0	Comment se forment les patronymes en France?
267633#0	Quel est le rôle des artérioles?
7428260#0	Quel type de langue est le finnois?
4050542#0	Qui a créé la plateforme Spotify?
4912805#0	Quels sont les avantages d’art martial taekwondo?
14666268#0	Qui est le président des Nations Unies en 2022?
8342740#0	Qui est le fondateur de la Rus de Kiev?
13054961#0	Quelles sont les caractéristiques principales de l'économie japonaise?
4948542#0	Quelles sont les castes en Inde?
10670673#0	Comment jouer à la flûte?
12007931#0	Qu’est-ce que signifie le terme catalyseur?
12494244#0	Quand a été établi le Monténégro comme un pays souverain?
2879798#0	Qui a écrit la chanson Imagine?
9249392#0	Quelles langues sont utilisées au Maroc?
5687474#0	Quelles sont les caractéristiques principales d'éducation en Angleterre?
14425466#0	Comment utiliser la phytothérapie?
491731#0	Quelles sont les maladies des muscles dans le corps humain?
8117295#0	Qui est le propriétaire de COSTCO?
2769096#0	Comment s’appelle le premier album de Drake?
3177446#0	Quels sont les acteurs dans la série télévisée Doctor Who?
2774642#0	Quels sont les animaux mammifères?
11881229#0	Combien de satellites sont dans l’espace maintenant?
10192282#0	Comment a été inventée la bombe nucléaire?
13654808#0	Quels sont les quartiers de Berlin les plus prestigieux?
7815#0	Quels sont les plus vieux systèmes d'écriture ?
8363516#0	Qui étaient les Bourbons?
3871180#0	Quels sont les thèmes principaux examinés par l'anthropologie?
4564660#0	Quelles étaient les raisons importantes du Printemps de Prague?
11893509#0	Qui est le gouverneur d’Arizona?
6145472#0	Qui est l’inventeur de l'accordéon?
384779#0	Quels sports sont inclus dans les Jeux Olympique d'été?
301889#0	Quand a été fondée la compagnie Nintendo?
9021705#0	Quelle est l’origine de l’astronomie?
10441997#0	Quels sont les temples bouddhistes les plus visités?
7079811#0	Qui est Michael Schumacher?
3668521#0	Quelles étaient les croyances religieuses dans le Sultanat de Delhi?
14212562#0	Quelles sont les raisons d'un incendie?
14369496#0	Que fait un numismate?
162090#0	Combien de lignes y a-t-il de Transilien?
5518290#0	Quel type de langue est le quechua?
7935189#0	Quelle est la musique alsacienne traditionnelle?
10485902#0	Quel est le poème le plus connu de Lermontov?
11770778#0	Quelle est la signification de François Mitterrand dans la politique de France?
103770#0	Quelle est l'idéologie communiste?
8836427#0	Quelles sont les raisons de subir une mutation génétique?
3955376#0	Quel est le statut politique de Macao?
4074678#0	Quel type de fromage est le plus cher au monde?
3929592#0	Quelle licence est nécessaire pour obtenir un revolver au Canada?
1946484#0	Quelle est la philosophie de Kant?
9968036#0	Quels sont les postes dans le football américain?
10917915#0	Qui est Michael Jordan?
3321195#0	Comment créer un site web?
1065229#0	Quelles sont les raisons de la monosomie?
3451191#0	Qui est Tony Curtis?
11220599#0	Quels pays bordent la Russie?
9863790#0	Quel est le statut de la langue française en Syrie?
11753110#0	Qui est le président de l’Organisation mondiale de la santé en 2022?
1220476#0	Quelle formation est nécessaire pour devenir un journaliste?
6026159#0	Quel type de langue est le finnois?
14477311#0	Quels sont les meilleurs studios cinématographiques aux États-Unis?
11881843#0	Quelle est la composition d’un astéroïde?
11630603#0	Quelles sont les caractéristiques de la poésie médiévale?
9413986#0	Quel est le meilleur sol pour cultiver le maïs?
3925068#0	Quelle langue parle-t-on en Éthiopie?
9859489#0	Qui est Joanne Rowling?
195598#0	Où est située l’Agence spatiale européenne?
3569924#0	Quel mouvement est le piétisme?
10628923#0	Combien d’enfants a Arnold Schwarzenegger?
1573728#0	Quelle langue parle-t-on en Valais?
2485273#0	Quels sont les bienfaits du coing pour la santé?
5027421#0	Quelles langues sont utilisées en Inde?
14654032#0	Quand a été établi Copenhague comme ville?
11383010#0	Quel est le territoire du Texas?
9744923#0	Qui sont les réalisateurs de Bollywood les plus célèbres?
11879945#0	Quelle est la plus grande galaxie existante?
5840494#0	Quelle est la différence entre les alligators et les crocodiles?
10111534#0	Où se trouve Anguilla?
13703#0	Qui est Ivan Pavlov?
10542646#0	Quelle est l’importance de Whitney Houston dans la culture musicale du monde?
6341689#0	Qui est Peter Parker?
3893563#0	Quelle est l’origine du jeu de ping-pong?
9963705#0	Quelles religions sont pratiquées en Chine aujourd’hui?
13447524#0	Comment devenir un samouraï?
9782043#0	Quelle est la musique traditionnelle d'Israël?
6940830#0	Quelles langues sont parlées en Ouganda?
14179835#0	Quand a été créée la PlayStation?
633493#0	Quelles sont les prophéties les plus importantes de Nostradamus?
10018588#0	Qui est le recteur de l'université catholique de Louvain aujourd’hui?
13569945#0	Quand a été créé le premier automobile Dodge?
9381131#0	Quelles étaient les raisons de la création de la console XBox?
8254267#0	Quelles sont les conséquences de la Première Guerre mondiale pour la Bulgarie?
913349#0	Ou a été inventé le hockey sur glace?
5390627#0	Qui a inventé le site Youtube?
14076412#0	Comment s’est formé l'anglicanisme?
934918#0	Quelles sont les races de chevaux les plus rares?
508971#0	Quel type de diptères sont les papillons?
4861129#0	Quels étaient les treize premiers états des États-Unis?
4887869#0	Quel est le regroupement ethnique de San Francisco?
5536114#0	Qu’est-ce que c’est la période de Reconquista?
1194836#0	Quelles sont les règles de scrabble?
374703#0	Combien d'îles formant le Bahreïn?
6605067#0	Quels sont les points principaux du judaïsme?
12728234#0	Quelles sont les régions de la Terre moins habitées?
5363058#0	Quelle est la culture traditionnelle de la Nouvelle-Calédonie?
6745005#0	Quels types de langues sont les langues autochtones?
1701423#0	Qui est Pierre Parlebas?
10911864#0	Quelle est la comédie musicale de Broadway la plus populaire de tous les temps?
771798#0	Quelle est la signification de l'expression d'être Judas?
7010775#0	Quels sont les avantages de l'éducation familiale?
1364997#0	Quel est le goût du vin rouge?
332845#0	Comment se forme une armée?
4041681#0	Quel est l'état de l'économie mondiale avant la Première Guerre mondiale?
5663441#0	Quels sont les différents types de logiciels?
1162068#0	D'où sont venues les tribus Gaulois?
608348#0	Quand a été inventée l'antenne de télévision?
11501651#0	Quels sont les différents types de cyclisme?
223311#0	Quelle est la religion des Celtes?
6451994#0	Comment s’appellent les personnes dans le jury du prix de Flore?
5972375#0	Quel était le plus grand camp de concentration?
4593226#0	Quel est le but des américains à propos du conflit concernant la frontière de l’Oregon?
106063#0	De quoi est constitué le biathlon?
4378934#0	Quelle est la première station spatiale?
5668328#0	Quelle entreprise George Soros possède-t-il?
3012280#0	Quelles sont les familles aristocratiques de Belgique?
12639#0	Quel est le territoire de la Caroline du Sud?
1505177#0	Quel type de langue est la langue arabique?
2013375#0	Quels artistes sont présentés par Playground Music Scandinavia AB?
10368877#0	Que signifie la ségrégation?
290860#0	Quand a été fondée la compagnie Adobe Systems?
6719223#0	Combien de préfectures y a-t-il au Japon?
7974898#0	Quand a été écrit le roman Tess d'ubervilles?
44701#0	Quelles sont les croyances des hindouistes?
6207210#0	Qui est le pilote automobile français le plus célèbre de tous les temps?
11993615#0	Quels sont les effets négatifs sur la santé causés par le fait d'être un astronaute?
3132511#0	Où est l’islam la religion dominante?
9913368#0	Quelles étaient les raisons de la guerre de Succession d’Autriche?
13383526#0	Quelle est la religion dominante au Soudan?
13495973#0	Quelles sont les batailles les plus importantes pendant la Première Guerre mondiale?
20947#0	Quelle est la compétition cycliste d’Italie la plus prestigieuse?
13964371#0	Combien de personnes au monde pratiquent le catholicisme?
6617270#0	Que signifie le symbole de l'obélisque?
3429883#0	Qu’est-ce que c’est une nébuleuse?
3048699#0	Quelles langues sont parlées en Côte d’Ivoire?
12178941#0	Quel était le territoire de l’Empire mongol?
14510286#0	Quelle est la loi japonaise envers le trafic d'êtres humains?
97387#0	Quand a été créée la Bibliothèque nationale de France?
9962495#0	Combien de sports sont inclus dans les Jeux Olympiques?
12496244#0	Quel est le territoire de l'île de Tasmanie?
4300476#0	Où se trouve la ville de Metz?
99416#0	Quelles sont les spécificités d’un avion d’attaque?
7604338#0	Quel est le langage de programmation le plus difficile?
5593441#0	Quelles sont les lois traitant les réserves écologiques en France?
12277895#0	Quelles sont les plages de Floride les plus connues?
5658767#0	Combien de cas y a-t-il dans la langue latine?
9390314#0	Quelles sont les stations de radio les plus écoutées en Suisse?
9586912#0	Comment s’appellent les provinces en Espagne?
4380243#0	Qui était le premier président de Yougoslavie?
1396458#0	Quelle est la fonction de l’hypophyse?
5260594#0	Quel est le drapeau de la Moldavie?
5799571#0	Comment devenir un notaire au Québec?
1016364#0	Comment a été construit l’empire Hilton?
718631#0	Quelle est la plus vieille université en Angleterre?
4495379#0	Quelles langues sont parlées au Sénégal?
1052927#0	Quelles sont les causes de l’acromégalie?
9142572#0	Quelle est la plus vieille école à Téhéran?
5315228#0	Quels sont les types de protéines?
12564674#0	Quelle est la penalité d’une meurtre au Canada?
1271385#0	Quel est le rôle d’un journaliste sportif?
1359338#0	Que fait un bassiste?
14381037#0	Quels sont les titres irlandaise les plus importants?
14513011#0	Quand a été créé le premier appareil photographique?
12615424#0	Quand a été fondé le tramway de Québec?
5664023#0	Quel était le rôle de Constantinople de la religion chrétienne?
1923765#0	Quels sont les registres d’une langue?
391731#0	Qu’est-ce que c’est une charge électrique formelle?
56407#0	Quelles sont les régions de climat au Canada?
11881746#0	Quelle est la surface de Vénus?
14103861#0	Quelles sont les droits principaux de l’homme?
352791#0	Quel est l’impact culturel de Madonna sur la musique du XXème et XXIème siècle?
1523897#0	Quel est le territoire des îles Baléares?
12283636#0	Quels sont les animaux féroces?
1057583#0	Quelles sont les caractéristiques du règne de Dioclétien?
4960178#0	Qui était Io dans la mythologie grecque?
4666901#0	Pourquoi la France a-t-elle vendu la Louisiane?
7458078#0	Quel est le climat du Tibet?
7900035#0	Quelle est l’importance du Bosphore?
4050631#0	Quand a été fondé le pays Vénézuela?
11891400#0	Quel est l’observatoire le plus célèbre au Japon?
239059#0	Qui est Yannick Noah?
10999454#0	Que fait un gigolo?
3008903#0	Quelles sont les spécificités du matériel abrasif?
169126#0	Comment cultiver une plante hibiscus?
2883063#0	Quelle est l’origine de style musical metal?
12939601#0	Quels étaient les branches de l’armée russe pendant la Seconde Guerre mondiale?
54441#0	Quelles sont les caractéristiques de la linguistique structurale?
404539#0	Quelles étaient les contributions sociales en France du roi Charles V?
1424410#0	Qui est Rod Stewart?
241957#0	Où est-ce qu’on peut pratiquer le ski?
1596321#0	Combien y a-t-il de lignes de métro à New York?
1129307#0	Qu’est-ce que c'est un chat?
10783897#0	Où se trouve la Birmanie?
13688343#0	Quels sont les pays qui ont des frontières avec la Grèce?
5927550#0	Quand a commencé la Première Guerre mondiale?
12828787#0	Qui est le Prince Noir?
3224634#0	Combien de systèmes stellaires y a-t-il dans l’univers?
9004891#0	Quand était la guerre de Succession d’Autriche?
58884#0	Quelle est la période de l’Ancien Régime?
7114143#0	Qui gère le site Lab 71?
11669515#0	Comment peut-on construire un navire?
1911864#0	Comment s’appelle la femme de Mohammed ben Yûsuf?
3529973#0	Où est né Robin Hobb?
5251652#0	Quelles sont les caractéristiques des équidés?
13908939#0	Comment se fait un incendie?
13801193#0	Quelles sont les fonctions d'un inspecteur de police?
7701269#0	Combien d’enfants a Isabelle des Baux?
4335316#0	Quel est le personnage principal dans le roman L’Ami commun?
5488777#0	Combien d'habitants y a-t-il Mill Springs?
1674856#0	Comment adopter un projet de loi au Canada?
10016137#0	Quelle est la capitale de l’Ukraine?
694281#0	Combien de créatures mythologiques y a-t-il dans la mythologie iranienne?
14655212#0	Quelle était la femme de James Pelham?
7940645#0	Quel est le système d'éducation au Japon?
1535532#0	Qui est la personne Chklovski?
929393#0	Quelle est la date de naissance de M. Dewar?
10491638#0	Combien de types d’heuristiques existent?
4584490#0	Quelle est la date de naissance de la Constitution belge?
9218325#0	Qui est le roi de Suède?
6648612#0	Quel matériel on utilise pour créer un piano?
1134517#0	Quel est l’automobile du sport le plus célèbre?
4339442#0	Combien de rivières y a-t-il au Pérou?
5886091#0	Combien d’enfants a Ronald Reagan?
1294801#0	Combien de personnes un Jetcruzer peut-il accueillir?
9467841#0	Quels états ont une frontière avec le Wyoming?
5885221#0	Où se trouve Schola Cantorum Basiliensis?
14428519#0	Quand s’est passé le génocide arménien?
8564179#0	Quelles sont les caractéristiques d’un vrai dictateur?
