1	サー・マイケル・フィリップ・ジャガーの出身は？
2	ラオス王国の王族の名前はなんですか？
6	ロジャー・フェデラーはいつ生まれた
9	発見された中で最大のクロトガリザメの大きさは？
11	海底ケーブルが初めて結ばれたのはどこ？
13	フェンダー社が設立されたのはいつ
15	スペースオペラの起源はいつ
17	梅干しの発祥はどこ
18	ニューヨーク市の面積は？
19	桂 銀淑のデビュー曲は何？
20	『ブリタニア列王史』の著者は誰？
21	スウェーデン映画『ぼくのエリ 200歳の少女』の少女は人間ですか？
23	ハンス＝ヨアヒム・ヴァルター・ルドルフ・ジークフリート・マルセイユが乗った戦闘機は何？
24	フレデリック・クライスト・トランプはどこで生まれた？
25	ポケモンGOを開発した会社は何？
27	レオニード・イリイチ・ブレジネフの出身はどこ
28	伊集院光の出身はどこ
29	エドガー・アラン・ポーの処女作は何？
31	ベドルジフ・スメタナの出身はどこ？
32	末梢神経とはどこにありますか？
34	パナールはいつ設立した？
35	小林一三の出身はどこ
36	細胞培養が初めて成功したのはいつ？
37	日本のアイヌ語を話せる人はいますか？
38	コロンバスは面積何㎢ですか？
39	スティーブン・ケヴィン・バノンの出身はどこ
40	稲作はどこで始まった？
41	うどんの消費量が一番多い県はどこ？
42	野村沙知代はいつ亡くなりましたか？
43	カントリー・ミュージックの起源はいつ？
44	日本最大の多目的ダムは何
45	アドルフ・ヒトラーはどうやって自殺した？
46	シネマライズで初めて公開された映画は何？
47	ニジェール共和国はいつ建国された？
50	ＧＡＰの本社はアメリカ合衆国ですか？
51	サントリーウイスキーの最初の工場はどこにある？
52	雇用保険法が成立したのはいつ
53	名鉄1000系電車が初めて運用されたのはいつ
54	カイガラムシは主に何を食べる？
55	『ポケットモンスター』がアニメ化され放送されたのはいつ
56	最大の旅客機の名前は？
57	梵 英心のＮＰＢ時代の主な守備位置は？
58	アルカンは自然界に存在する？
60	リチャード・レイヴァ・ラミレスの出身はどこ
61	キラキラネームが流行し始めたのはいつから？
62	クリミア半島の大きさは何Km2ですか？
63	オートファジーを発見したのは誰
66	一撃離脱戦法とはどのような戦法ですか？
68	ドラえもんの体の色は？
69	エリー運河の長さは？
70	ローレンス・ウィンチェスター・ウェザビーはいつ生まれた？
72	フランソワ・アシル・バゼーヌの出身はどこ
74	チャートの語源はなんですか？
75	バロック音楽の特徴はなんですか？
76	車田正美の出身はどこ
77	東京ドームはいつ建設された
79	朝日新聞社はいつ創刊しましたか？
81	チェコ鉄道680系電車が初めて運用されたのはいつ
82	斎藤佑樹投手の出身校はどこ？
83	イーライ・ホイットニーの出身はどこ？
84	タンタルの融点は摂氏何度？
85	ロシア帝国でロマノフ朝が始まるのは何年からですか？
86	シェパーズ・ブッシュにカトリック教会はある？
87	農耕社会に法律は存在した？
89	ブラインド・フェイスはいつ結成した？
92	日本で世帯視聴率が最も高くなる時間帯は？
93	文化財保護法は有形のものだけに適応されますか？
95	米国ユタ州はモルモン教路が築いた？
96	日本には近衛兵はいますか？
97	チャールズ・サンダース・パースはどこの大学出身？
98	ドナルド・ハーバート・デイヴィッドソンはいつ生まれた？
99	日本は国民国家？
100	オスマン帝国は何人のアルメニア人を虐殺した？
104	開陽丸の大きさは？
106	リチャード・ベルマンの出身はどこ
107	温度計の起源はいつ
108	サルヴァトーレ・マランツァーノはいつ生まれた？
109	五月革命が起きた原因は何？
111	日本選手権優勝チームに賞金は出る？
112	家庭用ゲーム機を初めて開発した会社は何？
113	民間防衛の概念はいつ日本で誕生した？
114	武満 徹のデビュー曲は何
116	アベノミクスはＧＤＰ成長に貢献した？
119	弁理士の資格はいつから導入された？
120	ノースカロライナ州最大の都市はどこ？
121	ネバダ州最大の都市はどこ？
123	集団的自衛権が認められたのはいつ
124	ルイス・キャロルはいつ生まれた？
125	鳥山明がドラゴンボールを描き始めたのはいつから？
126	医師免許の取得に国家試験を受ける必要がある？
127	安土桃山時代を築いた将軍は誰？
128	並河 靖之はいつ生まれた？
129	ゴットランドとはどこですか？
130	日本テレビはいつ開局した？
131	イニーアス・ライオネル・アクトン・マッキントッシュはどこで生まれた？
134	アメリカ合衆国において一番多い人種は何？
135	ジャワハルラール・ネルーの最終学歴は何？
136	グラビアアイドルはいつ誕生した？
138	スターゲイト SG-1はいつ放送開始した
139	競馬の発祥はどこ
140	テキサス独立戦争の「アラモの戦い」の名前の由来は何？
141	ジミー・ペイジ OBEはいつ生まれた
142	世界最初のバトルロイヤルゲームは何？
143	自然の権利を提唱したのは誰
144	イヴェット・ルーディの性別は？
145	遊牧民族とはどのような生活スタイルをいいますか？
146	アニメ「マクロスシリーズ」のテレビ放送が始まったのはいつ
147	ホクトベガのデビュー戦は何？
149	団塊世代とはどのような人を指しますか？
150	スティーブ・ヤングの出身大学はどこ
152	『デイズ・オブ・アワ・ライブス』のジャンルは何
153	ミトコンドリアDNA枯渇症候群に治療法はある？
154	アンパンマンのキャラクターは何種ありますか？
155	鉄砲の起源はいつ
156	インディアンがアメリカに到達したのはいつ
157	ポール・ランドの出身はどこ
158	ガートルード・エリザベス・マーガレット・アンスコムはいつ生まれた？
159	国境なき医師団の創設者は誰
160	植物ウイルスで最初に発見されたものはなに
161	欧州連合にトルコは加盟した？
163	競馬の発祥はどこ？
164	新約聖書はどの言語で書かれた？
166	日本最後の太政大臣は誰？
167	ヒューストンにＮＡＳＡはある？
168	尼子 晴久にこどもはいた？
169	エチオピアの首都はどこですか？
170	名古屋鉄道はいつ設立した
171	日野自動車が初めて販売したトラックは何
172	フェリクス・フォン・ルックナー伯爵はどこ出身？
175	エルビス・プレスリーはどこの出身？
176	エルサレムはどこにありますか？
177	第51回スーパーボウルで勝ったのはどっち？
179	魚雷を開発したのは誰？
180	星野 長太郎の出身地はどこ
183	和田 義盛は戦で死んだ？
184	伊藤博文の出身はどこ
185	綿繰り機は産業革命に貢献した？
188	マサッチオは遠近法を用いていましたか？
189	クリスティー・ストリート連絡線が完成したのはいつ？
192	星野之宣はいつ生まれた
193	第四次英蘭戦争はいつ終結した
194	ディープ・パープルのリーダーは誰？
195	奈良で鹿は神？
197	モーリツ・モシュコフスキは結婚した？
198	福士 加代子は、どこで生まれましたか？
199	世界初のシューティングゲームは何
200	ヘタレとはどういう人物をいいますか？
201	恩賜上野動物園はいつ開園した？
202	イオンモールはショッピングモール？
203	ヘルマン・エビングハウスはいつ生まれた
204	ビデオ判定が野球に導入されたのはいつ
205	サー・アンドリュー・バロン・"アンディ"・マリーの最高世界ランクは何位？
206	サバイバルゲームの起源はいつ
207	ウォーソーの面積は？
208	ルネ・バルジャベルの出身はどこ
210	ドレンシュタインフルトはいつ設立した
211	ウズベキスタン共和国は民主主義国家？
212	ＭＬＢで初めて優勝した球団は何
215	副大統領とはどのような地位ですか？
216	アーマー鉄道事故による死者数は？
217	近鉄バッファーローズが設立したのはいつ
218	カントリー音楽はいつ発祥した？
219	マーガレット・ヒギンズ・サンガーはいつ生まれた？
220	メアリー・セレストはいつ発見された？
222	コロンビア共和国の首都はどこ？
223	『魔人探偵脳噛ネウロ』が発表されたのはいつ
224	ＮＨＫはいつ開局した？
225	ボリビア独立したのは何年？
226	ヤン・コハノフスキはいつ生まれた？
227	旧約聖書で最も古い物はどこに保存されている？
232	社会的市場経済を提唱したのは誰
233	森山 欽司の出身はどこ
236	ヴァールブルクの戦で勝ったのはどっち？
237	現在紫禁城の内部は観光することができますか？
238	ルワンダ虐殺で何人の死者が出た？
239	ルパン三世シリーズ、銭形 幸一の役職は何？
240	堀辰雄が風立ちぬを発表したのはいつ
243	ビルボード誌はいつから始まった？
244	ボリス・ニコラエヴィチ・エリツィンの所属政党は？
245	アンクル・トムの部屋は南北戦争を題材にした？
246	シカゴ・ホワイトソックスの初代監督は誰？
247	Free-to-playゲームの起源はいつ
248	ドイツ文学で最古の作品は何？
252	17世紀イギリス・プリマスから出航した清教徒を乗せた船の名前はなんですか？
255	大北方戦争はいつ起きた？
256	フットボールとサッカーの二通りの言い方があるのは何故
258	オパビニアの生体の大きさは？
259	董其昌に書画を教えたのは誰？
260	イベリア半島はどこにありますか？
261	ケンブリッジはイングランドのどこにありますか？
263	サルモネラの大きさは？
264	山崎 まさよしはバンドを組んだことがある？
267	ラエ・サラモアの戦いが起きたのはいつ
268	ダム建設の目的は何ですか？
269	ウズベキスタンの首都はどこ？
270	自衛隊はいつできましたか？
271	『伝説巨神イデオン』は何年から何年までテレビで放映されていましたか？
272	『機動戦士ガンダムSEED』の監督は誰？
273	『こちら葛飾区亀有公園前派出所』の連載はいつ始まった？
274	秦を建国し中国を統一したのは誰
276	ワープロが開発されたのはいつ？
277	雑誌『ダ・ヴィンチ』の出版社はなに？
278	デンマークの首都はどこですか？
280	東北大学医学部はいつ設置された？
281	石本 秀一が最初に監督したプロ野球球団はどこ？
282	天竜 三郎はいつ生まれた？
284	宝塚記念はいつ始まった
285	『ソニックシリーズ』のシャドウ・ザ・ヘッジホッグはハリネズミ？
286	ピッツバーグ大学はどこにある？
287	アルノルト・シェーンベルクの出身はどこ？
289	積乱雲が日本で見られる季節はいつ
292	ウィリアム・アイザック・トマスの出身大学はどこ
293	由美かおるの出身はどこ？
294	蘇我入鹿は何歳で死去した？
295	米英戦争のカナダ戦線はいつ起きた
297	マラソンの距離はいつから42.195キロになった？
298	麻雀の起源はいつ
299	カール・ポランニーは博士号を取得した？
300	エバーグレーズの面積は？
301	ドロシア・リンド・ディックスの出身はどこ
303	『日本の熱い日々 謀殺・下山事件』の監督は誰
304	江戸幕府を興したのは誰？
307	ドイツ・バイエルン州の州都はどこ？
308	大谷翔平がメジャーデビューしたのはいつ
309	ニコラス "ニック" ワレンダはいつ生まれた
310	日本固有種の犬で狩猟犬はいますか？
311	ブドウの収穫は年間を通して行われますか？
313	サンスクリット語話者は今でもいる？
314	太陽系にはいくつ惑星がありますか？
315	日本の課税制度は何ですか？
316	大阪に路面電車は存在した？
317	カール・ポランニーはいつ生まれた？
318	エドウィン・オールドファザー・ライシャワーは来日したことがある？
319	イタリアルネサンスはいつ始まりましたか？
320	遠隔で脳に音声や映像情報を伝えることはできる？
321	陳 水扁はいつ生まれた？
322	米米CLUBのボーカルはだれ
323	自動車メーカーのダイムラーの本社はどこにありますか？
324	アメリカは帝国単位を使用している？
325	能勢電鉄は阪急電鉄のグループ企業？
326	『ニキータ』の主人公の職業は何
327	スキピオニクスの名前の由来は何
328	三島由紀夫が金閣寺を発表しのはいつ
329	ノートン・モーターサイクルが最初に製造した製品は何
330	チャールズ・W・ナッシュの出身はどこ
331	通商産業省はいつ設置された？
332	ドラえもんの重量は？
333	三原 脩が最初に入団したチームはどこ？
334	レイクウッドの面積は？
335	ユビキノンは最初何から発見された？
338	ワシントンはアメリカ合衆国の首都？
339	ボツワナ共和国の首都はどこ？
340	オープンキャンパスは体験入学か？
341	ビューレンの面積は？
342	ハリー・ハーバート・フレイジーの出身はどこ？
344	ミシガン州で最大の都市は何？
346	ネッカーズルムの初代市長は誰
347	世界最大のディズニーランドはどこにある？
348	三井住友フィナンシャルグループが設立されたのはいつ
350	若松城はいつ建設された
352	湊かなえの出身はどこ
353	日本最古の自動車メーカーは何？
354	フリードリヒ・ヴィルヘルム3世はいつ生まれた？
355	遠藤周作の処女作は何
356	新間 寿はいつ生まれた
357	カルニチンは人体で生成される？
358	ループレヒト＝カールス大学はいつ創立されましたか？
360	八百屋お七は恋した相手は誰？
361	ジョン・アダムズの出身はどこ
362	オスカー・パーマー・ロバートソンの最初に所属したチームは何？
363	漫画ドラえもんシリーズが初めて出版されたのはいつ？
364	ヴィリー・ミュンツェンベルクの出身はどこ
365	西武鉄道の設立者はだれ
366	日本で初めて道路交通法が制定されたのはいつ？
367	ウィンザー城はいつ建設された
368	勝山城がいつ建設された？
369	初代の倭国の首長は誰？
373	正教会はいつ設立された？
375	高級車メーカー、テスラはどこの国の自動車メーカーですか？
376	梅酒はフルーツワイン？
378	福島原発後、居住禁止地域は全て解除されましたか？
379	産業カウンセラーの起源はいつ
381	アウディの創始者は誰
382	インドのカースト制度はいつから始まった？
383	世界で一番長い懲役年は何年間ですか。
385	ライン川は全長何キロですか？
386	『日本の熱い日々 謀殺・下山事件』の脚本担当は誰
387	ブータンで民主政治は行われている？
390	ナンタケット島はアメリカの所有する島？
391	青春18きっぷの値段は？
393	ＤＮＡを発見したのは誰？
394	競馬が日本で始まったのはいつ
395	独立行政法人宇宙航空研究開発機はいつ設立された？
396	日本の新幹線はいつできましたか？
397	メソポタミアはどこにありますか？
399	ステファノ・マガディーノの出身はどこ？
400	国民年金法はいつ制定された
401	西鉄バスジャック事件の犯人は捕まった？
402	加瀬あつしの出身高校はどこ？
403	フェロー諸島は独立国？
404	トーマス・エジソンの出身はどこ
405	佐藤栄作の所属政党はどこ
407	ベーシックインカム制度は社会主義的政策か？
408	日産のゴーンは何の罪で捕まった？
413	文化人類学はいつ誕生した？
414	日本で面積が最大の牧場はどこ？
415	シケリア遠征の指揮官は誰？
416	イギリスに原子力発電所はある？
417	ロボット兵器は現実に存在しますか？
418	ペルー共和国が建国されたのはいつ？
420	マリオ・ルミューはいつ生まれた？
421	ザクセンはどこの国にある？
424	シアトル・シーホークスの初代監督は誰
425	サービス残業を拒否して解雇された場合、不当解雇になる？
426	キハ200系気動車の大きさは？
429	『ドラゴンボール』で孫悟空の声優は誰ですか？
430	セーヌ川の全長は？
431	竜は中国から伝わってきた伝承？
432	タイワンヤジブカの生体の平均的な大きさは？
433	チョウチンアンコウは深海魚？
434	倫理学は哲学の一分野？
435	マーカス・アロンゾ・「マーク」・ハンナは何の事業をしていた？
437	市川 團十郞はいつ生まれた
438	地球上の海で最も深いところはどこにある？
439	『不都合な真実』は何を訴えたドキュメンタリー映画ですか？
440	蒸気機関はいつから使われ始めた？
441	ナチス・ドイツは核兵器の開発をした？
442	チェコとスロバキアが分断したのはいつ
444	『ガンダムシリーズ』のジオン公国は地球にある？
448	ロナルド・ドウォーキンはいつ生まれた
449	ヴャチェスラフ・ミハイロヴィチ・モロトフはいつ生まれた
451	レオナルド・ダ・ヴィンチの出身はどこ
452	テムノドントサウルスの大きさは？
454	ドナテッロはいつ生まれた？
455	有機化学と生物学は関係がない学問ですか？
456	ギリシア神話の太陽神は誰？
457	ゆずが栄光の架橋を発表したのはいつ
458	ソ連はいつ崩壊した？
459	ロジャー・テイラーは作曲したことがある？
461	「PASMO」の販売が始まったのはいつ
463	天体とはなんですか？
464	リビアの首都はどこですか？
466	山口組はいつ結成した
467	近畿日本鉄道は何年に創立されましたか？
468	アイスキューブ・ニュートリノ観測所はいつ完成した？
469	哺乳類はすべて恒温動物？
470	文化人類学とはどのような学問ですか？
471	メチルフェニデートが開発されたのはいつ
473	ジョン・ベル・フッドの出身はどこ
476	ASEANが発足したのはいつ？
477	南海21001系電車を開発した会社は何？
479	ネリー・メルバはドイツ・オペラを歌いましたか？
481	ロバート・タフトの所属政党は何？
482	カントリー・ミュージックの発祥の地はどこですか？
483	アメリカ合衆国フロリダ州の面積は？
484	脚気の原因は何の不足？
486	ボルボは高級車？
487	『こちら葛飾区亀有公園前派出所』の主人公は誰？
492	ユーティカの面積は
494	山口組の創始者は誰？
495	銃剣が初めて開発されたのはいつ
498	ドイツ民主党はいつ結成した？
499	萩原健一は結婚した？
500	アブラムシは肉眼で見える？
501	日本で一番長い川は何
502	前田 利益は何歳で死去した？
505	マンモス は毛に覆われていた？
506	ケベック州の州都はどこ
509	難聴は遺伝する？
510	アヴリル・ラヴィーンはサンリオのハローキティが好き？
511	ラグビー日本代表の初代の監督は誰ですか？
512	インカ帝国には、いくつの民族がいましたか？
514	検索エンジンとは何ですか？
515	相撲の決まり技はいくつありますか？
516	「ケプラーの法則」が発表されたのはいつ
517	アメリカメジャーリーグでビデオ判定が導入されたのはいつから
518	オンタリオ州で最大の都市は何
519	進化生物学とは何ですか？
520	ヴァイブリンゲンに教会はある？
521	台湾地位未定論の提唱者は誰？
522	横浜スタジアムでは、野球以外のイベントも行われますか？
525	フレデリック・シーオドア・アルバート・ディーリアスはイギリスのどこ出身？
527	横浜スタジアムに屋根はある？
528	世界初のアクションゲームは何
529	ドイツサッカー協会はいつ設立された？
530	『マンデー・ナイト・ロウ』はいつ放送が開始された？
533	デンドリマーを初めて作ったのは誰ですか？
535	スズキは創立何年の会社ですか？
536	ブレイクダンスの起源はいつ
538	ソリッド・スネークは英雄キャラですか？
539	ロンドンの地下鉄がチューブと呼ばれるのはなぜですか？
541	ドイツの首都はどこ？
542	アメリカ合衆国には国営の郵便サービスがありますか？
543	アサシンズは公演された
544	高橋 正弘の出身はどこ？
545	アトランタに本社を置いている航空会社はなんですか？
546	フィリップ・ホセ・ファーマーのデビュー作は何？
547	三ない運動が始まったのはいつ？
548	アパラチア山脈は全長何キロメートルですか？
549	日本で医療保険制度が始まったのはいつ
550	ソニー・ミュージックエンタテインメントはいつ設立した
552	IRTホワイト・プレーンズ・ロード線はいつ開通した？
553	ヒンドゥー教はカースト制度に言及する？
554	ヴァシリー・カンディンスキーの職業は何？
555	中国の青銅器はいつごろ作られ始めた
556	ジョホールバルの歓喜で日本の監督をしていたのは誰
557	ドイツ帝国の皇帝は世襲制だった？
558	マーティ・レオ・ブラウンの守備位置は？
559	レナード・ケヴィン・"レン"・バイアスはドラフト何巡目指名？
560	『DRAGON QUEST -ダイの大冒険-』の主人公の役職は何
561	プエルトリコの歴史で最大規模のハリケーンは何？
562	ドウェイン・タイロン・ウェイド・ジュニアの出身大学は？
563	日本で一番信仰者が多い宗教は何ですか？
564	エストニア共和国の公用語は何
565	花見の起源はいつ？
566	ヨーロッパで狩猟免許はある？
567	ペーター・グスタフ・ディリクレの出身はどこ
568	第一回スーパーボウルのチャンピオンは？
570	ティーパーティー運動が起きたきっかけは？
571	「ザ・タイガース」はいつ結成した？
572	ギターの発祥はどこ？
573	ドラえもんは何世紀から来た？
574	最初のローマ教皇は誰？
575	エンドソームの役割は何？
576	『RESISTANCE』は戦闘ゲームですか？
579	日本ラグビー協会は何年に創立されましたか？
583	セイコーエプソン社はいつ設立した
584	鉄平はオールスターに出場したことがある？
585	任天堂のゲームボーイはいつ発売が開始された？
586	マレーシア航空17便撃墜事件の生存者はいるか
587	現存する世界最古の詩は何
589	日本で右翼団体によるテロ事件は発生した？
591	平田 佐矩の出身はどこ？
592	オックスフォード大学はいつ設立した？
596	アニメ『BLEACH』を担当した放送局は何？
598	イオンの大きさはどのくらいですか？
599	ポルシェの本社はどこにある？
600	清水 宗徳はいつ生まれた？
601	日本占領統治期の連合国軍最高司令官総司令部の総統は誰ですか？
602	御家門とは何ですか？
603	ダイムの直径は？
604	鳥山明のデビュー作は何？
605	ワング・ラボラトリーズの創始者は誰？
606	同人誌に著作権はある？
607	ヴァーペン・フォン・ハンブルクはどこで製造された
611	アルペンスキーはオリンピック種目？
613	日本に弁護士という職業ができたのはいつ
614	クロアチアの共通語は何？
615	古代ローマの公衆浴場で入浴料は徴収された？
616	フランシスコ・ザビエルはいつ死んだ？
617	富士山の高さは？
622	バトル・オブ・ブリテンはいつ起きた？
623	ジャック・ニコルソンはアカデミー賞を受賞したことがある？
624	スバス・チャンドラ・ボースの出身はどこ
626	クレタ島はどこの国に属する？
627	『ゾイド』シリーズの玩具の販売が始まったのはいつ
628	鈴木翔太はどこの野球チームに所属していますか？
629	ミネアポリスには空港がありますか？
630	ペナン島の大きさは？
631	マイクロペイメントを可能にしたのは何？
632	牧野 成定はいつ生まれた？
633	リトアニアの国旗の赤色が象徴することは何？
636	山陽電気鉄道2000系電車の大きさは？
637	イタイイタイ病を引き起こした主な化学物質は何
638	日本電気が設立されたのはいつ
641	ヒース社の創始者は誰？
642	オリンピックの起源はいつ
643	Blueholeの本社はどこにある？
644	ウィリアム・ジョセフ・"ワイルド・ビル"・ドノバンはいつ生まれた？
645	永野 護の処女作は何？
646	デ・ハビランド社はいつ設立した？
650	エレクトリックギターを発明したのは誰
651	オーストリア継承戦争が起きたきっかけは何
652	プブリウス・コルネリウス・スキピオ・アフリカヌス・マイヨルが生まれたのはいつ
653	ソビエト連邦が初めてロケットを打ち上げたのはいつ？
654	広島の原爆によって推定何人が被ばくした？
656	古代ケルト人はどこに住んでいましたか？
657	ドイツ語のアルファベットは何文字ありますか？
660	パリで最大の美術館は何
662	ソロモン・ノーサップはどこの州で生まれた？
666	3次元コンピュータグラフィックスが開発されたのはいつ
667	テレビ番組『きかんしゃトーマス』はいつから日本で放映が始まりましたか？
668	『ときめきメモリアルONLINE』のゲームのジャンルは何？
669	ドイツ連邦共和国の首都はどこ？
671	小田急電鉄はいつ設立した
672	ソチミルコの面積は？
675	『不思議の国のアリス』が発表されたのはいつ
676	Valve Corporationはどこの国の会社？
678	ミュータントとはなんですか？
679	ジャック＝ルイ・ダヴィッドの師匠は誰？
683	シェイクスピアの生まれた場所はどこですか？
684	アメリカ合衆国の独立の戦争は、何と呼ばれますか？
686	マハリシ・マヘーシュ・ヨーギーはヒンドゥー教徒か？
687	国際法が初めて制定されたのはいつ
688	イアペトゥスの直径は？
690	アメリカ合衆国フロリダ州の州都はどこ？
691	ギリシア神話には何名の神が登場しますか？
693	コロラド州の州都は？
694	シロシビンに依存性はある？
696	アダム・スミスの出身はどこ？
697	フーゴー・グロティウスの出身はどこ？
699	瀬古 利彦の出身高校はどこですか？
702	雇用保険の加入は義務？
703	カナダはいつ建国した
705	日本で少年が死刑判決を受けたことはある？
706	アベノミクスは造語ですか？
707	カールリス・アウグスツ・ヴィルヘルムス・ウルマニスはいつ生まれた
708	文字を読むことが困難な障害は、なんという名前ですか？
710	後醍醐天皇の後継者は誰？
711	ヤンマイエン島の面積は？
713	法定労働時間は週最高何時間？
714	マリオ・ルミューのポジションはどこ
715	国際法解説書に万国公法と翻訳名をつけたのは誰？
716	『ロンリーガールフィフティーン』は何年に開始されましたか？
720	鍼灸師に資格はあるか？
721	フロリダ州立大学はいつ設立した？
724	日本で世帯視聴率の統計を取り始めたのはいつ？
725	アルバロ・ウリベ・ベレスの父親の職業は何
728	ミケランジェロ・ブオナローティはいつ生まれた
729	日本では手書きのサインを公的な文書に使用することはできない？
730	紫堂恭子の処女作は何？
732	ペルシャ絨毯の起源はいつ？
733	学校教育において制服の意味はなんですか？
735	インドネシアに独裁政権はあった？
737	ハンプシャー州の州都はどこ
738	三毛別羆事件のクマは人肉を食べたか
739	ソクラテスはどうやって死んだ？
740	フィデル・カストロは何年に政権を取りましたか？
742	警察の起源はいつ？
743	オカルトとは何ですか？
746	ブルンヒルドに子どもは何人いた？
748	弾道ミサイルとはなんですか？
749	潜水艦スレッシャー はいつ完成した
751	一遺伝子一酵素説の提唱者は誰？
753	日本にカメラが伝来したのはいつ
756	ラクタリウス・インディゴは食べることが出来る？
758	ロサンゼルス・エンゼルスの初代監督は誰？
760	機動戦士ガンダムのプラモデルが初めて生産されたのはいつ？
761	『鋼の錬金術師』を掲載した漫画誌は何
762	尾瀬の最も高い地点の標高は？
763	トーマス・バビントン・マコーリーが生まれたのはいつ？
765	『ファウストの劫罰』はいつ発表された
766	論理学とはどのような学問ですか？
767	『フルメタル・パニック!』のジャンルは何
769	アウディの本社はどこにある？
770	デカルトは数学者だった？
771	スコット・ブラッドリーはいつ生まれた
772	尼港事件で日本人は約何人殺された？
773	殉教とはどのような意味ですか？
774	ウィスコンシン州で最大の都市は何？
775	高層ビルで避雷針の設置は義務付けられている？
776	ヘレナ・ペトロヴナ・ブラヴァツキーの出身はどこ
777	エチオピアは植民地化されたことがある？
778	明治時代は何年続いた？
779	スペインがキューバに入植したのはいつ？
780	日本ハムの本拠地の球場の名前は何ですか？
782	司馬 越に兄弟はいた？
783	アーヴィング・ゴッフマンは社会学者？
784	ワールドシリーズは何戦行われますか？
786	日本に徴用制度はありますか？
787	ミップス・テクノロジーズ はいつ設立した？
788	南海電気鉄道が設立されたのはいつ
790	ヒラリー・ローダム・クリントンの出身大学はどこ？
791	イングランドを統一したのは誰？
792	バンジャマン・ペッシュの出身はどこ
793	阪急電鉄はいつ設立した
795	ファンコーニ貧血は死に至る？
796	玉音放送とはなんですか？
797	マラソンはいつからある競技ですか？
798	宇田新太郎の出身はどこ
799	既読スルーという言葉はいつ誕生した？
800	自動列車制御装置が導入されたのはいつ
801	インターネットが一般に普及したのはいつ
804	セーフティーカーが初めて導入されたのはいつ
805	マリア・ニコラエヴナ・ロマノヴァは何歳で死去した？
806	京都帝国大学はどこにあった？
807	鈴木明子はオリンピックに出場したことがある？
808	満州国は現在のどこに存在した
809	サルデーニャはどこの国の領地ですか？
810	ジョン・フルトン・レイノルズの出身はどこ
811	シミュレーションの語源は？
812	ミハイ・エミネスクが最初に発表した作品は何？
813	シャープはいつ設立した？
814	鹿児島の県庁所在地はどこですか？
815	ジョン・バジロンはいつ生まれた？
816	岩尾内ダムは多目的ダム？
818	人智学とは誰が提唱した学問ですか？
819	キリスト教に瞑想という概念はありますか？
821	クルスクの面積は？
822	香港は自治政府を持つ？
824	株式会社関西みらいフィナンシャルグループの初代取締役社長は誰？
826	ノルトライン＝ヴェストファーレン州はどこの国にある？
828	ボリビアの初代大統領はだれ？
829	記録された中で最古の富士山の噴火はいつ？
830	モーリシャス共和国の国旗は何色使われている？
834	東京急行電鉄の創始者は誰？
835	著作権の保護期間は通常何年？
837	ＮＨＫ教育はいつ放送開始した
838	アインシュタインはどこで生まれた？
839	キンティンスヒル鉄道事故が起きた原因は何？
841	製織の起源はいつですか？
843	ウィリアム・ジャスタス・ゴーベルはいつ生まれた？
844	ジョージ・F・ケナンはいつ生まれた？
846	アルフレッド・アドラーはいつ生まれた？
847	九条の会はいつ結成した？
848	鉱害被害により亡くなった方はいましたか？
849	オーストリア継承戦争が起きたきっかけは何？
850	ドイツ最古の大学は何？
851	コージィ城倉の出身はどこ
852	楽天の創始者は誰？
853	ディスカバリー計画はいつ始まった？
854	ロアノーク島の面積は？
855	シンボリックスが初めて販売した製品の名前は何？
859	朝日放送ラジオの本部はどこにある
860	カンザス州の州都はどこ
861	警察学校は２年通う必要がある？
862	浅草寺はいつ建設された
863	キックボクシングの発祥はどこ
865	イギリス皇太子妃ダイアナ・スペンサーはどのように亡くなりましたか？
866	市橋 達也は犯行時、何歳でしたか？
867	ロバート・フックの出身はどこ
868	ジェーン・ブーリンはいつ生まれた？
870	ウィラメット大学は、私学ですか？
871	普仏戦争当時のフランスのトップは誰？
872	オスカー・ワイルドの出身はどこ
873	ドミートリイ・ショスタコーヴィチはいつ生まれた？
874	ガンバ大阪はいつ設立した
875	ローバースカウトはいつ始まった？
877	アイスランドペニス博物館には人間の標本もありますか？
878	日本にワインが伝来したのはいつ
879	バスケットボールの大きさは一種類のみですか？
880	木村拓哉の妻は誰？
881	アルバート・アイラーの出身はどこ？
885	NASAはいつ設立した？
886	イタリア共和国には州がいくつある？
887	デカルトの出身はどこ？
888	日本で世帯視聴率を調査する機関はどこ？
889	サザンクロス遠征は何年に行われましたか？
891	オブジェクト指向プログラミングが開発されたのはいつ
892	ニューヨーク州で一番高い建造物は何？
893	幸神神社のシダレアカシデの幹の直径は？
894	ギーザの大ピラミッドの大きさは？
896	『RULE of ROSE』の主人公の年齢は？
897	ブライアン・ハロルド・メイは博士号を取得した？
898	アッカド王朝時代に下水道が存在した？
901	ロバート・A・ハインラインの処女作は何？
902	北朝鮮が横田めぐみさんを拉致したのはいつ
903	ウィリアム・マホーンはいつ生まれた？
904	人間にDNA学上一番近い哺乳類は
905	ケイルハウイアに顎はある？
906	チベット仏教で最大規模の宗派は何？
907	ウラルとはどこにありますか？
908	パークマン=ウェブスター殺人事件の犯人は誰？
910	ベルラーシの首都は何
912	コスモバルクはどこで調教された？
913	ライフガードの起源はいつ
916	三国志の著者は誰？
917	青山浩の職業は何
918	横浜スタジアムの外野フェンスの高さは？
919	キリスト教の起源はいつ？
922	SUBARUの創始者はだれ
923	前田 利益の出身は？
924	ベントレーの創業者は誰？
927	ポセイドーンに子どもはいる？
928	旧幕府軍は蝦夷地へどのように移動しましたか？
929	放送禁止用語はメディアにより異なる？
930	『オズ はじまりの戦い』は、オズの魔法使いを原作にしている？
931	肩章は主に軍隊で使われる？
933	核酸とはなんですか？
934	森岡浩之はＳＦ作家？
935	ノルウェーが建国したのはいつ
936	サッカーはどこの国で発祥した？
937	エングレービングとはどのような技法ですか？
938	ロンドン・スタンステッド空港が建設されたのはいつ
939	小野洋子の結婚前の職業は何
940	ウィリアム・クルックスの出身はどこ？
941	エルヴィン・ロンメルはいつ死去した
942	フランスは大統領制？
946	箏の起源はいつ
947	エンデバー号が初めて航海に出たのはいつ？
948	ルシル・ボールはどこの州で生まれた？
949	米英戦争を始めたのはどちらの陣営？
950	日本がマニラを占拠したのはいつ
951	トマス・ハインズはいつ生まれた？
952	卑弥呼の役職は何？
954	セックス・ピストルズはパンク・ロック・バンドですか？
955	消費者金融が日本で誕生したのはいつ
956	ＴＢＳはいつ開局した？
959	本多 富正の父親の名前は？
960	日本で梅毒の感染者は増加していますか？
962	『ニューアベンジャーズ』はいつから発売開始された？
963	アヴァターラとは神ですか？
964	オルド自由主義の提唱者は誰
965	大相撲で一番高い位はなんですか？
967	フィリップ・ホセ・ファーマーはアメリカのどこの州出身？
968	ニコロ・マッキャベリはいつ生まれた？
969	東武クハ101形電車の大きさは
970	文書仮説の提唱者は誰？
971	スウェーデンの首都はどこですか？
972	「ガンダムシリーズ」のモビルスーツは人間が操縦する？
974	西暦の発祥はどこ
975	日本で初めてモンゴル出身の力士が土俵を踏んだのはいつ？
976	ゲーム、バトルテックはシリーズ化された？
977	カール・フォン・クラウゼヴィッツはいつ亡くなった
978	アメリカ合衆国の憲法は何と呼ばれている？
979	移民とは何ですか？
980	オードリーのオールナイトニッポンはいつ放送が始まった
981	公明党は創価学会メンバーが創った政党？
982	ギリシア神話を書いたのは誰
983	富岡製糸場はどこにある
984	李淵が唐を建国したのはいつ？
985	鎌倉幕府を起こしたのは誰
987	モナコグランプリは何年に始まりましたか？
988	フィルモン・ポウノルはいつ生まれた
989	サー・エドモンド・バートンはどこで生まれた？
991	カリブ海に海賊が発生し始めたのはいつから
992	共通農業政策には補助金支払いの制度もありますか？
993	映画製作会社メトロ・ゴールドウィン・メイヤーの創業者はだれですか？
994	ドイツ連邦共和国の首都はどこ
995	パリ国立高等音楽・舞踊学校はいつ設立した？
997	振り逃げを成功したら安打になる？
999	ソーシャルワーカーとはどのような職業ですか？
1000	寄生する植物はいる？
1001	ビタミンB₁₂の役割は何？
1002	キリスト教はいつ誕生した？
1003	アーヴィング対ペンギンブックス・リップシュタット事件で裁判に勝ったのはどっち？
1004	パキスタンはいつ建国した？
1005	クジラは哺乳類？
1006	デジタルカメラはいつ誕生した
1007	ナッシュビル・サウンズはいつ設立された？
1008	ジョーン・クロフォードの映画デビュー作品は何ですか？
1009	プロイシシュ・オルデンドルフにお城はある？
1010	ポーツマス条約とは何年に成立しましたか？
1011	ボルチモア・オリオールズはいつ設立した？
1012	ドイツ連邦共和国の面積は？
1013	アレゲーニー山脈の標高は何キロメートルですか？
1014	儒学の祖は誰ですか？
1017	ラカトシュ・イムレはいつ生まれた？
1018	清はいつ建国した？
1019	『宇宙海賊キャプテンハーロック』の作者は誰？
1020	ボスニア・ヘルツェゴビナ紛争は何年続いた？
1021	ハーメルンはどこにありますか？
1022	メソポタミア文明はいつ存在した？
1023	山田 宗有はいつ生まれた？
1024	東京急行電鉄はいつ創立されましたか？
1025	世界最大の潜水艦は何？
1026	愛媛の県庁所在地はどこ？
1027	衛星トリトンは望遠鏡で確認できる？
1028	ギリシア文字は、何文字ありますか？
1029	イェルサレム王国の初代国王は誰？
1030	自動車競技のラリーの起源はいつ
1031	アーク溶接を行うには資格が必要ですか？
1032	人類が農業を始めたのはいつ
1033	アカデミー賞は何の優秀作品に贈られる賞ですか？
1034	O・J・シンプソンはいつ生まれた？
1035	セントルイス・カージナルスの初代監督は誰
1036	御恩と奉公とは何ですか？
1038	カール・ラーションの最期の作品は何？
1039	アメリカ映画『大脱走』がモデルにした実在した戦争はある？
1040	津軽ダムが完成したのはいつ？
1041	日本で一番長い川は？
1044	ベリリウムはいつ発見された？
1045	シオボルド・ウルフ・トーンの死因は何
1046	北朝鮮映画の起源はいつ
1047	ホージャ・ニヤーズ・ハジの出身はどこ
1048	スカンジナビア諸国とは何か国をありますか？
1050	マーティ・レオ・ブラウンが最初に入団した球団は？
1052	ネッカーズルムの面積は？
1053	ヴィクトリア朝後期とはいつからいつまでを指しますか？
1055	ゴリラはサル？
1056	エカチェリーナ2世に拝謁した日本人商人は誰ですか？
1058	ノルウェー国鉄が設立されたのはいつ
1061	イスラエルが建国したのはいつ
1063	軍艦エルトゥールル号は日本に到着した？
1064	ギャグマンガの起源はいつ
1065	キミ＝マティアス・ライコネンは何歳で自動車競技を始めた？
1066	三岐鉄道はいつ設立した
1069	カナダ合同教会の聖職者は結婚できる？
1070	ノルウェーで一番高い山は何？
1072	未確認飛行物体を研究する政府機関は存在する？
1073	バスク祖国と自由はいつ設立された
1074	漫画『クロノアイズ』のジャンルは何
1075	デニス・キース・ロッドマンが最初に所属したチームは何？
1077	日本では近親相姦を取り締まる法律はある？
1078	『スパイダーマン』のブラックキャットの職業は？
1079	公務員の労働基本権はいつ制定された
1081	九世野村万蔵はいつ生まれた？
1082	3Dバイオプリンティングの技術が開発されたのはいつ
1083	中国の陶磁器が日本に来たのはいつごろ？
1084	サン・ファン・バウティスタ号はいつ完成した？
1085	グスターヴ・ホルストが生まれたのはいつ？
1086	ハリー・マクニッシュの出身はどこ？
1087	アミノ酸はタンパク質の元？
1089	ダイアナ・フリーマン＝ミットフォードはヒトラーと会ったことがありますか？
1090	パワーステアリングはいつ開発された？
1091	横峯さくらは結婚した？
1093	ムーアを舞台とした『嵐が丘』と書いた作家は誰ですか？
1094	落語はいつ生まれた
1096	上杉謙信の墓はどこにある？
1097	アサヒはドライビールを販売する？
1098	自動車用シートベルトが初めて用いられたのはいつですか？
1099	サラブレッドとはどのような馬ですか？
1101	ゲオルギオスの出身はどこ？
1102	ビーチング・アックスは国に実施された？
1103	電気椅子を死刑に初めて用いた国はどこ
1104	エイブラハム・リンカーンを殺したのは誰ですか？
1105	ジャック・デリダの出身はどこ
1106	ガンダムシリーズの原作者はだれ
1107	アダム・スミスは小さな政府を提唱した？
1108	鉛丹には毒性がありますか？
1109	日本にはいつから電車が走っている？
1113	ニューギニア島は国ですか？
1115	ベスト・アルバムとは最も売れたシングル曲をまとめたもの？
1116	世界で軍事用ロボットの開発をした国はある？
1117	三菱自動車はいつ設立された？
1122	モーリツ・モシュコフスキはいつ生まれた
1123	エンケラドゥスに探査機を到達させることは可能？
1124	オーストリアの首都はどこですか？
1125	マーベル・コミックのミュータントは人間？
1126	ウィリアム・アイザック・トマスの出身はどこ
1127	軟水と硬水の違いはなんですか？
1128	旧横須賀鎮守府庁舎の跡地には現在何がある？
1129	バレエの発祥はどこ
1130	ユリウス暦の起源はいつ
1131	欧州連合の各国が共有する法律はある？
1133	モータースポーツで死者が出たことはある？
1134	ゲフィチニブの副作用は何？
1136	日本に国教はありますか？
1137	『ポケットモンスター』のピカチューの声優はだれですか？
1138	違星 北斗はいつ生まれた？
1139	江原道高城郡兵長銃乱射事件で使われた銃は何？
1140	『ポケモン・ゴー』は何年に日本で発売されましたか？
1141	岸信介は第何代の首相ですか？
1142	ニューエイジはどこで発症した？
1144	国家安全保障に関する条約等はあるか？
1145	ギュータースローで一番高い山は？
1146	米米CLUBのリーダーはだれ
1147	システィーナ礼拝堂が建設されたのはいつ
1149	ニシュの主要産業は何？
1151	篠塚 和典が最初に所属した球団はどこ
1152	運動能力向上薬物は合法ですか？
1153	日本でかな打ちキーボードが誕生したのはいつ
1155	高根第一ダムの建設時住民からの反対はあった？
1157	初代ローマ教皇は誰？
1159	ハンナ・バーベラ・プロダクションの創設年はいつ
1160	ゼロックスの名称の由来は何？
1161	記憶の機能を司る脳の箇所は何
1162	ホンジュラスの首都はどこですか？
1164	阪急電鉄はいつ創設された
1165	アステカを築いたのは誰？
1166	カミーユ・サン＝サーンスの出身は？
1168	神話で母乳にたいする逸話はありますか？
1169	第36回スーパーボウルの優勝チームは？
1170	大政奉還はいつ起きた？
1174	カーライルはどこにありますか？
1175	トーマス・バビントン・マコーリーの大学の専攻は何？
1176	ティツィアーノ・ヴェチェッリオが生まれたのはいつ？
1177	横浜ドリームランドの広さは？
1178	ブレストには城がありますか？
1181	日本で初めて寝台列車ができたのはいつですか？
1182	故事成句とはことわざのことですか？
1183	ジャスティン・ティンバーレイクは『ミッキーマウス・クラブ』出身ですか？
1184	サー・ウィリアム・ウィンダムはいつ生まれた？
1185	オークランド・アスレチックスはいつ設立した？
1187	ゲイの語源は何
1188	日本の領海の大きさは？
1191	映画『ロボコップ』はどこの国で製作された？
1192	テレビアニメ『装甲騎兵ボトムズ』は何年に放映されましたか？
1193	入り江とはどのような地形をいいますか？
1194	日本に政令指定都市はいくつある？
1195	オスカー・ワイルドの出身はどこ？
1196	ピエール・ヴィダル＝ナケは博士号を持つ？
1198	ボブ・フォッシーは振付家ですか？
1200	イングランド王国はいつ建国した
1202	プジョーはいつ設立した
1204	アヴリル・ラヴィーンの出身はどこ
1206	フランスの国家の名前は何？
1207	『機動戦士ガンダムSEED』を放送した局は何？
1208	プエルトリコの首都は？
1209	オデュッセイアはいつ頃書かれた？
1210	日本で最古の朝廷は何？
1211	アイスクリームはどこで発症した？
1212	鳥類は恐竜の子孫？
1213	源 実朝はいつ生まれた
1215	『宇宙の戦士』の主人公の名前は何？
1216	声優とは何ですか？
1217	世界最大の図書館は何
1218	サイエントロジーの本部はどこにありますか？
1219	カバラ思想とはなんですか？
1221	三ない運動が起きた背景にある出来事は？
1222	原子力発電はいつ日本で始まった
1223	獅子舞の起源はどこ？
1224	小池 重明はいつ生まれた？
1227	プロレタリアートとは何ですか？
1230	サイエントロジーとはなんですか？
1231	民衆十字軍でユダヤ人への虐待はあった？
1232	大正時代とは西暦何年から何年までですか？
1233	占星術の起源はいつ
1234	阪神タイガースは何年創立ですか？
1235	アイルランド島の大きさは？
1236	日本軍は巡洋艦を持っていた？
1237	衆議院議員の任期は何年？
1238	ティビリヌの修道士殺害の犯人は特定された？
1240	古田 重二良はどこの大学出身？
1242	テキサス州ヒューストンの面積は？
1243	東急バスは東急ハンズのグループ会社？
1245	西武クハ1411形電車の大きさは？
1246	ミス・コンテストの起源はいつ
1247	ミンストレル・ショーは禁止されたことはある？
1248	脊髄小脳変性症には何種類の疾患がありますか？
1249	ヴィンセント・トマス・ロンバルディの出身はどこ？
1251	長州征討当時の江戸幕府将軍は誰？
1252	モーツァルトの出身はどこ？
1254	長崎に原子爆弾が落ちたのはいつ？
1255	クスクスは何語？
1256	日米安全保障はいつ結ばれた？
1257	ウィリアム・ドナルド・“ビル”・ハミルトンはいつ生まれた？
1258	レーテ共和国はどこにある？
1259	精錬法が発明されたのはいつ？
1261	ブラッド・スポーツとはどのように行われますか？
1262	フランソワ・アシル・バゼーヌはいつ生まれた
1263	グレンフェル・タワーはいつ建設された
1265	情報処理技術者試験の最高レベルは何？
1267	高麗を起こしたのは誰？
1268	世界で一番古い地下鉄はどこにありますか？
1269	アラン・シェパードの出身はどこ
1270	カナダ・オンタリオ州の州都はどこ？
1271	大阪府和泉市元社長夫婦殺害事件の遺体が放置された期間は？
1273	竹山祐右の出身はどこ？
1275	日本語は性別によって一人称代名詞は変わる？
1276	ジークムンド・フロイトの職業は医者だった？
1277	ロイ・クラクストン・エイカフの出身はどこ
1279	カントリー・ミュージックの発祥はどこ
1281	ヨガはもともと宗教的慣習？
1282	日本最古のサッカー場は何
1283	ロシア帝国最後の皇帝は誰ですか？
1284	『ジョジョの奇妙な冒険』の主人公の職業は何？
1286	儒教の起源はいつ？
1287	荀彧はいつ生まれた？
1288	グレゴリウス7世の出身はどこ
1289	日本の競馬はいつから始まりましたか？
1290	オデュッセウスは結婚した？
1292	水あさとの処女作は何？
1293	アインシュタインはいつ死去した？
1294	阪急800系電車が初めて運用された区間は何
1297	アメリカ最大の炭鉱は何
1298	ェイムズ・ベネット・マクリアリーの所属した政党は何？
1300	「実況パワフルプロ野球サクセススペシャル」は育成ゲーム？
1302	ファヴェーラの語源は何？
1303	日本の俳句は英語でも作れますか？
1304	『ばらの騎士』は恋愛をテーマにしたオペラですか？
1305	スーザン・エリザベス・ライスの出身はどこ？
1306	女子サッカーワールドカップ初代チャンピオンはどこの国？
1307	三原順はいつ生まれた？
1308	チグリス川の全長は何キロメートルですか？
1309	第二次世界大戦で広島原爆投下の瞬間を撮影したのは誰
1311	マルコム・Xの宗教は何？
1312	競歩はオリンピックの種目ですか？
1313	日本で競馬場が初めてできたのはいつですか？
1314	星 一徹はプロ野球選手だった？
1315	高年齢者等の雇用の安定等に関する法律は何を定めた法律ですか？
1317	パナイ号事件で日本海軍に被害は出た？
1318	フォードの創始者は誰
1319	ニコポリス・アド・イストルムで使われた言語は何？
1320	有価証券とはなんですか？
1321	ファウストは実在した人物がモデルになっている？
1322	松本零士のデビュー作は何
1323	東急デハ200形電の大きさは？
1324	古代ローマの最初の君主は誰？
1325	日本の天皇制はいつから始まった？
1328	ハワイ州の州都はどこ
1329	３代目桂三木助の本名は？
1330	サービス・ラーニングは日本の教育システムに導入された？
1332	ガス圧作動方式が初めて採用された銃の名前は？
1334	アメリカとメキシコの境に壁はある？
1335	巨人の本拠地はどこ？
1336	ロサンゼルス・エンゼルスの本拠地はどこにある
1338	オーガスタス・オウスリー・スタンレーの政党は？
1339	ドミートリイ・ショスタコーヴィチの出身はどこ
1340	ミャンマー連邦共和国はいつ建国した？
1341	ナミビア共和国の首都はどこですか？
1342	オードリーのオールナイトニッポンがはじまったのはいつ？
1343	グライダーが戦争で使われたことはある？
1344	テイク・ザットはいつ結成した？
1347	コメルツ銀行の本社はどこにある？
1349	チンギス・カンはいつ死んだ？
1350	予備自衛官はいつ誕生した？
1351	初代ネルソン子爵ホレーショ・ネルソンの出身はどこ
1352	ニュージャージー州のラトガーズ大学は州立大学ですか？
1353	ピーテル・パウル・ルーベンスはいつ生まれた
1354	ドイツ帝国最初の皇帝はだれ？
1355	初めて戦車が使われた戦争は何？
1357	ヴェロニカ・ロスの出身はどこ
1358	世界で初めてリニアモーターカーを走行させた国はどこ
1360	『鋼の錬金術師』はいつ掲載された？
1361	バイエルン・ミュンヘンはいつ設立した
1362	ドイツの自動車メーカー・オペルはいつ設立した
1364	エゴン・シーレはいつ生まれた？
1365	横峯さくらの出身はどこ
1370	スコットランド国営南極遠征に隊員は何人いた？
1371	オンダンセトロンに副作用はある？
1373	代数幾何学の考案者は誰？
1374	琉球王国最後の王は誰
1375	人民元はいつから導入された？
1376	宮本 顕治は捕まったことがある？
1378	桂 銀淑はいつ生まれた？
1379	レディー・ガガはいつ生まれた
1380	ディエゴ・デ・アルマグロの出身はどこ
1381	ジュリアン・モートン・キャロルの政治家になる前の職業は何？
1383	チェチェン共和国の公用語は何
1384	世界で最も石油を多く有する国はどこ
1385	マイケル・コリンズはいつ生まれた？
1386	初代落語協会会長は誰？
1387	トマス・ジェファーソンの肖像が５セント硬貨にプリントされ始めたのはいつから
1390	文部省宇宙科学研究所はいつ設立した？
1391	デュエルマスターズを販売している会社は何？
1392	ドイツ連邦共和国ニーダーザクセン州オスナブリュック郡の面積は？
1393	玄葉 光一郎の出身大学はどこ
1396	緑膿菌の大きさは？
1397	『宇宙海賊キャプテンハーロック』はＳＦ作品？
1398	無限の猿定理は実験されたことはある？
1399	奥州後三年記を記録した書物はある？
1400	インクルーシブ教育の起源はいつ
1401	アメリカの戦略諜報局はいつ設置された？
1402	男性の射精は、何歳くらいから始まりますか？
1403	日産自動車の本社はどこですか？
1404	カンザスシティの総面積は？
1405	「あしたのジョー」の作者はだれ？
1407	マーベル・コミックにアンドロイドは登場する？
1408	スタンリー・オーエン・グリーンはいつ生まれた？
1410	多細胞生物が発生しはじめたのはいつごろ
1412	『ボンボン坂高校演劇部』の主人公は誰ですか？
1413	青池保子が『エル・アルコン-鷹-』が舞台にする世界は何
1414	ウマル・ハイヤームはいつ生まれた？
1415	幹細胞治療にドナーは必要？
1416	『週刊ヤングジャンプ』の出版はいつから始まった
1417	藻類とはなんですか？
1419	『宇宙海賊キャプテンハーロック』の主人公は誰？
1420	ロンドンで最も高い建物は何？
1421	アーノルド・ミンデルはいつ生まれた？
1422	堀 栄三の出身はどこ
1426	広西チワン族自治区にいるのは漢民族だけですか？
1428	天動説を唱えたのはだれ
1429	エッジウェア・ハイゲート・アンド・ロンドン鉄道はいつ設立した？
1430	カントはどこの国の研究者ですか？
1431	日本テレビ系列『ZIP!』？の初回放送はいつですか？
1434	エクスプロイテーション映画の巨匠は誰？
1435	ローマの休日を監督したのは誰？
1436	大学修学能力試験はいつから始まった？
1437	第一次バルカン戦争はいつ起きた？
1438	映画「ダイ・ハード」の監督は誰？
1439	イギリスでは地域ごとに法律が異なる？
1440	カール・フィーリプ・ゴットリープ・フォン・クラウゼヴィッツはいつ生まれた？
1441	カナディアン・ナショナル鉄道はいつ設立された？
1442	ニューネーデルラントに先住民族はいた？
1443	バスク民族主義党はいつ結成した？
1446	NBAで最多優勝回数を誇るチームは何？
1447	リッチー・ブラックモアは何歳でギターを始めた？
1448	VHSは何年に発売が開始されましたか？
1449	水素は爆発する？
1450	台湾の文字は漢字を使う？
1451	古代ギリシャで最初の詩人は誰？
1452	1755年のリスボン地震で津波は併発した？
1453	ライトノベル『フルメタル・パニック!』の初版はいつ発売された？
1454	ABCのテレビシリーズ『LOST』の放送が続いた期間は？
1455	ポーランド農民党はいつ結成した？
1457	鉄道友の会誌『railfan』はいつから創刊されている
1458	イラン・イラク戦争のターニングポイントは何
1459	ボノボは、性行為を生殖の目的以外でも行う？
1460	大日本帝国はいつ誕生した？
1461	万葉集が書かれたのはいつ
1462	漫画『ファイブスター物語』の連載はいつ始まった？
1463	アンドリュー・ワイルズはどこの大学出身？
1465	クレオパトラとはどこの国の王でしたか？
1467	日本社会党はいつ結成した？
1468	アルノルト・シェーンベルクはいつ生まれた？
1470	ツァボの人食いライオンは野生のライオン？
1471	日本で初めてカメラを発売したのはどの会社ですか？
1472	ローマ教皇を選出する選挙をなんといいますか？
1473	ドタブカ を食べることはできる？
1474	ゲルハルト・ヨハン・ダーヴィト・フォン・シャルンホルストはいつ生まれた？
1475	ラウダ航空004便墜落事故によりラ宇田航空004便が空中分解した高度は？
1476	狂言は世襲制？
1477	フィリッパ・ルース・フットはいつ生まれた？
1480	絵画における遠近法が誕生したのはいつ
1481	深見 千三郎はいつ生まれた
1482	アメリカ合衆国ニューヨーク州の大きさは？
1484	豊胸手術はいつから始まった？
1485	暴走族はいつ発生しだした？
1486	ジャクソン5はいつ結成した？
1488	日本ではいつ頃から貴族が出現した
1489	生化学とは？
1490	ダーク・ノビツキーがプロデビューしたしたのはいつ？
1491	初代アニメ版ドラえもんでノビタの声優を務めたのは誰？
1495	竹山祐右のデビュー作は何？
1496	オキチモズクの発祥はどこと考えられる？
1497	キーファー・サザーランドの出身は？
1499	中国は核兵器を保有する？
1500	大英博物館の初代館長は誰
1501	尊王攘夷はいつ発生した？
1502	ヴィクトリア朝はいつ始まった？
1503	初代ローマ・カトリック法皇は誰？
1504	琉球國の最期の王は誰？
1505	白川郷はどこにある？
1506	世界最大のクジラの種類は何
1509	一級水系とはなんですか？
1510	江若鉄道はいつ設立した
1512	フリーソフトウェアの対義語は有料ソフトウェア？
1513	オパビニアにヒレはついていた？
1514	ミシシッピ州コリンスの面積は？
1515	宅 八郎の最終学歴は何
1516	横浜に赤レンガ倉庫が建設されたのはいつ
1517	明治時代は西暦何年から何年ですか？
1518	日本で初めて創設された銀行は何
1519	不妊症と性機能障害の違いは？
1520	オスカー・パーマー・ロバートソンはどこの高校出身？
1521	日本文学で白樺派が誕生したのはいつ
1522	CBSはどこの国の放送局？
1523	ゲームシリーズ『ポケットモンスター』のオーキド博士は作中で何歳？
1524	シメオン・スレイブンス・ウィリスはいつ生まれた？
1526	アルジャーノン・バートラム・フリーマン＝ミットフォードはいつ生まれた？
1527	X-MENとはスーパーヒーローですか？
1529	ジェームス・マシュー・バリーはいつピーター・パンとウェンディを発表した？
1530	ブラジルの公用語は何
1531	アメリカ合衆国の主要産業は何？
1532	ホワイトハウスはどこにある？
1534	朝比奈 隆が最初に所属した楽団は？
1535	徳島県には、プロ野球チームが存在しますか？
1537	川村 清雄はどこで生まれましたか？
1538	自動車の生産に金型は使われている？
1539	キューバが独立したのはいつ
1540	ビューイックはアメリカ車ですか？
1541	ギャンブルは日本で合法ですか？
1542	ローマ神話における太陽神は誰？
1544	チャールズ・ラトウィッジ・ドジソンはどこで生まれた？
1545	デトロイトはどこの州に属する？
1547	ユニコードコンソーシアムとは団体？
1550	フィラデルフィアはどこの国に属する？
1553	シアトル・シーホークスはいつ設立した
1554	『カコとニセ探偵』のジャンルははミステリー？
1555	スティーブン・ウルフラムは大学で研究をした？
1556	ツービートはいつ結成した
1557	稲の発祥はどこ
1560	ダンロップの創始者は誰？
1561	Blueholeの創始者は誰？
1562	マウリヤ朝最後の王は誰？
1563	欧州連合は憲法を持つ？
1564	三河国とはどこですか？
1565	ミハイル・セルゲーエヴィチ・ゴルバチョフがソ連の最高指導者になったのはいつ
1566	アステカに文字はあった？
1567	源 実朝に兄弟は何人いた？
1569	スペインが初めて南米に入植したのはいつ？
1570	祇園祭の起源はいつ
1571	ジョン・ハンターの出身はどこ？
1572	鳥山明の出身はどこ
1573	日本に航空宇宙機関が設立されたのはいつ
1574	ミンストレルはいつ始まった
1575	宇宙航空研究開発機構の本部はどこにありますか？
1577	ブルガリアの首都はどこですか？
1578	マハティール・ビン・モハマドは何年生まれですか？
1579	タイは王様が政治権力を持つ？
1580	R・J・ヴァン・デ・グラフの出身はどこ？
1581	ドコモの創立はいつですか？
1583	ビル・エヴァンスの出身はどこ？
1584	ロンドン・ナショナル・ギャラリーの所蔵作品数はいくつですか？
1586	小泉内閣はいつ生まれた？
1587	日本初の准大臣は誰？
1588	ソウルには空港はありますか？
1589	アルバニア人民共和国はどこの地域に位置する？
1593	フェラーリが初めて開発した車は何？
1594	20世紀フォックスはいつ設立した
1595	レックという繁殖法はどのようなものですか？
1596	剣道はオリンピック競技ですか？
1601	日本のＪ－リーグはいつから存在する
1602	ニューミュージックの発祥は日本？
1603	サミュエル・コーネリアス・フィリップスはいつ生まれた？
1604	アルブレヒト・デューラーはいつ生まれた？
1606	アラビア文字はいつ誕生した？
1607	ディジタル・イクイップメント・コーポレーションの本社はどこにある？
1608	イルモア・エンジニアリングはいつ設立した？
1609	装甲巡洋艦イェロギオフ・アヴェロフはいつ完成した？
1610	ミクロ経済学はいつ誕生した？
1611	ヴェネツィア共和国はなぜ滅んだ？
1613	ウェスティングハウス・エレクトリックは政治家？
1614	阪神・淡路大震災の時、東灘区は被害を受けましたか？
1615	イアン・フレミングは何歳で死去した？
1616	ウズベキスタン共和国の公用語は何？
1617	川崎鶴見臨港バスはいつ設立された？
1618	『芝浜』の物語の舞台はどこ
1619	ニール・アームストロングの宇宙飛行士になる前の職業は何？
1622	森喜朗の所属政党は何？
1623	米米CLUBが結成されたのはいつ
1625	ショーン・マイケルズの代表技はなんですか？
1626	中華民国では民主主義政治が行われている？
1627	バロックの特徴は何
1628	ロングイェールビーンで炭鉱業が始まったのはいつ？
1629	アーネスト・ヘミングウェイはいつヨーロッパに渡った？
1631	KFMB-TVの放送はいつ始まった？
1632	現在の人はヒト属の学術名として何と呼ばれますか？
1633	日本初の外国人居留地はどこ
1634	綺羅光は官能小説家？
1635	ルイ14世はどこの出身？
1636	シンガポールにあるマーライオンは何の象徴ですか？
1637	ラウダ航空004便の飛行機の名前は何だった？
1638	任天堂Ｗｉｉで、ゲームソフトをダウンロードすることはできる？
1639	デトロイト市の主要産業は何？
1640	ソーラーカーが初めてつくられたのはいつ？
1641	コロラド州で最大の都市はどこ？
1642	京都帝国大学はいつ設立した？
1643	劉邦の出身はどこ
1644	日本に洋服が伝わってきたのはいつ
1645	ベンガル語に特定の文字はある？
1647	皆川 広照は戦闘に参加した？
1648	京阪神急行電鉄はいつ創立されましたか？
1649	モナコ公国はいつ建国した？
1650	日本人最初の宇宙飛行士は誰？
1652	カントリー・ハウス、ティンツフィールドは何？
1653	エストニアの公用語は何？
1655	見つかった中で最大のニシネズミザメ体重は？
1656	GHQ民政局長のコートニー・ホイットニーは、軍人ですか？
1657	シュトゥットガルトはミュンヘンまで何時間かかりますか？
1658	日本最古の株式会社は何
1662	アメリカ・ローンスカウトの活動は何だった？
1663	ノジマの創始者は誰？
1664	日本で自動車免許がオートマとマニュアルで別になったのはいつから
1666	ボストン・レッドソックスに松坂大輔が入団したのはいつ
1667	小説『ゴッドファーザー』はいつ出版された？
1668	ロック音楽の発祥はどこ
1669	デイヴィッド・ヒュームはいつ死去した？
1670	世界で初めて蒸気船を開発したのは誰
1671	ウォルター・ブルース・ウィリスはいつ生まれた
1672	アメリカが民主主義国家になったのはいつ
1673	日本は原子爆弾により何人が被ばくした？
1674	ルイ・リエルの所属した政党は何？
1675	バックベアードが登場した漫画作品はある？
1676	豊橋鉄道T1000形電車を製造した会社は何？
1677	ケルト神話は多神教？
1678	真船一雄のデビュー作は何
1679	関西学院大学ファイターズが日本一になった回数は？
1680	マヤ文明に数字はあった？
1681	ミハイル・セルゲーエヴィチ・ゴルバチョフはいつ生まれた？
1682	ハンガリーの首都はどこ
1683	マルキエビッチ伯爵夫人コンスタンツ・ジョージン・マルキエビッチはいつ生まれた？
1684	ネブラ・ディスクの重さは？
1685	南アフリカ共和国に初めて白人種が住み着いたのはいつから？
1686	リンは発火性がある？
1687	ニューヨーク市で初めて地下鉄が建設されたのはいつ？
1689	世界最古の銀行は何
1691	北アメリカ大陸にはイヌイットが存在する？
1693	日本で初めて新幹線が運用されたのはいつ
1694	江戸時代に最も大きかった火事は何？
1695	アメリカ合衆国のファーストレディは正式な役職？
1697	レイ・ハリーハウゼンの出身はどこ
1698	中田 重治は何歳で洗礼を受けた？
1699	日本で一番大きいパチンコ店経営会社は何？
1700	日本社会党は左派？
1701	劇作家ボーマルシェの出生年は？
1702	サカナクションの山口一郎の出身はどこ
1703	『ベルサイユのばら』の舞台の時代は？
1704	ニッポン放送の深夜番組『オールナイトニッポン』はいつから放送が始まった
1706	ジョン・ウェイン・ゲイシーは何人殺害した？
1707	ジョセフ・クラーク・グルーはどこの州で生まれた？
1708	ラッセン火山国立公園の面積は？
1709	アール・ヴァン・ドーンはいつ生まれた？
1711	ミューズ細胞は人体に必要か
1712	Firaxis Gamesの本社はどこにある？
1713	世界金融危機はいつ起きた
1714	ミャンマーの首都はどこ
1715	カリフォルニア州の主要産業は何
1716	初期のマックブックにＯＳは搭載されていた？
1717	五月危機とはなぜ学生が主導したのですか？
1718	パブリック・アートとはなんですか？
1719	佐久間ダムはいつできましたか？
1720	PlayStation 2の発売時の発売価格はいくらですか？
1722	メソポタミア文明が発生したのはいつ
1723	ラファエル・ナダル・パレラはいつプロテニス選手になった？
1724	リチャード・チャールズ・アルバート・ホルブルックの父親の出身はどこ？
1726	メチルフェニデートが開発された目的は何
1728	ルワンダにおける、フツ族とツチ族の違いは？
1729	ゼロックスはいつ設立した？
1730	ドナテッロの彫刻の師匠は誰？
1731	高橋 正弘の学生時代の部活は何？
1732	著作権侵害とはなんですか？
1733	尺八には漆を使用しますか？
1734	近鉄の創始者は誰？
1735	富田 木歩は何歳で死んだ？
1736	板垣恵介の処女作は何？
1737	ネブラ・ディスクは使用用途は何？
1738	最古の水洗式トイレの仕組みは？
1739	ルイス・シーモア・バゼット・リーキーはいつ生まれた？
1740	毛利元就の父親は誰？
1741	天塩川の全長は？
1742	サービス残業を規制する法律はあるか
1745	「おねがいナイショにしてね」の配信はいつ始まった？
1748	コカインに依存性はある？
1749	潜伏キリシタンは日本各地にいましたか？
1750	先物取引の清算取引とはなんですか？
1752	コネチカット州に先住民はいた？
1754	ライド のボーカルは誰？
1755	藤子・F・不二雄は、何年に死去しましたか？
1756	モンテネグロの首都はどこですか？
1757	高橋ゆたかはどこ出身ですか？
1759	暗黒物質の存在は証明された？
1760	眼鏡を発明したのは誰
1761	プレイステーションが初めて販売されたのはいつ
1762	キリンチャレンジカップはいつから行われていますか？
1763	モンキー・パンチのデビュー作は何？
1764	『超時空要塞マクロス』で宇宙人は出てくる？
1765	ウィリアム・ケントの出身はどこ
1767	B-CASが導入されたのはいつ
1768	フクダ電子アリーナの名前の由来は
1770	FIAはいつ設立した
1771	コアラは木の上で寝る？
1772	USCトロージャンズに野球チームはある？
1773	石徹白騒動の原因は何？
1774	添田 豪の出身高校は何？
1775	クタイバ・イブン・ムスリムの出身はどこ？
1776	阪神851形電車が開発されたのはいつ？
1777	新間 寿の出身はどこ
1780	静岡県立磐田西高等学校はいつ設立した？
1782	電車が日本で初めて導入されたのはいつ
1783	ダマスカスには城壁がありますか？
1784	西ドイツは資本主義国家だった？
1785	パール・ジャム はいつ結成した
1786	清の最後の皇帝は誰？
1787	自立法人国際サッカー評議会はいつ設立した？
1788	ゴリラは集団生活をする？
1791	ブルガリアの公用語は何？
1792	人間の毛が薄いのは進化の過程？
1794	ウクライナの初代大統領は誰？
1796	Linuxの開発者は誰？
1797	グナエウス・ポンペイウス・マグヌスが生まれたのはいつ
1798	モザンビークの首都はどこですか？
1799	朝鮮民主主義人民共和国が建国したのはいつ
1801	ザナドゥ・ハウスの先駆者は誰？
1803	FCM1Aは実際に使用された？
1804	キリコ・キュービィーは人間ですか？
1805	日本最古のスキー場はどこ
1807	Ｅｂｏｏｋの起源はいつ？
1808	漫画家かずはじめの出身はどこ
1809	小さな政府を提唱したのは誰
1810	モーセ五書は何語で書かれた？
1811	エアソフトガンに殺傷能力はありますか？
1812	京都大学は国立大学ですか？
1814	近鉄の駅が存在する都道府県はいくうある？
1816	浅沼 稲次郎はいつ生まれた？
1817	月刊ヤングキングアワーズの出版社は何？
1824	秋田で最も参加者の多いお祭りは何？
1825	ドイツ国防軍はいつ誕生した？
1827	世界で最大のモスクは何？
1828	遺跡「マチュ・ピチュ」は標高何度の場所にありますか？
1830	世界で最初のシューティングゲームはなに
1831	空手家に引退はある？
1833	ローバースカウトの考案者は誰？
1834	メロトロンを販売した会社は何
1835	水球の発祥はどこ
1836	ミハイ・エミネスクの出身はどこ？
1837	ユースオリンピック夏季大会が初めて行われた場所はどこ
1838	ヒューストンの面積は？
1840	ブラジルの公用語は何？
1841	巡洋艦「ゲネラール＝アドミラール」が完成したのはいつ
1842	最初に開発された短機関銃は何？
1843	蒸気船を発明したのは誰
1846	カリーニングラード州の州都はどこ
1847	ハービッグ・ハロー天体はいつ発見された？
1851	イタリア共和国ロンバルディア州最大の都市はどこ？
1853	ミシガン州の首都はどこ
1854	梵 英心は一軍でプレーしたことがある？
1855	和太鼓の起源はいつ
1856	研修医制度はいつ始まった？
1858	ガブリエル・スローターはいつ生まれた
1863	日本が韓国を統治していたのはいつ？
1864	サミュエル・コルトはいつ生まれた
1865	『若きウェルテルの悩み』の主人公の名前は？
1866	香辛料の貿易が始まったのはいつ
1868	NFLが始まったのはいつ
1869	エズラ・ウェストン・ルーミス・パウンドの出身はどこ
1871	ロココ芸術の発祥はどこ？
1874	バーリントンの面積は
1875	コーブルグの面積は？
1876	ポプラ社の創始者は誰
1877	カール・クリスティアン・グメリンの出身はどこ？
1878	ジュリアン・モートン・キャロルの出身はどこ
1879	夏目漱石は教育者だった？
1883	タラハシーの面積は？
1884	久保田藩はどこで発祥した？
1886	マーガレット・サッチャーの所属政党は何
1887	アメリカの総面積は？
1889	アクションゲームとはプレーヤーも身体を動かしますか？
1892	ジョン・グリーンの処女作は何？
1893	『吾妻鏡』はいつ書かれた？
1894	相模原障害者施設殺傷事件の犯人に精神疾患はあった？
1896	ニュージャージー州の州都は？
1897	工藤平助の父親の職業は何
1899	アメリカ合衆国には国営の郵便事業はありますか？
1900	ボーイスカウトアメリカ連盟はいつ設立された
1901	機甲戦が初めて行われたのはいつ
1904	チェコは社会主義国ですか？
1906	ドライビールの発祥はどこ
1908	ニノイ・アキノの出身はどこ
1909	桶川ストーカー殺人事件の交際相手の男の職業は何だった
1911	オスマン帝国はいつ滅亡した
1912	ピーター・ダニエル・ドハーティはいつ生まれた？
1914	ジャック・ヴァンスはどこの国の人？
1915	エルパソの面積は？
1917	東日本旅客鉄道の前身の会社はどこですか？
1919	ジョセフ・フッカーの出身はどこ？
1920	フィンランドの面積は？
1921	白血病は死に至る？
1923	環境保全地域は全て立ち入り禁止ですか？
1924	民主共和党の初代党首は誰？
1925	ヨハン・パッヘルベルはいつ生まれた
1926	世界最古のアーケードゲームは何？
1928	初めて原子爆弾が戦争に使われたのはいつ？
1929	マーガレット・サッチャー元首相はいつ亡くなりましたか？
1931	村山談話とはなんですか？
1932	サンドラ・デイ・オコナーの出身大学はどこ？
1933	新幹線はいつ開通した？
1935	スズキはいつ設立した
1937	ヒルベニアとは現在のどこの国に存在した？
1938	『人間・失格〜たとえばぼくが死んだら』の最高視聴率は？
1939	美濃国郡上藩とは現在の何県ですか？
1940	三島食品の創始者は誰
1942	ラッコは哺乳類？
1943	イギリス領ヴァージン諸島にはいくつ島がある？
1944	ロナルド・ドウォーキンは何歳で亡くなった？
1946	マイケル・ムアコックの処女作は何？
1947	太鼓は日本独自に発祥した？
1948	フェラーリの創業者は誰？
1950	リゼルグ酸ジエチルアミドを発見したのは誰ですか？
1951	SEGA-AM2はいつ設立した
1952	ニューヨーク市長の任期は何年ですか？
1953	ビットとは何の単位
1954	日本で海上自衛隊が結成したのはいつ
1955	CSS アルベマールの初代船長は誰？
1956	アラスカ州カトマイ国立公園の面積は？
1958	最初のConsumer Generated Mediaの媒体は何？
1959	大和侍レッズの創設年は？
1960	東京で初めて地下鉄が運用されたのはいつ
1962	哺乳類はいつごろから発生した
1963	比叡山にある寺は何？
1964	『ぐんまのやぼう』はいつ配信開始した？
1966	インドの首都はどこ
1967	『ビヨンド・ザ・マット』は日本で公開された？
1969	漫画家遊人のデビュー作は何
1970	ポケットモンスターの考案者は誰？
1972	スターリンはいつ生まれた？
1973	投資においてビッグバンとは、なんですか？
1974	ブーツィー・コリンズはいつ生まれた？
1976	身体醜形障害の最も一般的な原因は何
1978	フォーミュラ1の発祥はどこ
1979	サー・アンドリュー・バロン・"アンディ"・マリーは何歳でテニスを始めた
1980	ダムカレーを考案したのは、誰ですか？
1981	ガイウス・フラウィウス・ウァレリウス・コンスタンティヌスが生まれたのはいつ
1984	日本の自衛隊はいつ結成した
1986	玄葉 光一郎はどこで生まれた
1988	ニシネズミザメは魚類？
1990	日本で賭博は禁止されている？
1992	野球の発祥の地はどこですか？
1993	北アメリカ大陸でもっとも標高の高い山は何？
1995	カール・セーガンの出身はどこ
1996	カナダの首都はどこ
1997	『ドン・キホーテ』は何年に発表された作品ですか？
1998	コモンマーモセットは木の上で主に生活する？
1999	エストニア共和国はいつ建国した
2000	世界最大の鳥類は何
2001	『カリガリ博士』の物語の舞台はどこ
2002	「エリザベスタウン・ミラー」は新聞を出版した？
2003	東日本旅客鉄道はいつ設立した
2004	日本で競馬が始まったのはいつ
2005	詩人ピンダロスの出身はどこ
2007	英語のアルファベットは何文字ありますか？
2008	孫 策は何歳で死去した？
2009	モリー・ピッチャーの出身はどこ
2010	ケルキラ島の面積は？
2011	インソムニアックゲームズの本社はどこにある？
2012	パトリシア・アン・ボイドの出身はどこ
2013	イギリス労働党はいつ設立した？
2014	道上洋三の出身はどこ
2015	『ラブ♥シャッフル』は恋愛ドラマ？
2016	ニューヨーク市マンハッタンにある金融ビジネス街を何といいますか？
2018	漫画『クロノアイズ』を掲載した出版社は何
2019	2019年、アメリカ合衆国の大統領は誰ですか？
2020	鎌倉幕府は何年続いた？
2021	上野 裕一郎は大迫傑の高校の先輩？
2022	八丈島とは江戸時代まで流刑人が流された島ですか？
2023	黄金山神社の宗派は？
2024	講談社の創立はいつですか？
2026	アルカトラズ島から逃げ出した服役者はいた？
2027	日本にプロのビリヤードプレイヤーはいる？
2028	ユーゴスラビア社会主義連邦共和国はいつ建国した
2029	ドイツにユダヤ人の血を引く首相が誕生したことはある？
2030	モールス信号を開発したのは誰？
2031	コービン・ジェイ・ロバートソン・スタジアム・アット・ジョン・オークインフィールドはいつ完成した？
2032	ギリシャ共和国の首都はどこ
2033	英国で王位を退いた、国王の名前はなんですか？
2034	法律をつくる機関は何？
2035	パチンコに依存性はある？
2036	コレラ菌は何から発見された？
2038	ルビジウムは柔らかい？
2039	ウィリアム・シャーマン少将の出身はどこ？
2040	Jリーグはいつ設立した
2043	初代映画『トランスフォーマー』で監督を務めたのは誰
2044	世界で一番大きいダイヤモンドは何カラットですか？
2047	鹿児島には世界遺産がありますか？
2048	ナムコの創業者は誰ですか？
2049	電子ブックリーダーはいつ誕生した？
2050	ベンヤミン・ネタニヤフはいつ政治家になりましたか？
2051	新幹線には最初から座席指定席があった？
2053	宇宙が多数あるという定説をなんという
2054	ウェスト・メンフィス3で殺害された男児の事件当時の年齢は？
2055	ムハンマド・ビン・ラーシド・アール・マクトゥームはいつ生まれた？
2057	そろばんは計算機？
2059	ヴァロワ朝はいつまで王位についていましたか？
2060	ニューヨークからパリまでの距離は？
2062	日本で文学の著作権が切れるのは、作者の没後何年？
2063	ポール・ランドはいつ生まれた？
2065	欧州評議会が設立されるきっかけとなった出来事は？
2066	クモ膜下腔は人体でどこに存在する？
2067	カルタゴの建国者は誰？
2068	岡山市の人口は何人？
2069	富岡製糸場が建設されたのはいつ
2070	とんねるずが結成したのはいつ
2073	プルーデンス・クランドルは女性ですか？
2074	ムハンマド風刺漫画掲載問題の漫画の作者は誰
2075	エホバの証人はいつ誕生した？
2078	日本の祝日の海の日はいつ制定された？
2079	『モナ・リザ』のモデルは誰ですか？
2080	米国ユタ州で最大の都市はどこ
2081	TBSの本社はどこにありますか？
2082	天動説を初めて提唱したのは誰
2083	上野動物園クロヒョウ脱走事件のクロヒョウは当時何歳だった？
2084	秋田県立野球場はいつ設立した？
2085	ノルディックスキー葛西選手の出身はどこ？
2086	エホバの証人の教祖は誰？
2087	モトローラはどこの会社ですか？
2088	モノレールを初めて開発した会社はどこ
2089	フィリップ・ホセ・ファーマーはいつ生まれた？
2090	ジェームズ6世はいつ生まれた
2091	星は何でできていますか？
2092	ジョヴァンニ・ヴェルガはいつ生まれた？
2093	ベンゾジアゼピンに依存性はある？
2095	サルの自撮りで話題を呼んだメスのクロザルはどこに生息している？
2097	ターハー・ヤースィーン・ラマダーン・アッ＝ジズラーウィーの出身はどこ？
2098	ピエール・ヴィダル＝ナケはいつ生まれた？
2100	ポール・マッカートニーのデビュー曲は何？
2101	中国はいつ建国した？
2102	阪急電鉄が持っていた野球チームの名前は？
2104	ウィリアム・ジョイスはいつ生まれた？
2105	ミシシッピ川の全長は？
2106	大谷翔平のポジションは？
2107	ニュージャージー州最大の都市はどこ？
2109	チャールズ・サンダース・パースの父親の職業は？
2110	ヤーコブ・ヨルダーンスの絵の師匠は誰？
2111	ハイリー・センシティブ・パーソンが存在する割合は？
2112	映画「羅生門」が公開されたのはいつ？
2113	ミハイル・ティマフェービッチ・カラシニコフはいつ生まれた
2114	ジェリー・リー・ルイスはグラミー賞を受賞したことがありますか？
2115	スペースX社の本部はどこにある？
2116	シベリアトラのタチアナはいつ生まれた？
2117	檀君王倹は神？
2118	ゴス・ロックの特徴は？
2119	BioWareの創立年は？
2120	阪急電鉄の創始者は誰
2121	アニメ『ドラゴンボール』シリーズのブロリーは鳥山明が考案した？
2122	マイルという単位を使っているのは米国のみですか？
2124	新幹線を最初に開発したのはどこの国？
2125	島根県雲南市の面積は？
2126	ブルース・ランドール・ホーンズビーはいつ生まれた？
2127	トマス・アレクサンダー・コクランはいつ生まれた？
2128	スリラー映画の起源はいつ？
2129	ヒュー・ロフティングの処女作は何
2130	Jリーグには何チーム所属していますか？
2131	日本で警察はいつできた？
2132	スヴェトラーナ・ラジュナトヴィッチはいつ生まれた
2134	『ソフィーのアトリエ 〜不思議な本の錬金術士〜』のジャンルは何？
2135	クログチヤモリザメは肉食？
2137	『るろうに剣心 -明治剣客浪漫譚-』の時代背景は明治時代？
2138	初代の欧州委員会委員長は誰ですか？
2139	ヴワディスワフ2世ヤギェウォの宗教は何
2140	ドイツの首都はどこですか？
2142	第一回スーパーボウルはどこで開かれた
2143	サー・マーティン・フロビッシャーはいつ死去した？
2144	アレクサンドロス大王に家庭教師をしたのは誰
2145	キーン・ジョンソンの所属政党は？
2148	鈴木明子は何歳でスケートを始めた？
2149	『超電気ロボ バルカイザー』はいつ発売が始まった？
2151	天竜 三郎はどこの相撲部屋に所属した？
2152	日本初の新幹線は何？
2154	ブルートレインが最初に運用されたのはいつ
2155	明治は何年までありましたか？
2157	北海道の先住民族は、なんという民族ですか？
2158	ダウン症の染色体の特徴は？
2159	ビーナス・エボニー・スタール・ウィリアムズはいつ生まれた
2161	天神流通戦争が始まるきっかけとなった出来事は？
2164	エイドリアン・ニューウェイはいつ生まれた？
2165	Stop Online Piracy Actが初めて提案された国はどこ？
2166	アシュケナージとは民族ですか？
2167	Googleの創始者は誰？
2169	ニコライ・アンドレーヴィチ・ロスラヴェッツはいつ生まれた
2170	OVA『マクロス ゼロ』が初めて放送されたのはいつ
2172	名誉革命で流血は起きた？
2173	ウィリアム・ドナルド・“ビル”・ハミルトンの出身大学はどこ
2175	ジョン・ローレンス・シーゲンソーラーはどこの州出身？
2176	ジョージ・ヒューム・ステュアートはいつ生まれた？
2177	ジョン・エルテール・デュポンの出身はどこ
2178	古代アメリカ学会の設立日は？
2179	世界で一番古い学術雑誌はなんですか？
2180	アール・ヴァン・ドーンの出身はどこ
2181	サイバーニュウニュウはいつ結成した？
2182	一番小さい素数は何？
2183	ドラムも吹奏楽に含まれますか？
2185	円錐角膜の発症率は？
2188	アビラの聖テレサは何をした人物ですか？
2189	水彩画の発祥はどこ
2190	シモン・ボリバルは革命家？
2191	ハワイで最も高い山は何
2192	『ポケモンスタジアムシリーズ』ではポケモンを育てることはできる？
2193	工画堂スタジオ・くまさんちーむとは一つの会社？
2195	プロアントシアニジンはいつ発見された？
2196	iphoneの販売はいつ始まった？
2197	デヴィッド・フィンチャーの出身はどこ
2198	PlayStation Portableはいつ発売されましたか？
2199	エドワード・エヴァレットはいつ生まれた？
2200	ウォーターゲート事件で逮捕者は出た？
2201	鹵獲されたU-505の乗組員は救助された後どうなりましたか？
2202	ディエゴ・デ・アルマグロはいつ生まれた
2204	オーガスタス・エバレット・ウィルソンの出身大学は何
2205	著作権保護の概念は写真にもある？
2207	フィル・ジャクソンはドラフトで指名された？
2208	静岡でお茶の生産が始まったのはいつ
2211	紙のナプキンが誕生する前、日本の女性は生理時に何を着用した？
2212	川崎鶴見臨港バスが初めて運行された区間はどこ
2213	日本テレビの初代社長は誰？
2214	ユーゴスラビア社会主義連邦共和国はいつ崩壊した
2216	ウィリアム・ジョイスの出身はどこ？
2217	モノレールとはどのような電車ですか？
2218	無線ランが一般に普及したのはいつから
2220	暗黒物質を観測する方法はある？
2221	独立行政法人宇宙航空研究開発機構はＪＡＸＡ？
2222	ナルヴィクの戦いでドイツ軍を率いたのは誰
2223	アメリカ合衆国造幣局はどこにありますか？
2224	特別支援学校は義務教育の一環？
2225	ウィキペディアはいつ開設された
2226	中国の一人っ子政策はいつ始まった？
2227	テニスはどの国発祥ですか？
2228	天体物理データシステムへのアクセスは無料でできる？
2229	森岡浩之のデビュー作は何？
2230	コペンハーゲン地下鉄の運用が始まったのはいつ
2231	キックボクシングの起源はどこ
2232	レベレヒト・ミッゲはいつ生まれた？
2233	チェスの起源はいつ
2234	日本にも初夜権は存在した？
2235	自転車は歩道を走ってもいいですか？
2237	日本初の水力発電所は何
2238	ニコラウス・コペルニクスの宗教は何だった？
2239	社会福祉士は国家資格？
2240	イスラム過激派テロ組織アルカイダのリーダーは誰でしたか？
2241	北条 政子の父親の名前は？
2242	火を人間に与えたギリシャ神話の神は誰ですか？
2243	渡来人はいつ日本にきた？
2244	サプリメントなどで過剰摂取されたビタミンCは体内に蓄積されますか？
2246	マリの首都はどこ？
2247	ドイツ銀行の創業はいつですか？
2248	ウィリアム・スペアズ・ブルースは医者にはならなかった？
2249	フランスで最古の政党は何？
2250	フラウケ・ペトリーが経営した企業は何
2251	織田信成は織田信長の子孫？
2253	マルコ・ポーロとは誰ですか？
2254	ベンラファキシンが初めて商品化されたのはいつ
2255	カントリー音楽の発祥の地はどこですか？
2257	ラーン川の全長は？
2258	ビートルズのブラックバードを作曲したのは誰？
2259	名張牛汁の起源はいつ
2260	マイク・トラウトは新人賞を獲得した？
2261	ファンタジー小説の始祖はだれですか？
2262	テーベはいつ存在した？
2263	ウィリアム・ピットの所属した政党は？
2264	小栗虫太郎のデビュー作は何？
2266	原子力発電はいつ始まった？
2268	浅越しのぶの出身高校は？
2270	K・エリック・ドレクスラーK・エリック・ドレクスラーはいつ生まれた？
2271	板垣恵介はいつ生まれた？
2272	Ars Technicaは会社の名前ですか？
2273	フィンランドの国土面積は？
2274	アメリカ軍は原爆を保持する？
2275	ミハイル・セルゲーエヴィチ・ゴルバチョフは共産主義者？
2276	人形浄瑠璃は何名で一体の人形を動かしますか？
2277	近藤 貞雄の現役時代の守備位置は？
2278	日本でセンター試験はいつ始まった？
2282	腎臓の主な機能はなんですか？
2283	愛は日本古来から存在する概念？
2284	染色体説はいつ誕生した
2285	『機動戦士ガンダムSEED』の放送はいつ始まった？
2286	柳田理科雄の出身はどこ
2287	『セーラームーン』は「魔法少女もの」のジャンルに入りますか？
2289	グレーター・ロンドンの総面積は
2290	ゲイリー・バーロウはいつ生まれた？
2291	ジョージ・ヘンリー・トーマスの出身はどこ
2292	慕容 恪はいつ生まれた？
2294	ニュージャージー州の州都はどこですか？
2295	ネルソン・アンジェロ・タムスマ・ピケ・ソウト・マイオールはどこで生まれた？
2298	阪急ホールディングスと宝塚歌劇団の創始者は同じ？
2299	橋口隆志のデビュー作は何
2300	斎藤 一の出身はどこ
2301	マルコム・X の出身はどこ
2302	武田信玄の出身はどこ
2303	ジョージ・シアーズ・グリーンはいつ生まれた？
2304	マドリードの紋章はどのようなデザインですか？
2305	長谷川裕一のデビュー作は何
2306	五胡十六国時代は、何年から何年までですか？
2307	ブリストル・テンプル・ミーズ駅が建設されたのはいつ
2309	大相撲には何段階、位がありますか？
2310	ドイツでは共産主義者が弾圧されたことはある？
2311	ニミッツ級航空母艦はいくつ生産された？
2314	『ゲルニカ』は描かれた直後から高い評価を受けましたか？
2315	日本海軍ができたのはいつですか？
2316	パキスタンに政教分離はある？
2319	ハンガリー王国の初代国王はだれ
2321	ジョン・ベル・フッドの最終階位は何？
2322	ケビン・モーリス・ガーネットはどこで生まれた？
2323	『空手バカ一代』の主人公の実在のモデルは誰
2325	何故西暦が世界の標準になった
2326	ラジウムは発がん性物質？
2327	ＪＦケネディーの暗殺の犯人は逮捕されましたか？
2328	リチャード・"ディック"・ターピンはいつ生まれた？
2329	北陸線列車雪崩直撃事故時、列車に乗員は何人いた？
2330	Valve Corporationはいつ設立した？
2331	『ライフ・オブ・ブライアン』の監督は誰
2332	バングラデシュの首都はどこ
2333	藤原 頼通に子どもはいつ？
2335	第一回スーパーボウルで優勝したチームは何
2336	野生のコアラは主に何を食べる？
2337	漫画『ファイブスター物語』のモーターヘッド の大きさは？
2341	ベラルーシ共和国の公用語は何？
2342	イスパノ・スイザ社は兵器清蔵会社？
2343	ガブリエレ・ミュンターの出身はどこ？
2344	柔道は日本が発祥地ですか？
2345	ルノー D2はいくつ生産された？
2346	池原ダム建設時に地元住民からの反対はあった？
2347	ムスリム教徒にとって新約聖書も経典になる？
2348	デジタルカメラはいつから販売開始した？
2349	ニュージャージー州の州都はどこ？
2350	ガスパールとは犬のキャラクターですか？
2351	ソ連はいつ崩壊しましたか？
2352	潮汐力とはなんですか？
2353	ウサマ・ビン・ラディンはどのように殺された？
2354	牛久保城は現存する？
2356	エル・タヒンを建設した民族は何？
2357	生物多様性の概念が提唱され始めたのはいつから
2360	フランクリン・ルーズベルトはいつ死去した
2364	ジェヴォーダンの獣は人間を食べた？
2366	キャディラックを販売しているのは、どの会社ですか？
2367	『マディソン郡の橋』は実話に基づいた話？
2368	さいたま市大宮公園サッカー場を本拠地にするJ-リーグチームはある？
2369	南海電気鉄道の創始者は誰？
2370	マレーシア航空17便撃墜事件で何人が乗っていた
2371	日本に国勢調査はありますか？
2372	シケリア戦争の記録は文献に残っている？
2374	ヤン・ギィユーが生まれたのはいつ
2375	カリフォルニア州のヒスパニック系の割合は何割ですか？
2376	世界で最も長い海中トンネルは何？
2377	朝鮮半島にキリスト教が伝来したのはいつ
2378	キリスト教はどこで発生した？
2379	フロイトが生まれたのはいつ？
2380	インディアンがアメリカに到達したのはいつ？
2381	野村沙知代の配偶者はだれですか？
2382	シンボリックスはいつ設立した
2383	『超時空要塞マクロス』の脚本担当は誰？
2385	フランス革命後、フランスの貴族はフランス国内にとどまりましたか？
2386	テキサス・レンジャーズはいつ設立された？
2388	上野動物園が開園したのはいつ
2389	『プライベート・ライアン』の監督は誰
2390	夏目漱石の誕生日は？
2391	リヴォニア戦争が起きたきっかけは何
2392	『ポケットモンスター』は海外でも放映されていますか？
2394	アーサー王物語の作者は？
2395	日本で医学部は何年間？
2396	シドニーとダーウィンは鉄道でつながっている？
2397	横浜に赤レンガ倉庫が建てられた目的は何？
2399	リンカーンを殺害したのは誰？
2401	『ダウントン・アビー』の舞台となったロケーション場所はどこですか？
2404	多板綱で最大の種は何
2406	スキーでジャンプして飛距離を競う競技の名前は何？
2408	未成年の犯罪者は、氏名を公開されますか？
2409	米英戦争が起きたきっかけは何？
2410	社団法人 ドイツ戦争墓地維持国民同盟はいつ設立された
2411	人類が火を使うようになったのはいつ
2412	ジョン・リンゼイはいつニューヨーク市長に選出された？
2413	濱田 益嗣はいつ生まれた？
2416	森山 欽司はいつ生まれた
2417	ブーメランは武器？
2418	日本で児童ポルノ所持は犯罪か？
2419	添田 豪はいつプロデビューした？
2420	アムール川の全長は？
2421	ロゼッタ・ストーンはどこに保管されていますか？
2422	小説『ユリシーズ』の主人公の名前は何
2423	カントリー・ミュージックの起源はいつ
2425	トマス・マッキーンの出身はどこ
2426	『コミックボンボン』の出版社は何
2427	ピュタゴラスは数学者だった？
2428	横山光輝の出身はどこ
2429	尾瀬にダムはある？
2430	エドマンド殉教王は何歳で王になった？
2431	『Seraphic Blue』はＲＰＧゲーム？
2432	アインシュタイン方程式とはなんですか？
2433	アイテム課金が初めて導入されたゲームは何？
2435	コカインは興奮作用がある？
2437	コリントスは人物ですか？
2438	名鉄1000系電車の大きさは？
2439	『マジカルシェフ少女しずる』のジャンルは何？
2440	人形浄瑠璃の起源はいつ
2441	インドにイスラム教が伝播したのはいつ？
2442	東大寺法華堂はいつ建設された？
2443	国際ボクシング連盟の初代会長は誰
2444	2012年夏季オリンピックはどこで開かれた？
2446	上杉 憲政はいつ生まれた？
2447	国際稲研究所はどこにある？
2448	タンパク質が食物から摂取できますか？
2449	ロバート・E・リーの出身はどこ
2450	ポセイドーンに妻はいる？
2451	バンク・オブ・アメリカの創業者は誰？
2453	サー・ロバート・レスリー・クレイギーは、どこで生まれましたか？
2454	太陽系外惑星とはなんですか？
2455	甲冑の発祥はどこ？
2456	アベノミクスはいつ施行された？
2457	ジャック・ルネ・シラクは何年に首相になりましたか？
2458	スイスはEUに参加している？
2459	秋本治の出身は？
2460	ビーレフェルトの面積は？
2461	日本人で初めて宇宙に行ったのは誰
2462	デング熱には何種類ある？
2463	チャールズ・バベッジはいつ生まれた？
2464	フランスのフェミニズムの先駆者は誰？
2465	バート・ヘルスフェルトの面積は？
2466	アウンサンスーチーの夫の職業は？
2467	ベドルジハ・スメタナに影響を与えた音楽家は誰？
2468	ギュスターヴ・シャルパンティエの出身はどこ
2471	日本で自衛隊はいつ設置された？
2473	『リトル・ミス・サンシャイン』の祖父役を演じたのは誰
2474	ウィリアム・ジャスタス・ゴーベルの所属政党は何
2476	ジョージ・ブリントン・マクレランの出身州はどこ？
2477	チャールズ・ピート・コンラッド・ジュニアの出身はどこ
2478	ABCのテレビシリーズ『LOST』の監督は誰
2479	社会主義と共産主義の違いは何？
2480	ベネディクト・アーノルド5世はいつ死去した？
2483	井上雅雄は何をしている人？
2484	東洋工業はいつ設立した？
2485	大和侍レッズの本拠地は？
2488	田中宏の『莫逆家族』の主人公の職業は？
2489	予備自衛官は他の職に就くことができる？
2490	ATACSで安全性は向上する？
2491	サラエヴォ包囲における死者の数は？
2493	フラウケ・ペトリーはいつ生まれた
2495	モーツァルトの未完成作品はある？
2496	痙攣は癲癇の一種ですか？
2498	攘夷思想の提唱者は誰
2499	JVCケンウッドはいつ設立した？
2501	レフ・トルストイの「戦争と平和」の舞台となる時代はいつ
2503	マブチモーターの事業は何
2504	八幡神は神道の神？
2505	カリブ海の広さは？
2509	ラッコの平均的な大きさは？
2510	ミオパチーの名称の由来は何？
2511	新潮文庫はいつ創業した？
2512	グイン・サーガはどこを舞台にした作品？
2513	五大湖地域の湖は冬になると氷る？
2514	ブライアン・ハロルド・メイの出身はどこ
2515	カナダオンタリオ州の州都はどこ
2517	高麗人参は、高麗に由来していますか？
2518	ポール・エドワード・パットンは何年に生まれましたか？
2520	カール・ラーションはいつ生まれた？
2521	牧 幹夫はいつ生まれた
2522	エスペルカンプの面積は何？
2524	アメリカ英語とイギリス英語は異なりますか？
2526	ポール・マッカートニーの父親の職業は？
2528	玉木宏が初めて主演を務めたドラマは何
2530	マグネット・スクールは日本にも存在する？
2531	孤独死という言葉はいつ誕生した？
2532	世界初の家庭用ゲーム機は何？
2533	モノクローナル抗体はいつ開発？
2534	既読スルーという言葉はインスタントメッセンジャーのＬＩＮＥにのみ使用されるか？
2538	アル・ゴアは、2018年までに大統領になったことがありますか？
2539	将棋とチェスの起源は同じ？
2540	アメリカスカップが初めて行われたのはいつ
2541	栃木県の県庁所在地はどこですか？
2543	シク教の教祖は誰
2544	北海道の県庁所在地は何
2545	モーツァルトの死因は何
2547	ベトナムが独立したのはいつ
2548	西ゴート王国はいつ起きた？
2550	延宝年間とは西暦何年から何年までをいいますか？
2551	ワジリスタン紛争はいつ起きた？
2552	日本で初めて競馬が行われたのはいつ
2553	ハーモニーとはなんですか？
2555	クリミア半島に最初に到達した人類は何
2556	スポーツカーのタイヤにグルーブはある？
2557	地球外で生物が観測されたことはある？
2558	ダーツの起源はいつ
2559	岡山県の首都はどこ
2560	アントン・ブルックナーの最後の曲は何？
2562	エイベックスグループはいつ設立した
2563	ゲーテの出身は？
2566	テムノドントサウルスは肉食？
2567	ジャック・ニコルソンは映画で主演を務めたことはある？
2568	太平洋は世界で一番大きい海ですか？
2569	バレエの発祥はどこ？
2570	シンシナティで一番高い建造物は何
2571	分類学の対象は生物？
2572	ハインツ・ヴィルヘルム・グデーリアンはいつ生まれた？
2573	プラレールを販売する会社はどこ
2574	プロテスタントの生みの親は誰？
2575	カスピ海の広さは？
2577	近畿日本鉄道の創始者は誰
2578	『週刊ヤングジャンプ』の出版社は何
2579	国際法解説書に国際法という新しい訳語を付けたのは誰？
2580	宇宙から初めて生還した動物は何？
2581	ロバート・マリオン・ラフォレット・シニアの出身はどこ？
2583	ポカホンタスはいつ生まれた？
2584	気球を発明したのは誰
2585	タイムトラベルは現実世界で可能ですか？
2586	パオロ・ヴェロネーゼはいつ生まれた？
2587	大主教ニコライはいつ生まれた
2588	ミュージカル、ピーター・パンが初めて公演されたのはいつ
2589	仏教の起源はいつ
2590	ドロップボックスの創始者は誰？
2591	ドミトリー・プロホロフの大学の専門は？
2593	ウォレス・グレン・ウィルキンソンの政党は何
2594	偏向報道を規制するための法律はある？
2595	レディー・ガガのセクシュアリティは何？
2596	プロイシシュ・オルデンドルフの面積は
2597	モンテネグロはヨーロッパの国？
2598	シュテムヴェーデの面積は？
2599	交響曲とはなんですか？
2600	ヘルフォルト郡の面積は
2602	リヒャルト・シュトラウスは何年に生まれましたか？
2603	アメリカ合衆国ウィスコンシン州の最大宗教は何？
2605	日本男子のＦＩＦＡ最高ランクは何位
2606	ジョン・エルテール・デュポンが殺害したのは誰
2607	教育バウチャーは日本で導入された？
2608	オーストリアの首都はどこ？
2609	ヨーロッパにはいくつの国がある？
2610	スカイラブは地球に落下した？
2611	ボーイスカウトアメリカ連盟の創設者は誰
2613	映画に音声が付き始めたのはいつから
2614	ドワイト・D・"アイク"・アイゼンハワーの出身はどこ
2615	フランシスコ会を設立したのは誰？
2616	登山者は登山をする際に、登録する義務がありますか？
2617	高等学校必履修科目未履修問題はいつ判明した？
2618	ピカチューをデザインしたのは誰？
2619	小説『ユリシーズ』のジャンルは何
2620	長嶋茂雄の出身はどこ
2621	バハマはいつ建国した？
2623	アルベルト・アインシュタインはどこで生まれましたか？
2624	３Ｄプリンターが初めて販売されたのはいつ
2625	ヴィリー・ヘニッヒはどこで生まれた？
2626	ジョージ・ヘンリー・トーマスは何歳で死去した
2628	チャールズ・バベッジの出身大学はどこ
2630	公衆電話はいつから設置が始まった？
2631	スピンオフ作品とはどのような作品を言いますか？
2632	織田信長には黒人の家臣がいましたか？
2633	ブルース・ブラザーズが結成されたのはいつ
2634	日本にプロレスが伝わったのはいつ？
2636	アメリカ合衆国が設立されはのはいつ？
2637	海底ケーブルとはなんですか？
2638	北朝鮮は核保有国ですか？
2639	顕微鏡はいつ開発された
2641	西武バス株式会社はいつ設立した
2643	メキシコを最初に植民地支配した国はどこ
2644	ハーフマラソンとは何キロメートルですか？
2646	学位は論文の作成無しでも授与できる？
2647	５円玉の素材は何？
2648	アンセル・アダムスの職業は何だった？
2649	電子レンジを開発したのは誰？
2651	リコールをうけたカローラ車はありますか？
2652	サカナクションのボーカルは誰？
2653	エンケラドゥスに水はある？
2654	孫権の父親はだれ
2655	「スピリット・オブ・セントルイス」の設計者は誰？
2656	日本で警察犬が導入されたのはいつ
2657	トレバー・フィリップスの性格はどのようなものですか？
2658	カルパインはいつ発見された？
2662	ムハンマド・ビン・ラーシド・アール・マクトゥームの父親の名前は？
2664	“ピング”セオドア・スターク・ウィルキンソンの出身はどこ
2665	第12回スーパーボウルのＭＶＰは誰
2666	下久保ダムで発電はされる？
2667	静電気を発見したのは誰
2668	ジェンダーと性別の違いは何
2669	馬場民雄のデビュー作は何？
2670	クロアジモドキの生体の大きさは？
2672	日本で朝廷が誕生したのはいつ
2673	デン・ハーグはどこにありますか？
2674	日本最古の競馬場は何
2675	エジプト新王国が続いた期間は？
2679	アンブローズ・エバレット・バーンサイドの出身はどこ
2680	ブータンの公用語は何？
2682	Mリーグ は日本のリーグ？
2684	日本で初めて快速急行を導入した鉄道はどこ？
2685	日本で眼鏡の生産が始まったのはいつ
2686	Play　Station Portableが最初に発売されたのはいつ？
2687	クラミジアは性病の元？
2688	ハンガリーはいつ建国した？
2689	フェロー諸島にはいくつ島がありますか？
2690	コミンテルンはいつ結成した？
2691	王立絵画彫刻アカデミーの創始者は誰？
2693	神智学の対象はキリスト教？
2694	日本で未成年に死刑が執行されたことはある？
2695	武満 徹はいつ生まれた
2696	女神ウェスタに夫はいる？
2698	『ベルサイユのばら』の舞台の国は？
2699	マリオ・ルミューが初めて所属したプロチームは何
2700	アメリカが初めてロケットの打ち上げに成功したのはいつ
2702	ベリー・ゴーディー・ジュニアの人種は何？
2703	椎名林檎が東京事変を結成したのはいつ？
2704	鉄道の運転手になるには資格が必要ですか？
2706	アポン・タインはどこにある？
2707	朝比奈 隆はいう生まれた？
2709	セスナ社はどこの国の会社ですか？
2710	テュレンヌはいつ生まれた？
2712	「ジオマンシー」とは何語？
2715	ムハンマド・サイード・カーズィム・アッ＝サッハーフはいつ生まれた
2716	人類がお酒を飲み始めたのはいつ頃
2717	クリミア半島の領土はどこの国に属する？
2718	ゾルピデムに依存性はある？
2720	チェコスロバキア解体はいつ起きた？
2721	日本で初めて新幹線が運航したのはいつ
2722	麻雀の起源はいつ？
2723	日月神示が書かれたのはいつ
2724	八王の乱とは何ですか？
2725	田中芳樹の処女作は何？
2726	サブカルチャーとはなんですか？
2727	オハイオ大学は州立大学ですか？
2728	相対性理論を作ったのは誰ですか？
2729	ライザ・ミネリの母親は誰ですか？
2730	メアリー・フェアファックス・サマヴィルはいつ生まれた
2731	最古のCPUは何？
2732	スイス式トーナメントの起源はいつ
2734	柳生十兵衛とは実在した人物ですか？
2735	北条 義時に妻はいた？
2736	「International Committee on Taxonomy of Viruses」はいつ設立された？
2737	ふぐの毒は人を死に至らしめることがありますか？
2738	ジョン・テイラーの学部時代の専攻は何
2739	戦車に装甲はついている？
2740	シーキングザパールがNHKマイルカップで勝った際の騎手は誰？
2741	アルフ・フォン・ムト・ハイムはいつ生まれた
2742	アメリカ合衆国フロリダ州の面積は
2744	『機動戦士ガンダム』の舞台は未来？
2745	ボスニア・ヘルツェゴビナ紛争はいつ開始した？
2746	アメリカ合衆国の国歌の名前は？
2748	腫瘍溶解性ウイルスは癌治療に導入された？
2750	メキシコに初めて到達したヨーロッパ人は誰？
2752	オウムは何種類ありますか？
2753	トルクメニスタンの主要産業は何
2754	イスラム教は新約聖書も取り入れているのか？
2756	ジャンヌ・ド・フランドルが生まれたのはいつ
2757	サーフィンの発祥はどこ
2758	レイ・ハリーハウゼンはいつ生まれた
2759	ライトノベル『フルメタル・パニック!』の出版社はどこ
2760	ベルトルト・コンラート・ヘルマン・アルベルト・シュペーアはナチス・ドイツ？
2761	エットーレ・マヨラナの出身はどこ
2762	ポデモス結成当初の党首は誰？
2763	アルバニアの初代大統領は誰？
2764	使用者は残業を労働者に強要する権利があるか？
2765	根本 陸夫の現役時代のポジションは？
2766	宏池会は保守派？
2767	ゴールデンアイルズで一番大きい島は？
2769	南海鉄道は何年に創業しましたか？
2770	『クライシス・オン・インフィニット・アース』の物語の舞台となる世界は何？
2771	ルイ17世は何歳で王太子となった？
2772	ミャンマーはいつ建国した
2773	冷戦が終わったのはいつ
2774	楽天イーグルズの野球場の名前はなんですか？
2775	ユーラシア大陸とは世界で一番大きい大陸ですか？
2776	永野 護はいつ生まれた？
2777	オーソン・ウェルズ監督の出身はどこ
2778	久保田藩はどこにあった藩ですか？
2779	アラゴン王フェルナンド2世はいつ生まれた？
2782	おもちゃ会社タカラの創始者は誰？
2783	インドネシアの首都はどこですか？
2784	日本で初めて運用された夜行バスは何
2786	岐阜県の県庁所在地は？
2787	ミャンマー連邦共和国の首都はどこ？
2788	小脳の役割は何？
2789	小説『カラフル』はいつ出版された？
2794	ファーストパーソン・シューターのゲームには３D機能があるものがありますか？
2795	横山光輝の出身はどこ？
2797	セオドア・ジョン・カジンスキーは個人のテロリスト？
2798	ウォルター・サヴェージ・ランダーの出身はどこ
2799	亀田興毅は何階級制覇した？
2800	アルツハイマー型認知症は全て後天的？
2801	『白氏文集』が日本に伝わって来たのはいつ
2803	カール・セーガンはいつ生まれた
2804	ウィキペディアはいつ開設された？
2806	リッチー・ブラックモアはいつ生まれた？
2808	ドラえもんとは、猫のキャラクターですか？
2809	寛政の改革の主導者は誰？
2810	イギリスはいくつの島から構成されている？
2811	大銀杏とは髪型の名前か？
2812	ガス式のライターはある？
2815	フィレンツェはどこの国にある？
2816	モーリス・ユトリロはいつ生まれた？
2817	ジョージ・ヒューム・ステュアートの農園に奴隷労働はあった？
2819	朝日放送ラジオはAM？
2820	ジェイムズ・ゴードン・ブラウンはいつ生まれた？
2821	戸田 忠太夫はいつ生まれた？
2822	マールボロ の販売が始まったのはいつ
2823	バットマンはマーベル・コミックのキャラクターですか？
2824	国鉄労働組合は何年にできましたか？
2825	フランクリン・ルーズベルトの最大の功績は何
2826	ジブチ・エチオピア鉄道 はいつ建設された？
2827	サンフランシスコ動物園はいつ開園した？
2829	アポロ16号に乗っていたのは何名の宇宙飛行士ですか？
2830	片山まさゆきの処女作は何
2831	ターハー・ヤースィーン・ラマダーン・アッ＝ジズラーウィーは死んだ？
2834	ドーズ法でインディアンの土地所有は認められた？
2835	極真空手の創始者はだれ
2836	カール・デーニッツはいつ死去した？
2837	『岩窟の聖母』に描かれているのは、マリアとジーザスだけですか？
2838	ジャコモ・プッチーニの出身はどこ
2839	京王電鉄の創始者はだれ
2840	カルタヘナ・デ・インディアスはどこにある？
2841	韓国語では漢字を使う？
2843	伊藤忠商事の創業者は誰ですか？
2844	日本の妖怪とはなんですか？
2846	大蔵省はいつ設置された
2847	広島市民球場が設立されたのはいつ？
2849	アトラスはゲーム会社？
2851	日本初の金融会社は何？
2852	インカ帝国の公用語はなんでしたか？
2853	キタサンブラックはいつ誕生した？
2854	司馬 懿はいつ生まれた？
2856	日本の貨幣を印刷するのはどこですか？
2858	アクアリウムの水槽の素材は何ですか？
2861	スウェーデン王国の現在の国王は誰ですか？
2862	『くろアゲハ』の主人公の名前は？
2863	DEC Alphaを販売した会社の名前は？
2864	鈴木明子の出身はどこ？
2865	ホーチミンはいつ死去した
2866	日本、国立音楽大学はどこにある？
2868	コアラに遺伝子学上一番類似している動物は何？
2870	那須川 天心がプロに転向したのはいつ
2872	プロコピオス・アンテミウスはいつ生まれた？
2873	温暖期が続く時代はありますか？
2874	エッチングとはどのような技法ですか？
2875	カール・フリードリヒ・ベンツの出身はどこ？
2876	サー・フランク・ウィリアム・ブラングィンはいつ生まれた？
2877	ケーニヒスシュトゥールが生まれたのはいつ
2878	日本国憲法はＧＨＱの指導の元作られた？
2879	NFLにはいくつチームがある
2880	五円玉は何でできている？
2881	ムルマンスクとはどこにありますか？
2882	記録された中で最大のマーレーコッドのサイズは？
2883	ロシア皇帝の軍隊は白軍と呼ばれましたが、革命政府の軍隊は何色で例えられましたか？
2884	スペイン継承戦争が続いた期間は？
2885	剥製 / 剝製で使われる損充材はなんですか？
2886	フランソワ・ジャコブの出身はどこ？
2888	薩摩藩が形成されたのはいつ？
2889	初代 ワイオミングの初代船長は誰？
2890	第四次英蘭戦争が続いた期間は？
2891	三原順の処女作は何
2894	ソビエト連邦が初めてロケットの打ち上げに成功したのはいつ？
2896	ジョージ・ウェスティングハウス・ジュニアはいつ生まれた？
2897	ミフェプリストン が開発されたのはいつ
2899	太陽系の衛星で一番大きいのは何
2900	ユーラシア大陸の大きさは？
2902	ジョン・ダンカン・バルクリーはいつ生まれた？
2903	パメラ・コールマン・スミスの出身はどこ
2904	日本で最古の温泉旅館はどこですか？
2906	東ティモールで一番最初の大統領は誰？
2907	帝国南極横断探検隊で生還したのは何名ですか？
2910	密陽女子中学生集団性暴行事件の被害者は何人いた？
2911	社会主義は宗教を否定しない？
2912	ジョージ・F・ケナンの出身大学はどこ？
2913	仮面ライダーはもともと漫画作品？
2915	孔子の職業は何？
2916	ティモシー・トレッドウェルを食べた熊は何？
2918	エルヴィン・シュルホフはいつ生まれた？
2919	ドキュメンタリー番組とは何ですか？
2921	中華人民共和国の政治体制は何とよばれますか？
2922	世界で初めて作られた暗号表は何ですか？
2925	サー・アーサー・スタンレー・エディントンはいつ生まれた
2926	ガダルカナル島の面積は？
2927	意識を司るのは脳？
2928	ルノーの創始者は誰？
2929	人体にはいくつDNAが存在する？
2930	世界最大のダムは何？
2931	要塞は何のためにありますか？
2933	傷病手当金の最長受給期間は？
2934	ウクライナの初代大統領は誰
2939	近畿日本鉄道が開通したのはいつ
2940	北川 民次はいつ生まれた？
2941	エマニュエル・カントはいつ死去した
2942	長野電鉄2000系電車の動力源は？
2944	長州征討を指揮したのは誰？
2945	リパンティトランの戦いによる戦死者の数は？
2946	モールス信号は誰が考案した？
2949	エルネスト・ゲバラとカストロが初めてあったのはいつ？
2950	アラビア語はいつ誕生した？
2953	ボツワナ共和国の首都はどこ
2955	漢字が伝来するから日本に文字は存在した？
2956	マヨルカ島の面積は
2957	高倉天皇は何歳で天皇に即位した
2958	日米安全保障条約はどのような条約ですか？
2960	水上機を開発したのは何年ですか？
2961	トム・ハンクス出演の『プリティ・リーグ』で描かれた女子プロ野球リーグはフィクションですか？
2962	北アイルランドの面積は？
2963	ジュリアン・モートン・キャロルはいつ生まれた？
2965	ポンペイ島の大きさは？
2966	スペインにはプロのサッカーリーグがありますか？
2967	遣唐使が送られたのはいつ
2968	人間中心主義は西欧の概念？
2969	阪急550形電車の大きさは？
2970	オスカー・ザリスキの所属した大学は？
2972	イラショナル・ゲームズはいつ設立した？
2973	辞書の起源はいつ
2976	ギリシア神話でゼウスは他の動物に化けた？
2977	マヌエル・アリスティデス・ラミレス・オネルシーダの守備位置は？
2978	香港が返還されたのはいつ
2979	人類はいつ農業を始めた
2980	リッチモンド・ピーターズバーグ方面作戦は実行された？
2982	尺八の原材料はなんですか？
2983	マオリ族の伝統的な踊りの名前は？
2984	ドイツはＦＩＦＡ、サッカーワールドカップで優勝したことは　ある？
2985	スターリングにお城はある？
2988	グレートブリテン王国とはどの王国を指しますか？
2989	立川飛行機は戦闘機の開発をしていた？
2991	インディアンの名前の由来は？
2992	アメリカ合衆国に初めて到達した西欧人は誰？
2993	チンギス・ハンはいつ死去した
2994	アメリカに西欧人が到達したのはいつ
2995	ミシシッピ文化期はいつ始まった？
2996	ISUグランプリシリーズ第一線はいつ始まった？
2997	ゆずが結成されたのはいつ
2998	アヘンの発祥はどこ？
2999	ダムが初めて作られたのはどの国ですか？
3002	ジョヴァンニ・ファットーリはいつ生まれた
3003	全身麻酔による悪性高熱症の発症率は？
3005	マヤ文明では言葉は使われていましたか？
3006	アムネスティ・インターナショナルの本部はどこにある？
3007	渡辺 美智雄はいつ生まれた？
3008	黄金山神社に祀られている神は何？
3009	北朝鮮発の最高指導者は誰
3011	バーミンガム・ダービーが初めて行われたのはいつ
3012	スレイマン１世の出身はどこ？
3013	ニール・オールデン・アームストロングの出身はどこ？
3014	ジャック・アレヴィの出身はどこ
3015	海馬がなくても記憶はできる？
3016	ゲームセンターCXの放送はいつ始まった？
3017	三島食品はいつ設立した？
3018	ジョン・シドニー・マケイン・シニアの出身はどこ
3019	ノース・ウイスト島の人口は？
3020	孔子はどこで生まれましたか？
3021	第二次世界大戦中日本の統治下の徴用工には賃金が支払われていましたか？
3022	キンティンスヒル鉄道事故は人身事故か？
3024	宮崎龍介はどこの出身？
3025	マイクロキャビンの本社はどこにある？
3026	東日本旅客鉄道はＪＲ東日本のこと？
3027	リトアニアはいつ建国した？
3028	バウンティ号の反乱当時のバウンティ号の乗組員の数は？
3029	ウラジミール・プーチンが最初に大統領になったのはいつ
3030	イニーアス・ライオネル・アクトン・マッキントッシュは南極に到達した？
3031	トラファルガー戦役は成功した？
3032	ジョン・F・ケネディはいつ暗殺された？
3033	パンク・ロックの生みの親は誰
3034	スプートニク・ショックとは何ですか？
3035	平維盛は平清盛と血縁にある？
3037	世界で最古の戦争映画は何
3038	クネイトラを破壊したのは誰？
3039	ウスターの大聖堂はいつ建設された？
3040	広島に原発が落ちたのはいつ
3042	「300ページのiPhone請求書」が公開されたのはいつ
3043	トラジャ族には、特有の言語がありますか？
3045	初期の太陽の光度が現在の 70%しかなかった場合、地球上の水は全て氷っていたか？
3046	サー・ジョン・ゴスはいつ生まれた？
3047	Ｘ－ｒａｙを発明したのは誰
3048	ベリャーエフ・サークルはいつまで存在した？
3049	社会人野球に全国大会はある？
3050	ミゲル・アンヘル・ロティーナ・オレチェバリアの出身はどこ？
3051	研修医は医師免許を持たない？
3052	ダン・シモンズの処女作は何
3054	野球漫画「タッチ」の作者はだれ
3055	コペルニクス的転回という言葉を作ったのは誰？
3056	日本電気の創設念はいつ
3057	カドミウムを発見したのは誰
3058	冷戦時代日本は西・東どちらの陣営に属した？
3059	ケルケナ諸島の大きさは？
3060	松野 明美が現役時代所属した実業団は？
3061	徳川 光圀はどこで生まれましたか？
3062	バイオリンは、どの国発祥の楽器ですか？
3063	イリノイ州の州都はどこですか？
3064	リュウトカゲ の大きさは？
3066	シェイクスピアの最期の作品は何？
3068	一妻多夫性制のことは英語で何という？
3071	ジークフリート線の全長は？
3072	東京都青少年の健全な育成に関する条例はいつできましたか？
3074	アンフェタミンの使用は日本で合法？
3075	ダラス・カウボーイズの初代監督は誰
3077	トマス・マシューズの出身はどこ
3078	ペンシルベニア州フィラデルフィアには、地下鉄がありますか？
3079	中国の陶磁器が海外に輸出されるようになったのはいつから？
3081	アメリカンフットボールのクォーターバックとはどのようなポジションですか？
3082	ベネディクト会はいつ誕生した？
3083	ベンゾジアゼピンは睡眠薬として使われる？
3087	野沢雅子はドラゴンボールの孫悟空の声も担当していますか？
3088	日本で最大の証券会社は何
3090	エキソソーム複合体は人体に存在する？
3091	フットボール・クラブ・バルセロナが設立されたのはいつ
3092	ミトコンドリアは全ての生物に存在する？
3094	オハイオ川の全長は？
3095	ニュージーランドに初めて到達した人類は何？
3096	ドイツ・バイエルン州の州都は何？
3097	太陽誘電の本社はどこにある？
3099	ネバダ州最大の都市は何
3100	ニューヨーク州の州都はどこ？
3102	アメリカン・エキスプレスの創始者は誰？
3104	Ｆ１に レース旗は使用される？
3106	エヴェリーナ・「エヴァ」・パーマー＝シケリアノスは何年に生まれましたか？
3107	重要文化財の選定は誰が行いますか？
3108	利根川東遷事業はいつ始まった？
3109	アブラハムの宗教で一番信者の多い宗教は何？
3112	アイザック・アシモフの出身はどこ
3113	日本でもワインの生産は行われていますか？
3114	フィクサーとは何をする人ですか？
3115	朝鮮文学 で現存する最古のものは何
3116	初代、ローマ教皇は誰ですか？
3118	南海電鉄の創立はいつですか？
3120	明治憲法はいつ制定された
3122	号外にされるニュースの関心度の高さを判断するのは各新聞社か？
3123	潜伏キリシタンは、幕府にばれるとどの様な罰を受けましたか？
3124	ルイス・キャロルは数学者だった？
3126	ハドソン湾会社はいつ設立された？
3127	β-グルカンは最初何から発見された？
3128	聖書に著作権はある？
3129	エリアナ・パヴロワの出身はどこ
3131	南スーダン共和国の国旗には何が描かれている
3132	オンタリオ湖の広さは？
3133	強迫性障害は精神疾患？
3134	時代劇『水戸黄門』はいつ放送がスタートした？
3135	『ACE COMBAT 5 THE UNSUNG WAR』でプレイヤー同士の対戦はできる？
3136	J・R・R・トールキンの出身は？
3137	マルティン・ルターはローマ・カトリック教会の汚職を指摘した？
3138	焼き鳥のたれのベースは何？
3140	アーヤトッラー・ルーホッラー・ホメイニーはどこで生まれましたか？
3142	フィリップモリスの本社はどこにある
3143	バプテスト教会の発祥はどこ
3144	フランスが初めてロケットの打ち上げに成功したのはいつ
3145	星野之宣のデビュー作は何
3146	リチャード・"ディック"・ターピンの身長は？
3147	グレートブリテン島で最大の山は何
3149	ナチズムは現在も存在していますか？
3150	ソルトン湖の面積は？
3151	海馬の役割は何
3152	近江天保一揆を指揮したのは誰？
3153	フュージョン音楽の起源はいつ
3154	ギリシア神話の最高神は何？
3155	人類はいつから数学を始めた
3156	男女両方の性器を持つ人は 性分化疾患？
3157	『メイベリー110番』の主演俳優は誰？
3158	ムハンマド・ビン・ラーシド・アール・マクトゥームの出身階級は何
3160	アイルランド神話は神が複数いる？
3162	『宇宙海賊キャプテンハーロック』は漫画作品？
3163	ポタラ宮殿はどこにある？
3164	武双山 正士はいつ生まれた？
3166	オデュッセウスは人間？
3167	リューゲン島プローラに人は住む？
3168	人工ダイヤモンドは炭素でできている？
3170	GNU Wgetが開発されたのはいつ
3171	カールマルクスが『共産党宣言』を発表したのはいつ
3173	ケベック州の公用語は何？
3174	『ザ・シンプソンズ』はコメディーアニメ？
3175	ウクライナ語とロシア語はアルファベットが異なりますか？
3176	薩摩藩示現流とは柔術ですか？
3177	プブリウス・コルネリウス・スキピオ・アフリカヌス・マイヨルの出身はどこ
3178	東北楽天ゴールデンイーグルスの初代監督は誰？
3180	シケリアのセリヌスとはどこにありますか？
3182	スキピオニクスの大きさは？
3183	民社党の初代党首は誰？
3184	.38 スミス&ウエッソンスペシャルの大きさは？
3186	シュール・ド・ラ・サールは何歳で探検を始めた？
3187	ガイウス・マリウスが死去したのはいつ
3188	自由アチェ運動の設立者は誰？
3189	アンラジェは女性も参加した？
3190	石本 秀一が最後に監督したプロ野球球団はどこ？
3191	『ウィザードリィ』を開発したのは誰
3192	ウォーリーを探せはゲームブック？
3194	ジョン・ハンターはいつ生まれた？
3195	月と地球の距離は？
3196	ザ・ボルケーノは活火山？
3197	姉小路公知はいつ生まれた？
3198	大韓民国と北朝鮮の言語は同じですか？
3199	オーガスタス・エバレット・ウィルソンはどこで生まれた？
3202	サウスカロライナ州の州都はどこ
3204	こちら葛飾区亀有公園前派出所の連載はいつ始まった？
3205	テキサス独立戦争はいつ終わった？
3206	電車はいつ誕生した？
3207	インド論理学の起源はいつ？
3208	インターネットが一般に普及したのはいつ？
3209	ノースカロライナ州の州都はどこ
3210	アーネスト・ジョゼフ・キングはいつ生まれた？
3211	エドワード・オズボーン・ウィルソンは博士号を持つ？
3214	ニューヨークで最初に地下鉄が建設されたのはいつ？
3215	スウェーデン領ポメラニアの面積は？
3216	ハンゲームは日本の会社？
3217	比叡山の標高は？
3218	ヘスペロサウルス の最初の発見者は誰？
3219	ポタラ宮の大きさは？
3221	横山光輝のデビュー作は何？
3222	メンデルの法則を発見したのは誰
3224	マラビ帝国はいつ存在した
3225	エタノールとは何ですか？
3226	京都に都ができたのはいつ
3227	無機化学とは？
3229	マーティン・マクドナーの出身はどこ
3231	第二次世界大戦後にもアメリカでは名誉勲章の贈呈はされた？
3233	『バイオハザード: ザ・ファイナル』の主演は誰？
3235	スウェーデンの国家は何
3236	世界で記録された中で最大の津波は何？
3237	アタリの創業者は誰
3238	マンモス・ケーブ国立公園の総面積は？
3239	参宮急行電鉄2200系電車の車体は何色ですか？
3240	イニャキ・アスクナはいつ生まれた
3241	NASCARとはレースの名前？
3242	ドラえもんの体重は？
3243	『マジカルシェフ少女しずる』はいつ連載が開始された
3244	アメリカ大統領が乗る旅客機の名前は何ですか？
3246	太陽と地球の距離は？
3248	ウィリアム・ジョン・"ビリー"・カニンガムの現役時の主なポジションは？
3249	東芝はいつ設立された
3250	ショートショートはSF作品？
3251	ガートルード・エリザベス・マーガレット・アンスコムの出身大学は？
3252	チンギス・ハンはいつ生まれた
3254	漫画『ドラゴンボール』でヤムチャが初めて登場した回は？
3255	ソビエト連邦が崩壊したのはいつ？
3258	ケント大学はいつ設立した？
3260	ベリー・ゴーディー・ジュニアの出身地はどこ？
3261	関東連合はいつ結成した
3262	アラビア語の発祥はどこ？
3263	ヨーロッパで一番人口の多い国はどこ？
3266	覚せい剤取締法はいつ日本で制定された
3267	エジプト第22王朝が続いた期間は？
3268	ソビエト連邦はいつ崩壊しましたか？
3269	ニコンの創業はいつですか？
3270	萌えという言葉はいつ誕生した？
3272	日本で18歳から選挙権を得られるようになったのはいつから
3273	ヒトラーはいつ自殺した？
3274	南総里見八犬伝が書かれたのはいつ？
3275	ニューヨーク市地下鉄で最古の地下鉄路線は何？
3276	世界最大のサメは何
3277	ダイムラー・クライスラーの本社はどこにありますか？
3279	パワーメタル・バンド「ハロウィン」の名の由来は？
3280	ドイツ海軍はいつ設立された？
3281	日本には国教がありますか？
3283	ポリネシア人がハワイに住み始めたのはいつ頃
3284	『アメリカひじき』は何年に発表されましたか？
3286	関西学院大学にラグビー部はある？
3287	ハーマン・ケインはいつ生まれた
3288	アトラスとは地図ですか？
3289	ビュイック・リヴィエラの販売当初の価格は？
3291	楊貴氏墓誌はいつ出土した
3292	フェルナンド・モリエンテスはいつ生まれた？
3293	劉 少奇はいつ生まれた？
3294	キップス湾の上陸戦でイギリス軍を指揮したのは誰
3295	重力が見つかったのはいつ？
3296	国際連盟の本部はどこにありますか？
3297	キャノンはいつ創始した
3298	CSS/USS アトランタは現存する？
3299	ジェームス・エドワード・ケリーが最初に入団したチームは何？
3300	IKAROSは宇宙に打ち上げられた？
3301	テュレンヌは貴族出身？
3302	ゴビ砂漠の面積は？
3303	バッドアート美術館 を設立したのは誰？
3304	零式艦上戦闘機は神風特攻隊に使われた？
3305	キリスト教はいつ発生した？
3306	嘉山 孝正はいつ生まれた？
3307	モハマッド・ユスフ・カラはいつ生まれた
3308	セネガルの首都は？
3309	五胡十六国時代は何年から何年までですか？
3311	ルドルフ・A・マーカスの出身はどこ？
3312	獣医学部は何年間で卒業できる？
3313	漫画『ドラゴンボール』の孫悟空は尻尾を持つ？
3317	アヘン戦争が起きたのはいつ
3318	ティムールの征服戦争のティムールの出身はどこ
3319	日本テレビ放送網麹町分室はいつ完成した？
3320	『ワンス・アポン・ア・タイム』の放送はいつ始まった？
3321	レーネの面積は？
3322	ジンスハイムはローマ帝国の支配下にあった時代がありますか？
3323	オハイオ州立大学のキャンパスはどこにありますか？
3324	プリメーラ・ディビシオンが始まったのはいつ
3325	薄 熙来の出身はどこ
3328	カルシウム摂取は骨粗鬆症を防ぐ？
3330	Ｆ１はいつから始まった
3331	サンドラ・デイ・オコナーの父の職業は何？
3333	芸能人親族生活保護受給騒動が起きたきっかけは何？
3334	世界最古のモスクは何？
3335	朝鮮民主主義人民共和国の最高指導者は誰ですか？
3336	ニュージャージー州の州都はどこ
3337	色におけるＲＧＢとは何の略？
3340	三国時代とはいつからいつまでのことですか？
3342	ハリケーン・カトリーナにより死者は出た？
3343	ノルウェーの公用語はなんですか？
3345	地球はいつ誕生した？
3346	フェロセンはいつ発見された？
3348	セントローレンス川の源流はどこにある？
3350	フジヤマケンザンの父親は誰？
3351	鉄道友の初代会長は誰
3352	ロバート・ルイス・スティーヴンソンの処女作の名前は？
3353	バージニア会社はいつ設立した？
3355	貞操帯の発祥はどこ
3357	ジョン・ハーサニの出身はどこ
3359	ニコチンは発がん性がある？
3362	スティーブン・フラー・オースティンはいつ生まれた？
3363	フランソワ・デルクールのデビュー戦は何
3364	ランドスケープアーキテクトという職業は日本にも存在する？
3365	クアナ・パーカーはいつ生まれた
3368	イタリア・ピエモンテ州の州都はどこ？
3369	コシチュシュコの蜂起を主導したのは誰
3370	イーリアスを書いたのは誰
3371	自動車生産は日本でいつ始まった
3372	ボランティアは無給労働？
3373	地球上で最初に起きた大量絶滅イベントは何
3376	桑原 征平に孫はいる？
3377	アンドラ公国はいつ誕生した？
3378	コレラ菌は人から人に感染する？
3379	二重継承理論を研究する学問分野は何？
3380	ウィスラー・ブラッコムの面積は？
3381	家事調停とは裁判所において行われますか？
3383	ルイ13世はいつ生まれた？
3384	イアン・フレミングの出身はどこ
3385	2024年夏季オリンピックの開催地はどこ
3386	下水道の起源はいつ？
3387	ノルマン人が主に使っていた言語は何？
3388	広島のお好み焼きには焼きそばが入っていますか？
3389	『指輪物語』の作者は誰
3390	FIFAクラブワールドカップ第一回はどこで開催された
3391	違星 北斗の出身はどこ？
3392	阪急電鉄の創始者は誰？
3393	エルリングハウゼンの面積は？
3394	アット・ザ・ゲイツのボーカルは誰
3395	ペータースハーゲンは面積何㎢ですか？
3396	冷戦は何年から何年までですか？
3397	ユーゴスラビア連邦共和国の初代首相は誰
3400	アメリカン・マシン・アンド・ファウンドリーの創始者は誰？
3401	フィリピンに日本軍が入ったのはいつ
3402	『革命機ヴァルヴレイヴ』の主人公はだれですか？
3403	日本で初めてビール生産を始めたのは誰
3404	PlayStationを開発した会社は何？
3407	南満州鉄道は大日本帝国の会社でしたか？
3408	PYGが最初に発表した曲は何
3409	バスケットボールの発祥はどこ？
3410	ナーズム・ヒクメットはいつ生まれた？
3411	日本にいじめ対策法はありますか？
3412	ANSIの本部はどこにある？
3413	『新約聖書』が書かれた言語は何？
3414	月の直径は？
3416	ナヘラの戦いで勝ったのはどちら
3417	教育とは何ですか？
3418	代数的整数論はいつ発生した？
3419	サラ・ジェニングスはどこで生まれた？
3420	アメリカ合衆国の法律は州それぞれ違う？
3422	昭和金融恐慌の発端は何
3423	宏池会はいつ誕生した？
3424	アルゴリズムとはなんですか？
3425	アメリカ植民地協会はいつ設立された？
3428	１円玉の素材は何？
3429	白ワインの生産は世界でいつ始まった
3430	『月刊ドラゴンエイジ』の出版社は？
3432	テレビで、ＮＨＫは深夜番組の放送をしたことがある？
3433	楽天はＩＴ企業？
3434	マルティニ・ヘンリー銃をの重さは？
3435	理論物理学とはどのような学問ですか？
3437	ツールド・フランスが最初に開催されたのはいつ？
3438	一階述語論理とはなんですか？
3441	富士フイルムの本社はどこにある？
3442	唐はいつ興った？
3443	二松學舎大学は現存する？
3444	チンギスハンはいつ生まれた？
3446	行政管区とはなんですか？
3447	トゴン・テムル・ハーンはいつ生まれた？
3448	袁 世凱はいつ生まれた？
3449	リチャード・ケレンス・サザランドはいつ生まれた
3450	パラドックスという言葉の語源は？
3452	桑原 征平は関西テレビ引退後フリーアナウンサーになった？
3453	ターズィエは年間何日間行われますか？
3454	ジョゼフ・マリー・ド・メーストル伯爵はいつ生まれた
3455	アダム・トロイ・ダンの主な守備位置は？
3456	駅馬車はいつ誕生した？
3457	宮城県仙台市の路面電車は何年まで運行されていましたか？
3458	カルト・オブ・ザ・デッド・カウはいつ設立した
3460	スペイン・マヨルカ島の面積は何㎢ですか？
3461	衛星トリトンの大きさは？
3463	北朝鮮最初の最高指導者はだれ
3465	卑弥呼はいつ誕生した
3468	ワラキア公国を建国したのは誰
3469	Linuxの創始者は誰？
3470	公衆電話の設置はいつから始まった
3471	コルト製造会社は何年創立されましたか？
3472	長州藩の初代藩主は誰
3473	ウォルター・ブルース・ウィリスはどこの国で活躍した？
3475	アンハルト州の州都はどこ？
3477	タルトゥ大学はいつ設立した
3478	チェスの発祥はどこ
3479	秋田県仙北市の初代市長は誰？
3480	タンザニアの首都はどこですか？
3481	高見ダムで発電はされている？
3484	キエフはどこにありますか？
3485	ベル・ミード・プランテーションを立てたのは誰
3486	雲仙岳の山頂の高さは？
3487	古代ギリシャで物理学は研究されていた？
3490	ドイツ語は何語から派生した？
3491	イエス・キリストの最後の晩餐にユダは参加した？
3492	ジョセフ・パトリック・“ジョー”・ケネディ・シニアの出身はどこ
3496	外部監査制度が日本に導入されたのはいつ
3497	日本のテレビで、放送された初めてのアニメはなんですか？
3498	エズラ・ウェストン・ルーミス・パウンドはいつ生まれた？
3500	デンバー・アンド・リオグランデ・ウェスタン鉄道の創始者は誰
3501	木村 政彦は何歳で柔道を始めた？
3502	アドルフ・ヒトラーは喫煙したことがある？
3504	第1回スーパーボウルはいつ開催された？
3506	『エースコンバット6 解放への戦火』が発売されたのはいつ
3507	アンモナイトはいつ誕生した？
3508	コロンビア革命軍はいつ結成した？
3509	自動車競技のラリーの発祥はどこ
3510	市川團十郎はいつ生まれた？
3512	解離性同一性障害とは先天性の障害ですか？
3514	衆議院議員は何歳からなることができる？
3516	仏教徒と神道の信者ではどちらの方が多い？
3517	南海電気鉄道の本社はどこにありますか？
3518	奥州合戦はどこで行われましたか？
3519	ハンバーガーはアメリカ発祥？
3521	彭 徳懐の出身はどこ
3522	ミュージカル『キャッツ』の原作はなんですか？
3523	ブリティッシュ・コロンビア州の州都はどこ
3524	日本で最初の心療内科は何
3525	原子爆弾は長崎にいつ落とされた？
3526	原子核物理学とはどのような学問ですか？
3527	ペンギンブックスが設立されたのはいつ？
3528	ケベックの面積は？
3529	クロアチア共和国はＥＵ加盟国？
3531	ジャスコがイオンへ名称を変えたのはいつ
3533	宇宙航空研究開発機構はどこにある？
3534	ナチスドイツに虐殺されたユダヤ人の墓はどこにある
3535	骨粗鬆症の症状は何
3537	イエズス会はいつ設立された？
3538	鎖国はいつ終了した
3539	アラビア文字は右から左に読む？
3540	ギリシャ王国最後の王は誰？
3541	東大寺の最大の仏像の大きさは？
3544	ジョージ・ロジャース・クラークはいつ生まれた
3545	ウガンダに独裁政権は存在した？
3546	コソボが建国したのはいつ
3547	五大ファミリーは麻薬取引に関わる？
3549	吉田の火祭が日本三奇祭に選ばれたのはいつ
3550	日本アイ・ビー・エムが設立されたのはいつ
3551	自己啓発本、7つの習慣の著者はだれ
3552	ヤリ＝マティ・ラトバラはいつ生まれた？
3553	電車で自動運転技術は使われているか
3554	吉川 霊華はいつ生まれた？・
3555	代数幾何学とは何を研究する学問ですか？
3556	漫画「どかべん」の作者はだれ
3558	ロズウェル事件を撮影した写真はありますか？
3559	ゴルジ体の役割は何？
3560	麻雀にはいくつの種類の駒がある？
3561	村井秀夫は地下鉄サリン事件に関与したか
3562	世界初のアドベンチャーゲームは何？
3564	農林水産省はいつ設置された
3565	シカゴ・カブスが設立されたのはいつ
3566	ベンゾジアゼピンは不眠に効く？
3567	津軽には方言がありますか？
3568	カミーユ・マリー・スタマティはいつ生まれた？
3569	神戸は外国人居留地があった？
3570	遠藤周作が沈黙を発表したのはいつ
3572	『こちら葛飾区亀有公園前派出所』の本田 速人の職業は何？
3573	Ｆ1の発祥はどこ？
3574	尺八の名称の由来は何？
3575	世界最大の火山はなに
3576	氷室冴子はいつ生まれた？
3577	アメリカ合衆国が建国したのはいつ
3578	アタナギルドはいつ生まれた？
3579	浄土宗の創始者は誰？
3580	男色は江戸時代において、広く許容されていましたか？
3582	田村 駒治郎はいつ生まれた
3583	「裏技」という言葉を生んだの誰？
3584	プランテンは生で食べることができますか？
3585	海空りくのデビュー作は何？
3586	モブツ・セセ・セコ政権は独裁政権ですか？
3587	有機化学とは？
3588	シンボリルドルフが初めて参加したレースは何
3589	競馬の発祥国はどこ？
3590	アメリカン・フットボール・カンファレンスには何チーム所属していますか？
3591	大陸哲学とは何ですか？
3592	普仏戦争が起きたきっかけは何
3593	日本人で初めて100Ｍ９秒台を出した陸上選手は誰？
3594	エホバの証人の本部はどこにある？
3595	ジョン・テイラーの出身州はどこ
3596	フジヤマケンザンの馬主は誰？
3597	トロンハイムとはどこですか？
3598	コンピュータのＶＡＩＯシリーズを開発する会社は何？
3600	タニノチカラはいつ生まれた
3601	ニュージーランドの首都はどこ
3603	ライオンは群れで生活しますか？
3605	イギリス労働党は左派の政党？
3606	『ロンリーガールフィフティーン』に出演しているの人物は俳優ですか？
3607	ワインの生産量が一番多い国はどこ？
3609	オーロビンド・ゴーシュはいつ生まれた？
3610	マウリヤ朝が崩落したのはいつ？
3611	カスピ海の面積は何ＫＭ２ですか？
3612	デトロイトの主要産業は何
3613	人事院はいつ設立された
3614	トマス・ジェファーソンは何歳で死去した
3616	日本にボーイスカウトが伝わってきたのはいつ？
3617	イランの主要産業は何？
3618	小説、ロリータの著者の名前は？
3619	岡山市では路面電車が走っていますか？
3620	アルフレッド・コージブスキーの出身はどこ
3621	ニコライ2世は何歳で皇帝に即位した？
3622	ＮＧＯのグリーンピースの設立者は誰？
3623	ジョン・ホワイト・スティーブンソンが知事に選出されたのはいつ
3624	古代ギリシャに計算は存在した？
3625	コソボが独立したのはいつ
3626	ギターの発祥はどこ
3627	モータースポーツ世界選手権「フォーミュラ1」は何年にできましたか？
3628	『グランド・セフト・オートIV・ザ・ロスト・アンド・ダムド』を開発した会社は何？
3629	中華人民共和国の面積は？
3630	フリードリヒ・ハイエクはいつ生まれた
3631	アナール学派はどのような学問をする派閥ですか？
3632	年金を収めることは国民の義務か？
3633	JAXA本部はどこにある？
3634	リチャード・ペティがレーシングを始めたのはいつ？
3635	TK-80の発売当初の価格は？
3636	加瀬あつしの出身はどこ？
3637	人間に対する遺伝子操作やその研究にストップをかける団体は何
3638	伊集院光 深夜の馬鹿力の放送が始まったのはいつ
3639	昭和天皇は何歳で死去した？
3640	東京スタジアムに天井はあった？
3641	ハリエット・ビーチャー・ストウ「ヤシの葉」はノンフィクション？
3643	アンティータムの戦いの勝者は？
3644	特別支援学校では障がいのレベルや種類によりクラスは分けられる？
3645	人民元はいつから使われるようになった？
3646	ジョルダーノ・ブルーノはいつ生まれた？
3648	土砂災害を防ぐのに植林することは効果がある？
3651	南アメリカ大陸はユーラシア大陸とつながっていた？
3652	トルコ石の産出が一番多い場所はどこですか？
3653	アレクサンダー・ハミルトンはいつ生まれた
3654	胚性幹細胞を使って臓器を作ることはできる？
3655	PITAPAはいつ販売されだした
3656	ミシシッピ文化に文字はあった？
3657	日本で二重国籍は許される？
3658	全天周囲モニター・リニアシートはアニメ等で考案された技術？
3659	津軽三味線の弦はもともと何で作られていた？
3660	イタリアに現在でもモスクはある？
3661	日本ではいつ電車が導入された
3662	MLBオールスターゲームが初めて開催されたのはいつ
3663	イタリアはいつ統一されましたか？
3664	リリ・セイント・シアはいつ生まれた
3665	日本の第二次ベビーブームはいつですか？
3666	「グロ」の語源は何？
3667	明治憲法と大日本帝国憲法は同じ？
3670	ハーマン・ケインの所属政党は何？
3673	手塚治虫の『鉄腕アトム』はいつ発表されましたか？
3674	朝比奈 隆の父親は誰？
3676	カヌースポーツはオリンピック競技？
3678	ゲームの性的なコンテンツに規制をかける法律はある？
3679	フランツ・ペーター・シューベルトは何歳まで生きた？
3680	マイケル・ムアコックの出身はどこ
3681	パリ・オペラ座はいつできましたか？
3682	世界最大のカニは何？
3683	ベーリング海峡の面積は何Km2ですか？
3684	詠春拳の創始者は誰？
3685	日本は戦後賠償をすべて支払い終えた？
3686	ＵＳＢはいつ開発された
3688	ボートレースが日本で始まったのはいつ
3689	コーサ・ノストラの出身はどこ？
3691	バイオハザードシリーズの舞台は未来？
3692	アポロ号が月面に着陸したのはいつ？
3694	アテナイはいつ滅びた？
3695	阮朝で最初のベトナムの王は誰
3696	アメリカ合衆国ミシガン州の州都はどこ
3700	江戸時代に江戸で地震は起きた？
3704	張明澄はいつ生まれた？
3705	火葬場は建築する場所の規制がありますか？
3706	ロバート・パーキンス・レッチャーはどこで生まれた？
3707	ヨハネス・フェルメールの出身はどこ
3708	チューリッヒ中央駅構内にレストランはある？
3710	世界最高の火山は何
3711	黒海はトルコとも接していますか？
3712	東京ドームの隣にあるアトラクション施設は何という名前ですか？
3713	古代ギリシャで児童文学を書いた奴隷の名前は？
3715	学生ビザを持つ外国人は日本で週何時間働ける？
3716	YouTubeはいつできましたか？
3717	角淳一はいつ生まれた？
3718	ジャコモ・マイアベーアはいつ生まれた
3719	天竜川の全長は何キロメートルですか？
3720	慰安婦象を設置する韓国の非営利団体で初めて創られた団体は何
3722	YAMAHAがグランドピアノの生産を始めたのはいつ？
3723	埼玉高速鉄道株式会社はいつ設立した？
3724	フィッシャー–イェーツはいつ作成された？
3726	リヒャルト・ヴェッツはいつ生まれた？
3728	ジョン・バーゴインの出身はどこ
3731	太陽系にある惑星はいくつありますか？
3732	ドミートリイ・ショスタコーヴィチの出身は？
3733	マイナンバー・カードはどこで交付される？
3735	シーモア・クレイの出身はどこ
3736	中国が使用している暦法はなに？
3737	「宇宙戦艦ヤマトシリーズ」デスラーの性別は？
3738	フランキー・ヴァリの出身はどこ
3739	日本最初の太政大臣は誰？
3740	マレーシアの面積は
3742	空海の提唱した宗派は何
3743	サー・マーティン・フロビッシャーはいつ生まれた？
3745	スペインの首都はどこ
3746	ディズニー社の本社はどこですか？
3747	日本電気はいつ設立した？
3748	文化人類学の先駆者は誰
3749	ブルーノ・ワルターはいつ生まれた？
3752	パトロンの語源は何
3753	人種により目の色が違うのはなぜ
3754	ゲルダ・ヴィーグナーはいつ生まれた
3756	1992年ウィンザー城火災の火災の原因は何？
3758	ケンブリッジ大学はいつ創設した？
3759	ロバート・E・リー将軍の出身地はどこ？
3760	南極に初めて到達した人は誰？
3761	プッシーキャット・ドールズの結成当時のメンバー数は？
3762	バウンティ号の反乱はいつ起きた？
3763	日本でカタカナ語が生まれたのはいつ
3764	核抑止を提唱したのは誰
3765	スーフィズムは神？
3766	ユナニ医学の名称の由来は何？
3767	バルトーク・ベーラの出身はどこ
3768	アムネスティ・インターナショナルはいつ設立された
3769	琉球民族の話す言語は日本語と全く違った？
3771	ビザンツ帝国はどこにありましたか？
3772	ヨットはいつ開発された
3773	リチャード・カーンは経済学者？
3774	ジェームズ・クックはハワイを発見したころ、ハワイに先住民はいたか？
3775	性善説とはなんですか？
3776	冷戦は何年間続いた？
3777	そうりゅう型潜水艦の製造者はどこ
3778	世界で初めてオリンピックが行われたのはどこ
3779	榎本 喜八は何年に生まれましたか？
3780	シルヴィオ・ベルルスコーニは何の事業をした？
3781	フロートーの面積は？
3783	バロック風の作品の特徴はなんですか？
3784	ＴＢＳの放送はいつ開始した？
3785	米国愛国者法では移民に対しての対処が明記されていますか？
3786	ガス気球を発明したのは誰
3788	堀辰雄は何歳で死去した
3789	メジャーリーグには、フリーエージェント制はありますか？
3792	トーマス・バビントン・マコーリーの処女作は何？
3793	フランスの国旗には何色使われている？
3794	セイバーメトリクスとはどのような手法ですか？
3795	脱毛症は改善する？
3796	コミックマーケットは、日本以外にもありますか？
3797	ウィキアはいつ設立された
3798	ソフトバンクＣＥＯの孫正義の出身はどこ
3800	山口組が設立されたのはどこ
3801	フランスのレースの起源はいつ？
3804	グレン・ジェイコブズのリングデビューはいつ
3806	自民党はいつ結成した？
3807	日本政府が外国人技能実習生の受け入れを始めたのはいつ
3808	日本初のプロボクサーは誰？
3809	『こちら葛飾区亀有公園前派出所』の連載はいつから始まった
3811	ジャック・ロマン・ジョルジュ・ブレルはいつ生まれた？
3813	フィル・ジャクソンの身長は？
3814	柔道はいつ生まれた？
3815	ラーン川は全長何キロメートルですか？
3817	孫 策はいつ生まれた？
3819	アメリカ合衆国議会が発足したのはいつ
3820	満州国が建国したのはいつ
3821	『超時空要塞マクロス』の脚本担当は誰
3823	実況パワフルプロ野球でサクセスモードが初めて追加されたのはどのシリーズ？
3824	アダム・スミスの出身はどこ
3825	劉慈欣の処女作は何
3826	初代ニューヨーク市長は誰？
3828	人体にはＤＮＡがいくつある？
3829	チェコ鉄道680系電車が初めて運用された区間は？
3830	ローマ帝国でキリスト教が公認されたのはなぜですか？
3831	普仏戦争はいつ起きた？
3833	カラオケの発祥地はどこですか？
3834	ヴァイルハイム・イン・オーバーバイエルンの最大宗教は何？
3835	日間賀島の総面積は
3836	ジョージ・フォックスはいつ生まれた
3837	『ナース・ステーション』は何年から何年まで雑誌に連載されていましたか？
3838	イスラエルはいつ建国した？
3839	雇用保険が初めて日本に導入されたのはいつ？
3842	インドネシアの影で劇をする芸能の名称は？
3843	ビル・クリントンはイェール大学卒業ですか？
3845	バイエルはどこの国の会社？
3846	信濃川の全長は？
3847	ギリシャの首都はどこですか？
3848	日本で初めて経済産業省が設置されたのはいつ
3849	バルトーク・ベーラが最初につくったオペラ局は何
3850	「就職氷河期」とはいつからいつまでをいいますか？
3851	ヴィリー・ミュンツェンベルクはいつ生まれた
3852	冷戦とはなんですか？
3853	尾瀬の面積は？
3854	領収書の発行は義務？
3855	ウォーレン・マニングはいつ生まれた？
3856	ドローレス・イバルリ・ゴメスはどこで生まれた？
3857	漫画『ファイブスター物語』のモーターヘッドは操縦される？
3858	世界最古の修道院は何
3860	映画『スタートレック』が公開されたのはいつ
3861	アントニオ・カノーヴァはいつ生まれた？
3862	バック・トゥ・ザ・フューチャー PART2を脚本したのは誰？
3863	チャイコフスキーが最後に残した作品は？
3864	イオンマルシェ株式会社の「カルフール」一号店はどこ
3865	モールス信号は何年にできましたか？
3866	グリム童話はいつから出版が始まった？
3868	The KLFはいつ結成した
3869	Croteamはいつ設立した？
3870	ゲームボーイを販売した会社は何？
3873	ワシントンD.C.は州ですか？
3874	神田晶の処女作は何？
3878	ヴャチェスラフ・ミハイロヴィチ・モロトフの出身はどこ
3879	日本の神仏習合とはなんですか？
3880	ひまわりの英語の学術名は何？
3881	人類が火を使い始めたのはいつ
3882	国際航空連盟の本部はどこ？
3885	毛利輝元の出身はどこ？
3886	日本で初めて軍艦が作られたのはいつ
3887	ディアトロフ峠事件で死体はすべて見つかった？
3888	台湾初の民間の放送会社は何？
3889	寺田屋事件は西暦何年に起きた
3890	動物のうんちから作られるコーヒーのことを何という？
3892	アナーバーの面積は？
3893	『ピーター・パンとウェンディ』はいつ著された
3894	ルターはいつプロテスタントを立ち上げた？
3897	クロイツ群が初めて発見されたのはいつ
3900	スピードシンボリのデビューはいつ？
3903	オルレアン・コレクションにはレンブラントの作品は含まれますか？
3904	阪神高速道路は阪神淡路大震災で崩壊した？
3906	ケビン・エドワード・マクヘイルの出身はどこ
3907	日本でテレビ番組の放送が始まったのはいつ
3908	ジョホールバルの歓喜の時の日本チームのキャプテンは誰
3909	スティーヴン・ジェイ・グールドの宗教観は何？
3911	マイケル・ジャクソンの死因は何？
3912	『ザ・シンプソンズ』は子供向けアニメ？
3914	カナディアン・ナショナル鉄道は民間企業？
3915	フョードル・アルトゥーロヴィチ・ケールレルの出身はどこ？
3917	マーティン・マクドナーはいつ生まれた
3918	ヨハネス・フェルメールは何歳で亡くなりましたか？
3919	第1回スーパーボウルはどこで開かれた？
3921	ルイス・キャロルの出身はどこ
3922	映画会社メトロ・ゴールドウィン・メイヤー はいつ設立した？
3924	ＭＬＢでナ・リーグが開設されたのはいつ
3925	ライム病とはどのような病気ですか？
3927	田子倉ダム建設時に地元から反対運動はあった？
3928	パウロ・フレイレの提唱した教育アプローチの名前は何？
3929	国際照明委員会の本部はどこにある？
3930	フェルディナント・ポルシェの父親の職業は？
3931	フォークランド紛争当時のイギリスの首相は誰？
3932	ヒラリー・ローダム・クリントンが生まれたのはいつ？
3933	タイ文字はいつ完成した
3934	J・R・R・トールキンの出身はどこ？
3935	エリー鉄道は建設した
3936	ベトナムの通貨はなんですか？
3937	朝日放送テレビの本社はどこにありますか？
3938	バーナード・レナード・コーエンはいつ生まれた？
3940	ノルウェーの首都はどこ
3941	ティム・ダンカンはドラフト何巡目で指名された？
3942	ベティ・デイヴィスはいつ生まれた？
3944	緊急地震速報はどの機関が発表しますか？
3945	ＩＢＭの創始者は誰
3946	責任能力のない場合は刑が軽減される？
3947	シュランゲンの面積は？
3948	サンテティエンヌ国立高等鉱業学校はどこにある？
3949	カリフォルニアドチザメの歯は何本ある？
3950	ホーチミンはいつ死んだ？
3951	押尾コータローの出身はどこ
3953	インド洋は世界で一番大きい海域ですか？
3954	萩本欽一の出身はどこ
3956	エカチェリーナ2世は結婚していましたか？
3958	アーケードゲームの起源はいつ
3959	ファイナルファンタジーVIIはいつ発売された？
3960	『娼婦と淑女』の主演を務めたのは誰
3962	『魔法少女リリカルなのは』を放送するテレビ局は？
3963	第二次ポエニ戦争はいつ起きた？
3964	白血病は不治の病？
3965	『オナー・ハリントン・シリーズ』の舞台は未来？
3968	フィラデルフィアの面積は？
3969	カルガリーの人口は？
3970	ルクセンブルクの首都はどこですか？
3972	アメリカ合衆国が独立国になったのは何年ですか？
3973	オールマン・ブラザーズ・バンドの出身はどこ？
3974	スティーブ・ナッシュの出身はどこ
3975	ウェールズのモンマスの地名の由来は？
3977	ケビン・モーリス・ガーネットが最初に入団したチームは何
3978	スーダンはいつ建国した？
3979	マティリアルの馬主は誰？
3980	腎臓の人体における役割は何？
3981	坂口安吾の誕生日は？
3982	生態学とはどのような学問ですか？
3983	ポケットモンスターを捕まえるために使う道具は何ですか？
3984	英国のスパイスガールズはガール・グループですか？
3985	豊川鉄道の本社はどこにある？
3986	坪井 智哉が最初に入団したチームは何
3987	日本の戦闘機がアメリカに到達したことはある？
3988	血の中傷が実際に行われていたという証拠は残っているか
3989	五胡十六国時代が続いた期間は？
3990	カームヤネツィ＝ポジーリシクィイ の面積は？
3992	チュウゴクモクズガニは養殖できる？
3994	明治時代は何年間ありましたか？
3995	ネオプラグマティズムの提唱者は誰？
3996	鍼灸が始まったのはいつ
3997	ヨーロッパ人がアメリカに到着したのはいつ
3999	F1ドライバーには、特別な免許が必要ですか？
4000	アイルランド共和軍暫定派の結成年はいつ？
4001	陸 遜はいつ生まれた？
4002	漫画家、田中宏のデビュー作は何？
4004	イラショナル・ゲームズはどこの国の会社？
4005	スーザン・エリザベス・ライスは黒人？
4007	レムゴーの面積は？
4008	村岡山城はどこにありますか？
4009	第1上野トンネルは新幹線専用？
4010	チャタム工廠とはどこにありますか？
4011	日本で初めて政令指定都市が認定されたのはいつ？
4015	横峯さくらの父親は誰？
4016	日本は中国に対して戦後賠償をした？
4018	俳句は詩？
4019	東宝はいつ設立された？
4021	３Ｄプリンターで義足の製造がされたことはある？
4022	ポセイドーンは何の神？
4023	零式艦上戦闘機はいくつ生産された？
4024	Blizzard Entertainment社はいつ設立された
4025	ブラジルはいつ独立した？
4026	世界最古の現存する灯台は何
4028	Phormの配布したスパイウェアはなに
4029	第1回スーパーボウルのチャンピオンは？
4030	オーストラリアが建国したのはいつ
4032	日本の警察はいつ設置された？
4033	マジックマッシュルームの生産は日本で違法？
4034	フジヤマケンザンはいつ生まれた
4035	ポケットモンスター　ブラック・ホワイトはいつから販売された？
4036	栄養学の先駆者は誰
4037	初代准男爵サー・バナスター・タールトンはいつ生まれた
4038	ニューヨーク日本人学校はいつ設立した
4039	イタリア王国の初代国王は誰
4040	『こちら葛飾区亀有公園前派出所』の作者はだれ？
4042	内田 裕久の出身は？
4044	ダフィット・ヒルベルトはどこで生まれた？
4045	ダンジョンズ&ドラゴンズ でキャラクターデザインをしたのは誰？
4046	漫画家かずはじめのデビュー作は何？
4047	マイソール王国の建国者は誰？
4048	ブリティッシュ・レイランドはいつ設立した？
4049	ヨン・アイヴィデ・リンドクヴィストはホラー作家ですか？
4050	蚕生産が日本で始まったのはいつ
4052	ロック音楽が誕生したのはいつ
4055	デカン高原は面積何㎢ですか？
4056	ガラパゴス諸島にはいくつ島がありますか？
4058	デトロイトの面積は？
4060	ヘンシェルはいつ設立した？
4062	世界ラリー選手権の起源はいつ
4063	セシウムさん騒動を引き起こした番組スタッフは処分された？
4064	通勤形電車の他に、どのような電車がありますか？
4065	八木・宇田アンテナはいつ完成した？
4066	キリストが死刑にされた理由は何？
4067	雑訴決断所が設置された場所はどこ
4068	『フルメタル・パニック!』はいつ出版された？
4069	『ゲゲゲの鬼太郎』の鬼太郎は、妖怪ですか？
4071	コンラート・ヘルマン・ヨーゼフ・アデナウアーはいつ生まれた？
4072	トムラウシ山の高さは？
4075	ジェイソン・キッドが初めてプレーしたNBAチームはどこ？
4076	“ダン” ダニエル・ジャドソン・キャラハンはいつ生まれた？
4077	スペインが植民地キューバから主に輸入していた生産物はなに？
4078	ジョン・ドルトンはいつ生まれた？
4080	バイエルン州の州都はどこですか？
4081	ニコライ・ヴァシーリエヴィチ・ゴーゴリの処女作は何
4083	『ザ・フェデラリスト』の著者は何名ですか？
4084	ダーツの発祥はどこ
4085	ヴィルヘルム・ヴントは医学を勉強したことがある？
4086	ジョージ湖の戦いによる勝者は？
4087	九州大学は国立大学？
4088	アルヴィス plc社はいつ設立した
4089	中国の王朝晋はいつできましたか？
4090	著作権は著者の没後何年で切れる？
4091	通信講座によっても 教職課程の単位を取得することはできますか？
4093	ボリス・ニコラエヴィチ・エリツィンはいつ生まれた？
4094	サリー・ワイルは何年に来日した？
4095	マーガレット・ルイザ・ヴァンダービルトの出身はどこ？
4096	モーツァルトは何歳で死去した
4097	貞操帯の起源はいつ
4098	複式簿記とはなんですか？
4099	チカマウガ戦争という名前の由来は何？
4102	風力発電が初めて実施されたのはいつ
4103	ウジェーヌ・ローズ・ド・ボアルネはいつ生まれた？
4104	ワラキア公国は現在のどこの国に存在した？
4106	大学入試問題ネット投稿事件で投稿者は特定された？
4107	東芝の設立者はだれ？
4108	ミネソタ飢餓実験の被験者は何人いた？
4109	タンタルは何から発見された？
4110	自然保護団体グリーンピースの創設年は？
4113	『Cooking with Dog』を配信しているのは個人？
4114	アルマン・フィゾーの出身はどこ
4115	エロスは神？
4116	イスパニョーラ島の面積は？
4117	北朝鮮は世襲制？
4118	『ザ・トゥナイト・ショー』の初代司会者は誰
4119	飛騨川バス転落事故、災害警報は出ていた？
4120	『マディソン郡の橋』は映画化された？
4121	福島 次郎が三島由紀夫に出会ったのはいつ
4122	マラズギルトの戦い時、セルジューク朝の王は誰？
4123	ゲーム「パックマン」はいつ開発された
4124	日本でセンター試験が導入されたのはいつから
4126	西武ライオンズの本拠地球場は何？
4127	オークランド・アスレチックスの本拠地はどこ
4128	バレエの発祥はどの国ですか？
4129	松岡修造の世界ランクの最高位は何位？
4130	グレート・ノーザン鉄道ウェリントン雪崩事故により死者は出た？
4132	『萌えよ!戦車学校』の作者は誰
4133	コンピュータグラフィックスの先駆者は誰
4134	世界で最初の労働組合は？
4135	ギリシア神話で月桂樹の冠は出てくる？
4136	フランクリン・ルーズベルトの政党は何
4137	ＪＲ西日本はICカード乗車券を発行している？
4138	道上洋三は朝日放送の社員？
4140	タイの首都はどこ
4141	カール5世の出身はどこ
4144	夏休みのラジオ体操はいつから始まった？
4149	Billboard Hot 100の掲載はいつ始まった
4150	後醍醐天皇の父親の名前は？
4151	世界最大のダムは何
4152	ゼニヤッタの父親の名前は？
4153	ベドルジフ・スメタナは結婚した？
4154	フットボール・クラブ・バルセロナはどこの国にある？
4155	地政学はどのような学問ですか？
4156	オーストリアの首都はどこ
4157	株式会社エクシングの本社はどこですか？
4158	アッシリアは現在どこの国にある？
4160	南海6000系電車が導入されたのはいつ
4161	グラフィカルユーザインタフェースはいつ開発された
4162	『新世紀エヴァンゲリオン』のアスカ・ラングレーの出身はどこ
4164	地球が丸いことを提唱したのは誰
4166	キュニョーの砲車のキュニョーの職業は何だった？
4167	ミルウォーキーの主たる産業は何ですか？
4168	旅客機が初めて運用されたのはいつ
4169	パンクロックが始まったのはどこですか？
4170	日本の死刑は絞首？
4171	ニューヨーク州の州都はどこですか？
4172	ジャン=アンリ・カジミール・ファーブルは何年に生まれましたか？
4173	アメリカ例外主義の提唱者は誰
4175	水木しげるはどこの出身ですか？
4176	ボストンの面積は？
4177	MMORPG『ラグナロクオンライン』を開発した会社はなに？
4178	コンビニATMは24時間営業ですか？
4179	片山敬済の出身はどこ？
4181	『コミックボンボン』の出版はいつ始まった
4182	世田谷一家殺害事件で殺害された世帯主の職業は？
4183	アルバニアはどこの地域にある？
4185	クリスチャン4世に子どもは何人いた？
4186	アメリカではいつから映画産業が始まった？
4187	武漢市とはどこにありますか？
4188	ゲーム『System Shock』はどのゲーム機で遊べる？
4191	加藤 嘉明の出身はどこ？
4192	関西学院大学の創始者は誰？
4193	最萌トーナメントは匿名で行われている？
4195	勾留は、刑務所にされますか？
4198	カナダの初代首相は誰？
4199	現ダライ・ラマはいつチベットから亡命した？
4202	渋谷に国連大学が開設されたのはいつ
4203	二風谷ダムはいつ完成した？
4204	日本が韓国を支配したのはいつ
4205	ドイツの総面積はなんですか？
4206	儒教の祖は誰ですか？
4207	ユヴェントス・フットボール・クラブはイタリアで優勝したことがある？
4208	アッシリアはいつ誕生した？
4209	エニグマ暗号はいつ開発された
4210	ソシエテ・ジェネラルはいつ設立した
4212	ツール・ド・フランス はいつから始まった？
4213	イタリア統一戦争はいつ始まった？
4214	空手の発祥はどこ
4216	ハンガリーは何故国王不在となった
4218	ジョージ・ロジャース・クラークの出身はどこ
4219	ジャイアント馬場の生年月日は？
4220	スバス・チャンドラ・ボースはインド国民軍に所属した？
4221	サンアントニオ・スパーズの初代ヘッドコーチは誰？
4222	聖母マリアの夫は誰？
4224	成田空港管制塔占拠事件を指揮したのは誰？
4226	橋口隆志の出身はどこ
4228	京都はどこにありますか？
4229	K・エリック・ドレクスラーの出身大学はどこ？
4230	国際航空連盟はいつ設立した？
4231	オープンテキストの創始者は誰？
4232	ロールプレイングゲームとは何ですか？
4234	琉球國と日本本島の交流が始まったのはいつ
4235	アッパー半島に人は住む？
4236	レバノンにテロ組織はある？
4238	ニューヨーク市の初代市長は誰？
4240	サリー・ワイルはいつ生まれた？
4241	日本人が初めて中国大陸との交易を始めたのはいつ
4242	アレクサンダー・カルダーはいつ生まれた？
4244	パナールの創業者は誰
4245	フィロ・テイラー・ファーンズワースはいつ生まれた？
4248	ローマ教皇はどのように選ばれる
4249	鹿児島県の県庁所在地はどこ
4250	車輪が発明されたのはどこの国？
4251	F1コンストラクターとはなんですか？
4252	鎌池和馬の処女作は何
4253	スマートフォンにオペレーティングシステムは搭載されている？
4254	サッカーはどこで発祥した？
4255	森喜朗の神の国発言は批判を浴びた？
4256	角淳一が初めて担当したラジオ番組は何？
4257	『ゾイド』シリーズがアニメ化され放送が始まったのはいつ？
4258	ユーティカに山はある？
4260	エリック・ダニエル・ピエール・カントナはどこで生まれた？
4262	イージス艦を初めて開発したのはどこ
4263	工藤平助に医学を教えたのは誰
4265	ジャワハルラール・ネルーの出身はどこ？
4266	ベネディクト・アーノルド5世に子どもはいる？
4267	日本で初めて消費税が導入されたのはいつ
4270	『グランド・セフト・オートV』はオンラインゲームですか？
4271	タクシン・チナワットの所属政党は？
4273	デニス・キース・ロッドマンの出身大学はどこ
4274	セルビア救国政府を最初主導したのは誰？
4279	ジョージ・F・ケナンのｘ論文はいつ発表された？
4282	カンザスシティが設立されたのはいつ
4284	日本最南端の鉄道駅は何
4286	アメリカ公文書とは、どこに保管されていますか？
4287	車に着けられた安全装置でシートベルト以外の物はなんですか？
4289	宇田新太郎の出身大学は何
4290	『週刊少年マガジン』を発刊している出版社はどこですか？
4291	西武モハ101形電車は何色でしたか？
4292	コンコルド墜落事故による死者の数は？
4293	灯台はいつから存在する？
4294	ロシア革命が起きたのはいつ？
4295	ヒトラーが死んだのはいつ？
4296	水力発電技術はいつ開発された
4297	日本新党はいつ結成した？
4298	ニューヨークにはいくつの路線が走っている？
4299	欧州連合加盟国は何か国ですか？
4300	小泉純一郎の出身はどこ？
4301	ポーランド王国はいつ建国された？
4302	日本で コミュニティ放送が始まったのはいつから
4303	百年戦争のターニングポイントは何
4304	コメルツ銀行の創始者は誰？
4305	免税店はなぜ税金がかからない？
4306	ギリシア神話に神はいくつ登場する
4307	『鋼の錬金術師』のアニメ版の放送はいつ開始した
4308	クレタ島の面積は？
4310	声優という職業はいつからありますか？
4313	オーストリア共和国の首都はどこ？
4314	ラクトースの分解が出来ない人がいる？
4315	神戸連続児童殺傷事件の少年Ａは何人殺害した
4317	デイヴィッド・ヒュームの出身はどこ
4318	日本初のクイズ番組は何？
4319	ルドルフ・ウィリアム・ルイス・ジュリアーニ3世はいつ生まれた？
4320	フランスの国歌はなに？
4323	朝鮮民主主義人民共和国に仏教が伝来したのはいつ
4324	宝塚劇団を始めた阪急電鉄の社長は誰ですか？
4326	タンパク質は何から生成される
4327	デュアルクラッチトランスミッションを初めて導入した車は何？
4328	ジョン・コンウェイの出身はどこ
4329	石ノ森章太郎の出身はどこ？
4330	山口組が設立されたのはいつ
4331	プライスウォーターハウスクーパースはいつ設立した
4333	ケイルハウイアの大きさは？
4334	気象庁はいつ設置された
4335	横峯 良郎に子どもは何人いる？
4336	コロラド州デンバーのユニオン駅はいつ完成した？
4337	サザン・ロックの起源はいつ
4338	賠償責任保険が日本に導入されたのはいつ
4340	アメリカにおけるアニメーション映画の起源は？
4341	伊藤博文が総理大臣を辞任した原因は何
4342	自由帝国都市に君主はいるか？
4343	乗車整理券の販売はいつ始まった？
4344	ニーマン・ピック病患者が初めて診断されたのはいつ？
4345	Sierra Entertainmentの創設者は誰？
4346	コングリーヴ・ロケットが戦争に使われたことはある？
4347	三原 脩が最初に監督したチームはどこ？
4348	水球の起源はいつ
4350	周 恩来は何年に生まれましたか？
4351	ウィリアム・ジャスタス・ゴーベルの出身はどこ
4352	保守派が右になった理由は？
4353	アベベ・ビキラはどこの部族出身？
4354	エリック・レイモンドの出身はどこ
4355	アメリカ航空宇宙局とはNASAのことですか？
4356	新潟少女監禁事件で発見当時の少女の健康状態は？
4357	リチャード・ベルマンはいつ生まれた？
4358	日本のベビーブームのきっかけは？
4360	アメリカ国立フィルム登録簿とはどこに保管されていますか？
4362	バージニア州には郡がいくつある？
4363	モータースポーツの発祥はどこ
4364	ティーガーIの重量は？
4365	ウィリアム・ハンナの出身はどこ
4366	テレビ東京はいつ放送を開始した
4368	ヘルフォルト郡の主要産業は
4369	北上川の全長は何キロメートルですか？
4370	ムハマド・ユヌスは経済学者？
4371	初代グラディウスシリーズはいつ発売された？
4376	ジョーン・フォンテインはどこで生まれた？
4377	日本にプロレスが伝わってきたのはいつ？
4378	全体主義の思想が生まれたのはいつごろ
4379	エジプトのアスワンダムはいつ建設された
4380	世界最古の航空母艦は何？
4381	ステファン・ゲーリー・ウォズニアックの出身はどこ
4382	リヒャルト・ゾルゲの出身はどこ
4383	ムーミンのキャラクターデザインをしたのは誰
4385	ユヴェントス・フットボール・クラブはいつ設立した
4386	『機動戦士ガンダムSEED DESTINY』が放送された期間は？
4387	ロイ・クラクストン・エイカフはいつ生まれた？
4388	カントリー・ミュージックが発祥した場所はどこ？
4390	エリオット・スミスは何歳から音楽活動を始めた？
4392	ザ・ビートルズ がポーズをとって有名になった横断歩道はどこの通りにありますか？
4394	台湾の通貨は何？
4395	ヨーゼフ・ボイスはいつ生まれた
4396	根本 陸夫の引退年は？
4398	ペナン島はどこの国に属する？
4399	神聖ローマ皇帝カール6世の妻は誰だった？
4400	リチャード・ケレンス・サザランドはいつ死んだ？
4401	タツノコプロはいつ設立された
4402	レーニンはいつ死去した？
4403	共産党宣言が出版されたのはいつ
4404	エドワード・ダグラス・ホワイトの出身はどこ
4406	琵琶法師はいつ誕生した？
4408	芦ノ湖にオオクチバスを放流したのは誰
4409	ナタリー・ポートマンの出身はどこ？
4410	弁慶は、どのように亡くなりましたか？
4411	楽天イーグルズの本拠地はどこですか？
4412	阪神3011形電車の車体の主な色は？
4415	精神分析の先駆者はだれ？
4416	竜のモデルとなっている生物は何？
4417	モーツァルトは何歳で音楽活動をはじめた
4418	サービス・ラーニングの提唱者は誰？
4420	モンゴルのルーシ侵攻を率いたのは誰
4421	窒素の沸点は何度？
4422	ドロシー・デイはいつ生まれた？
4424	ジャック・アレヴィはユダヤ人？
4425	グリーンマーケティングを始めた団体は何？
4426	ルーマニアに国教はある？
4427	Uボートとはどのようなボートですか？
4428	雷は高い物に落ちやすい？
4429	宇喜多直家の出身はどこ？
4430	『ディアブロ』はコンピューター専用ゲーム？
4432	萩原健一の初主演作品は何？
4434	シャルリー・エブドの設立者は誰？
4435	サッカーはいつ生まれた？
4436	武豊騎手の出身地はどこですか？
4437	ホットヨガの発祥はどこ
4438	日立柏サッカー場はいつ完成した
4439	20世紀フォックスの創社はいつですか？
4440	トマス・モアが「ユートピア」という言葉を生み出した？
4442	最古の朝鮮文学はなんの文字で書かれた？
4443	ノルトライン＝ヴェストファーレン州の州都はどこですか？
4444	イラク戦争はいつ始まった？
4445	NHKラジオ第1放送ではニュース番組はある？
4448	モンロー砦はどこの国の軍事施設？
4450	マンモス・ケーブ国立公園が国立公園に指定されたのはいつ
4451	香港上海銀行はいつ設立された
4452	ロンドンに地下鉄はある？
4454	大化の改新はいつ起きた
4455	接吻は性行為になる？
4456	エマヌエル・カントの出身はどこ
4457	シュマレンベルク市の人口は？
4459	ジョン万次郎はどこの国で捕鯨船に乗っていましたか？
4461	ジャック・デリダはいつ生まれた
4462	世界ラリー選手権 で競技中に死者が出たことはある？
4463	トニー・スカームはいつ生まれた
4464	トーリー党の名前の由来は？
4465	吉田郡山城は現存する？
4466	福沢諭吉はいつからお札に印刷されるようになった
4467	ふるさと納税が始まったのはいつ？
4468	チャールズ・ロバート“チャーリー”ワッツの出身はどこ
4469	人工降雪機を発明したのは誰？
4470	最初のアメリカ合衆国下院議長はだれですか？
4474	インドネシアの首都はどこ
4475	王 浚はいつ生まれた
4476	ポーランド王兼リトアニア大公ヨガイラの父親は誰？
4480	サー・アーサー・スタンレー・エディントンの出身はどこ
4482	ブルーノ・ワルターはユダヤ人？
4483	ベリー・ゴーディー・ジュニアはいつ生まれた？
4485	ボルチモア・アンド・オハイオ鉄道の創始者は誰？
4487	創価学会は仏教系？
4488	ソフトバンクの創業はいつですか？
4489	ジャコモ・マイアベーアの出身はどこ
4492	ピッツバーグの面積は？
4494	WEBサイト『マンガボックス』は有料で漫画を販売する？
4495	アメリカの大統領はアメリカ軍の指導権を持つ？
4496	ブライアン・マイケル・ベンディスの出身はどこ？
4498	伊達公子は何歳でテニスを始めた
4499	ユタ州ソルトレイクシティを開拓したのは誰？
4501	記録される中で最古の富士山の噴火記録はいつ？
4502	自動車教習所に通わなくても運転免許を取得することはできる？
4503	フラッシュメモリを開発したのは誰
4506	マージョリー・ストーンマン・ダグラスの出身大学はどこ
4508	ABCのテレビシリーズ『LOST』が最初に放送されたのはいつ
4509	スイスの通貨はなんですか？
4510	千曲川の全長は？
4512	坂口安吾の出身は？
4513	衆議院はいつ設置された？
4514	ビクラムヨガの考案者は誰？
4515	ミハイル・パーヴロヴィチ・サーブリンはいつ生まれた？
4516	片山まさゆきの出身はどこ
4517	ドウェイン・タイロン・ウェイド・ジュニアのポジションは？
4520	クリスティーヌ・デルフィはいつ生まれた？
4521	合気道の創始者はだれ
4522	バイエルン州は、ドイツ共和国前には公国でしたか？
4524	初めて出た Free-to-playゲームは何
4525	日本で司法書士が誕生したのはいつ
4526	シンガポールの戦いは陸上戦？
4527	宝塚記念は何年から行われていますか？
4528	名鉄3700系電車の色は？
4529	横浜スタジアムはどこにありますか？
4530	日本で水力発電が始まったのはいつ
4531	明治チョコレートの販売はいつ始まった
4533	ゲルハルト・ベルガーが初めて優勝したレースは何？
4534	タンネンベルクの戦いの勝者は？
4535	ムアンマル・アル＝カッザーフィーはどのように亡くなりましたか？
4536	バレンシア王国の公用語は何だった
4539	ダビッド・アルファロ・シケイロスの出身はどこ
4540	藤原 頼通に兄弟はいる？
4541	八甲田雪中行軍遭難事件死亡者の主な死因は？
4542	ケビン・ウェイン・デュラントは何年にプロバスケットボール選手になりましたか？
4543	ラーゲの面積は？
4544	ロバート・A・ハインラインの出身はどこ
4545	江川 卓の出身高校は？
4547	チェスはどこで発祥した？
4549	フランク・ウィリアムズは元レーサー？
4550	『ウィザードリィ』は何年に発売されましたか？
4551	ヴィム・ホフはいつ生まれた？
4552	ボクシング漫画『あしたのジョー』はいつ発表されましたか？
4553	川田 利明は何年に生まれましたか？
4554	ラクトフェリンはいつ発見された？
4555	個人競技にチームオーダーは存在する？
4556	電子が発見されたのはいつ
4557	寺沢武一の漫画『コブラ』の主人公の名前は？
4558	コンテナの原材料はなんですか？
4559	大日本東京野球倶楽部が発足したのはいつ
4560	由美かおるが生まれたのはいつ？
4562	蒋 介石は戦争に参加したことはある？
4563	カプコンはいつ設立した？
4564	ソドミー法は性行為を生殖のための行為と定義している？
4565	ガリッサ大学襲撃事件の襲撃犯は死んだ？
4566	ピタゴラスの出身はどこ？
4568	怪盗ルパンの作者は誰
4570	ガンビアの公用語は何？
4572	株式会社ポケモンはいつ設立された？
4573	相撲の年寄はどのような立場ですか？
4575	近畿日本鉄道はいつ設立した
4576	レンズ付きフィルムを初めて販売した会社はどこ
4577	ヴィクトリア朝はいつ起きた？
4578	ルイ13世の出身はどこ
4581	自由民主党はいつ結成した？
4582	ルイ14世はいつ誕生した
4583	八百屋お七の放火事件死者は出た？
4584	アムネスティ・インターナショナルの創始者は誰？
4585	ジェイムズ・テリー・サンフォードの政党は？
4586	ドイツは何年にドイツ共和国になりましたか？
4590	アニメ『聖闘士星矢』はいつ放送された
4591	ヘルマン・シュミッツはどこの州で生まれた？
4593	ユーゴスラビアは共産主義国家？
4594	オビ＝ワン・ケノービの師匠は誰ですか？
4597	デヴォンシャー・ハウスは現存する？
4598	寺沢武一の漫画『コブラ』が掲載されたのはいつ？
4599	地球が丸いと証明したのは誰
4600	芸能人親族生活保護受給騒動を初めて取り上げた雑誌は何？
4601	遠隔教育が始まったのはいつ
4602	デトモルトの面積は？
4603	田村 駒治郎の生まれはどこ
4604	ウィリアム・ジョン・"ビリー"・カニンガムの現役時代の身長は？
4605	遊牧民とは何ですか？
4606	小栗虫太郎の人外魔境の主人公の名前は？
4610	国防総省の本部はどこ
4611	国防総省外国語学校はどこにある
4612	第二次カッペル戦争はあった？
4613	本の電子化が始まったのはいつ
4614	香港はいつ返還された
4616	最古の駆逐艦は何？
4617	イングランド法は現在でも適用される
4618	NCAAには何チームありますか？
4619	映画『国王イシュトヴァーン』の監督は誰
4620	鳥山明の出身地はどこですか？
4621	カタルーニャはどこにある？
4622	カール・ライムント・ポパーはいつ生まれた？
4623	開国に踏み切った当時の江戸幕府藩主は誰？
4624	発見された中で一番明るい恒星は何？
4626	日本最大の宗教は何？
4627	コソボの初代大統領は誰？
4628	ギュスターヴ・シャルパンティエはいつ生まれた？
4630	ブラームスの出身はどこ？
